{"data":[{"AllowedToDelegate": [], "ObjectIdentifier": "NORTH.SEVENKINGDOMS.LOCAL-S-1-5-20", "PrimaryGroupSID": null, "Properties": {"domain": "NORTH.SEVENKINGDOMS.LOCAL", "domainsid": "S-1-5-21-1252223512-2665318757-2669098637", "name": "NT AUTHORITY@NORTH.SEVENKINGDOMS.LOCAL", "highvalue": false}, "Aces": [], "SPNTargets": [], "HasSIDHistory": [], "IsDeleted": false, "ContainedBy": null, "IsACLProtected": false},{"AllowedToDelegate": [], "ObjectIdentifier": "S-1-5-21-1252223512-2665318757-2669098637-1121", "PrimaryGroupSID": "S-1-5-21-1252223512-2665318757-2669098637-513", "ContainedBy": null, "Properties": {"name": "SQL_SVC@NORTH.SEVENKINGDOMS.LOCAL", "domain": "NORTH.SEVENKINGDOMS.LOCAL", "domainsid": "S-1-5-21-1252223512-2665318757-2669098637", "highvalue": false, "distinguishedname": "CN=SQL_SVC,CN=USERS,DC=NORTH,DC=SEVENKINGDOMS,DC=LOCAL", "unconstraineddelegation": false, "trustedtoauth": false, "passwordnotreqd": false, "enabled": true, "lastlogon": 1712612182, "lastlogontimestamp": 1712610762, "pwdlastset": 1712608709, "dontreqpreauth": false, "pwdneverexpires": true, "sensitive": false, "serviceprincipalnames": ["MSSQLSvc/castelblack.north.sevenkingdoms.local", "MSSQLSvc/castelblack.north.sevenkingdoms.local:1433"], "hasspn": true, "displayname": null, "email": null, "title": null, "homedirectory": null, "description": "sql service", "userpassword": null, "admincount": false, "sidhistory": [], "whencreated": 1712608709, "unixpassword": null, "unicodepassword": null, "logonscript": null, "samaccountname": "sql_svc", "sfupassword": null, "isaclprotected": false}, "Aces": [{"RightName": "Owns", "IsInherited": false, "PrincipalSID": "S-1-5-21-1252223512-2665318757-2669098637-512", "PrincipalType": "Group"}, {"RightName": "GenericAll", "IsInherited": false, "PrincipalSID": "S-1-5-21-1252223512-2665318757-2669098637-512", "PrincipalType": "Group"}, {"RightName": "GenericAll", "IsInherited": false, "PrincipalSID": "NORTH.SEVENKINGDOMS.LOCAL-S-1-5-32-548", "PrincipalType": "Group"}, {"RightName": "AddKeyCredentialLink", "IsInherited": true, "PrincipalSID": "S-1-5-21-1252223512-2665318757-2669098637-526", "PrincipalType": "Group"}, {"RightName": "AddKeyCredentialLink", "IsInherited": true, "PrincipalSID": "S-1-5-21-1032618810-739172636-1489167904-527", "PrincipalType": "Group"}, {"RightName": "GenericAll", "IsInherited": true, "PrincipalSID": "S-1-5-21-1032618810-739172636-1489167904-519", "PrincipalType": "Group"}, {"RightName": "GenericWrite", "IsInherited": true, "PrincipalSID": "NORTH.SEVENKINGDOMS.LOCAL-S-1-5-32-544", "PrincipalType": "Group"}, {"RightName": "WriteOwner", "IsInherited": true, "PrincipalSID": "NORTH.SEVENKINGDOMS.LOCAL-S-1-5-32-544", "PrincipalType": "Group"}, {"RightName": "AllExtendedRights", "IsInherited": true, "PrincipalSID": "NORTH.SEVENKINGDOMS.LOCAL-S-1-5-32-544", "PrincipalType": "Group"}, {"RightName": "WriteDacl", "IsInherited": true, "PrincipalSID": "NORTH.SEVENKINGDOMS.LOCAL-S-1-5-32-544", "PrincipalType": "Group"}], "SPNTargets": [], "HasSIDHistory": [], "IsDeleted": false, "IsACLProtected": false},{"AllowedToDelegate": [], "ObjectIdentifier": "S-1-5-21-1252223512-2665318757-2669098637-1120", "PrimaryGroupSID": "S-1-5-21-1252223512-2665318757-2669098637-513", "ContainedBy": null, "Properties": {"name": "JEOR.MORMONT@NORTH.SEVENKINGDOMS.LOCAL", "domain": "NORTH.SEVENKINGDOMS.LOCAL", "domainsid": "S-1-5-21-1252223512-2665318757-2669098637", "highvalue": false, "distinguishedname": "CN=JEOR.MORMONT,CN=USERS,DC=NORTH,DC=SEVENKINGDOMS,DC=LOCAL", "unconstraineddelegation": false, "trustedtoauth": false, "passwordnotreqd": false, "enabled": true, "lastlogon": 0, "lastlogontimestamp": -11644473600, "pwdlastset": 1712608703, "dontreqpreauth": false, "pwdneverexpires": true, "sensitive": false, "serviceprincipalnames": [], "hasspn": false, "displayname": null, "email": null, "title": null, "homedirectory": null, "description": "Jeor Mormont", "userpassword": null, "admincount": false, "sidhistory": [], "whencreated": 1712608703, "unixpassword": null, "unicodepassword": null, "logonscript": null, "samaccountname": "jeor.mormont", "sfupassword": null, "isaclprotected": false}, "Aces": [{"RightName": "Owns", "IsInherited": false, "PrincipalSID": "S-1-5-21-1252223512-2665318757-2669098637-512", "PrincipalType": "Group"}, {"RightName": "GenericAll", "IsInherited": false, "PrincipalSID": "S-1-5-21-1252223512-2665318757-2669098637-512", "PrincipalType": "Group"}, {"RightName": "GenericAll", "IsInherited": false, "PrincipalSID": "NORTH.SEVENKINGDOMS.LOCAL-S-1-5-32-548", "PrincipalType": "Group"}, {"RightName": "AddKeyCredentialLink", "IsInherited": true, "PrincipalSID": "S-1-5-21-1252223512-2665318757-2669098637-526", "PrincipalType": "Group"}, {"RightName": "AddKeyCredentialLink", "IsInherited": true, "PrincipalSID": "S-1-5-21-1032618810-739172636-1489167904-527", "PrincipalType": "Group"}, {"RightName": "GenericAll", "IsInherited": true, "PrincipalSID": "S-1-5-21-1032618810-739172636-1489167904-519", "PrincipalType": "Group"}, {"RightName": "GenericWrite", "IsInherited": true, "PrincipalSID": "NORTH.SEVENKINGDOMS.LOCAL-S-1-5-32-544", "PrincipalType": "Group"}, {"RightName": "WriteOwner", "IsInherited": true, "PrincipalSID": "NORTH.SEVENKINGDOMS.LOCAL-S-1-5-32-544", "PrincipalType": "Group"}, {"RightName": "AllExtendedRights", "IsInherited": true, "PrincipalSID": "NORTH.SEVENKINGDOMS.LOCAL-S-1-5-32-544", "PrincipalType": "Group"}, {"RightName": "WriteDacl", "IsInherited": true, "PrincipalSID": "NORTH.SEVENKINGDOMS.LOCAL-S-1-5-32-544", "PrincipalType": "Group"}], "SPNTargets": [], "HasSIDHistory": [], "IsDeleted": false, "IsACLProtected": false},{"AllowedToDelegate": [], "ObjectIdentifier": "S-1-5-21-1252223512-2665318757-2669098637-1119", "PrimaryGroupSID": "S-1-5-21-1252223512-2665318757-2669098637-513", "ContainedBy": null, "Properties": {"name": "SAMWELL.TARLY@NORTH.SEVENKINGDOMS.LOCAL", "domain": "NORTH.SEVENKINGDOMS.LOCAL", "domainsid": "S-1-5-21-1252223512-2665318757-2669098637", "highvalue": false, "distinguishedname": "CN=SAMWELL.TARLY,CN=USERS,DC=NORTH,DC=SEVENKINGDOMS,DC=LOCAL", "unconstraineddelegation": false, "trustedtoauth": false, "passwordnotreqd": false, "enabled": true, "lastlogon": 0, "lastlogontimestamp": -11644473600, "pwdlastset": 1712608698, "dontreqpreauth": false, "pwdneverexpires": true, "sensitive": false, "serviceprincipalnames": [], "hasspn": false, "displayname": null, "email": null, "title": null, "homedirectory": null, "description": "Samwell Tarly (Password : Heartsbane)", "userpassword": null, "admincount": false, "sidhistory": [], "whencreated": 1712608698, "unixpassword": null, "unicodepassword": null, "logonscript": null, "samaccountname": "samwell.tarly", "sfupassword": null, "isaclprotected": false}, "Aces": [{"RightName": "Owns", "IsInherited": false, "PrincipalSID": "S-1-5-21-1252223512-2665318757-2669098637-512", "PrincipalType": "Group"}, {"RightName": "GenericAll", "IsInherited": false, "PrincipalSID": "S-1-5-21-1252223512-2665318757-2669098637-512", "PrincipalType": "Group"}, {"RightName": "GenericAll", "IsInherited": false, "PrincipalSID": "NORTH.SEVENKINGDOMS.LOCAL-S-1-5-32-548", "PrincipalType": "Group"}, {"RightName": "AddKeyCredentialLink", "IsInherited": true, "PrincipalSID": "S-1-5-21-1252223512-2665318757-2669098637-526", "PrincipalType": "Group"}, {"RightName": "AddKeyCredentialLink", "IsInherited": true, "PrincipalSID": "S-1-5-21-1032618810-739172636-1489167904-527", "PrincipalType": "Group"}, {"RightName": "GenericAll", "IsInherited": true, "PrincipalSID": "S-1-5-21-1032618810-739172636-1489167904-519", "PrincipalType": "Group"}, {"RightName": "GenericWrite", "IsInherited": true, "PrincipalSID": "NORTH.SEVENKINGDOMS.LOCAL-S-1-5-32-544", "PrincipalType": "Group"}, {"RightName": "WriteOwner", "IsInherited": true, "PrincipalSID": "NORTH.SEVENKINGDOMS.LOCAL-S-1-5-32-544", "PrincipalType": "Group"}, {"RightName": "AllExtendedRights", "IsInherited": true, "PrincipalSID": "NORTH.SEVENKINGDOMS.LOCAL-S-1-5-32-544", "PrincipalType": "Group"}, {"RightName": "WriteDacl", "IsInherited": true, "PrincipalSID": "NORTH.SEVENKINGDOMS.LOCAL-S-1-5-32-544", "PrincipalType": "Group"}], "SPNTargets": [], "HasSIDHistory": [], "IsDeleted": false, "IsACLProtected": false},{"AllowedToDelegate": [], "ObjectIdentifier": "S-1-5-21-1252223512-2665318757-2669098637-1117", "PrimaryGroupSID": "S-1-5-21-1252223512-2665318757-2669098637-513", "ContainedBy": null, "Properties": {"name": "HODOR@NORTH.SEVENKINGDOMS.LOCAL", "domain": "NORTH.SEVENKINGDOMS.LOCAL", "domainsid": "S-1-5-21-1252223512-2665318757-2669098637", "highvalue": false, "distinguishedname": "CN=HODOR,CN=USERS,DC=NORTH,DC=SEVENKINGDOMS,DC=LOCAL", "unconstraineddelegation": false, "trustedtoauth": false, "passwordnotreqd": false, "enabled": true, "lastlogon": 1712797100, "lastlogontimestamp": 1712762953, "pwdlastset": 1712608686, "dontreqpreauth": false, "pwdneverexpires": true, "sensitive": false, "serviceprincipalnames": [], "hasspn": false, "displayname": null, "email": null, "title": null, "homedirectory": null, "description": "Brainless Giant", "userpassword": null, "admincount": false, "sidhistory": [], "whencreated": 1712608686, "unixpassword": null, "unicodepassword": null, "logonscript": null, "samaccountname": "hodor", "sfupassword": null, "isaclprotected": false}, "Aces": [{"RightName": "Owns", "IsInherited": false, "PrincipalSID": "S-1-5-21-1252223512-2665318757-2669098637-512", "PrincipalType": "Group"}, {"RightName": "GenericAll", "IsInherited": false, "PrincipalSID": "S-1-5-21-1252223512-2665318757-2669098637-512", "PrincipalType": "Group"}, {"RightName": "GenericAll", "IsInherited": false, "PrincipalSID": "NORTH.SEVENKINGDOMS.LOCAL-S-1-5-32-548", "PrincipalType": "Group"}, {"RightName": "AddKeyCredentialLink", "IsInherited": true, "PrincipalSID": "S-1-5-21-1252223512-2665318757-2669098637-526", "PrincipalType": "Group"}, {"RightName": "AddKeyCredentialLink", "IsInherited": true, "PrincipalSID": "S-1-5-21-1032618810-739172636-1489167904-527", "PrincipalType": "Group"}, {"RightName": "GenericAll", "IsInherited": true, "PrincipalSID": "S-1-5-21-1032618810-739172636-1489167904-519", "PrincipalType": "Group"}, {"RightName": "GenericWrite", "IsInherited": true, "PrincipalSID": "NORTH.SEVENKINGDOMS.LOCAL-S-1-5-32-544", "PrincipalType": "Group"}, {"RightName": "WriteOwner", "IsInherited": true, "PrincipalSID": "NORTH.SEVENKINGDOMS.LOCAL-S-1-5-32-544", "PrincipalType": "Group"}, {"RightName": "AllExtendedRights", "IsInherited": true, "PrincipalSID": "NORTH.SEVENKINGDOMS.LOCAL-S-1-5-32-544", "PrincipalType": "Group"}, {"RightName": "WriteDacl", "IsInherited": true, "PrincipalSID": "NORTH.SEVENKINGDOMS.LOCAL-S-1-5-32-544", "PrincipalType": "Group"}], "SPNTargets": [], "HasSIDHistory": [], "IsDeleted": false, "IsACLProtected": false},{"AllowedToDelegate": [], "ObjectIdentifier": "S-1-5-21-1252223512-2665318757-2669098637-1116", "PrimaryGroupSID": "S-1-5-21-1252223512-2665318757-2669098637-513", "ContainedBy": null, "Properties": {"name": "RICKON.STARK@NORTH.SEVENKINGDOMS.LOCAL", "domain": "NORTH.SEVENKINGDOMS.LOCAL", "domainsid": "S-1-5-21-1252223512-2665318757-2669098637", "highvalue": false, "distinguishedname": "CN=RICKON.STARK,CN=USERS,DC=NORTH,DC=SEVENKINGDOMS,DC=LOCAL", "unconstraineddelegation": false, "trustedtoauth": false, "passwordnotreqd": false, "enabled": true, "lastlogon": 0, "lastlogontimestamp": -11644473600, "pwdlastset": 1712608681, "dontreqpreauth": false, "pwdneverexpires": true, "sensitive": false, "serviceprincipalnames": [], "hasspn": false, "displayname": null, "email": null, "title": null, "homedirectory": null, "description": "Rickon Stark", "userpassword": null, "admincount": false, "sidhistory": [], "whencreated": 1712608681, "unixpassword": null, "unicodepassword": null, "logonscript": null, "samaccountname": "rickon.stark", "sfupassword": null, "isaclprotected": false}, "Aces": [{"RightName": "Owns", "IsInherited": false, "PrincipalSID": "S-1-5-21-1252223512-2665318757-2669098637-512", "PrincipalType": "Group"}, {"RightName": "GenericAll", "IsInherited": false, "PrincipalSID": "S-1-5-21-1252223512-2665318757-2669098637-512", "PrincipalType": "Group"}, {"RightName": "GenericAll", "IsInherited": false, "PrincipalSID": "NORTH.SEVENKINGDOMS.LOCAL-S-1-5-32-548", "PrincipalType": "Group"}, {"RightName": "AddKeyCredentialLink", "IsInherited": true, "PrincipalSID": "S-1-5-21-1252223512-2665318757-2669098637-526", "PrincipalType": "Group"}, {"RightName": "AddKeyCredentialLink", "IsInherited": true, "PrincipalSID": "S-1-5-21-1032618810-739172636-1489167904-527", "PrincipalType": "Group"}, {"RightName": "GenericAll", "IsInherited": true, "PrincipalSID": "S-1-5-21-1032618810-739172636-1489167904-519", "PrincipalType": "Group"}, {"RightName": "GenericWrite", "IsInherited": true, "PrincipalSID": "NORTH.SEVENKINGDOMS.LOCAL-S-1-5-32-544", "PrincipalType": "Group"}, {"RightName": "WriteOwner", "IsInherited": true, "PrincipalSID": "NORTH.SEVENKINGDOMS.LOCAL-S-1-5-32-544", "PrincipalType": "Group"}, {"RightName": "AllExtendedRights", "IsInherited": true, "PrincipalSID": "NORTH.SEVENKINGDOMS.LOCAL-S-1-5-32-544", "PrincipalType": "Group"}, {"RightName": "WriteDacl", "IsInherited": true, "PrincipalSID": "NORTH.SEVENKINGDOMS.LOCAL-S-1-5-32-544", "PrincipalType": "Group"}], "SPNTargets": [], "HasSIDHistory": [], "IsDeleted": false, "IsACLProtected": false},{"AllowedToDelegate": [], "ObjectIdentifier": "S-1-5-21-1252223512-2665318757-2669098637-1113", "PrimaryGroupSID": "S-1-5-21-1252223512-2665318757-2669098637-513", "ContainedBy": null, "Properties": {"name": "ROBB.STARK@NORTH.SEVENKINGDOMS.LOCAL", "domain": "NORTH.SEVENKINGDOMS.LOCAL", "domainsid": "S-1-5-21-1252223512-2665318757-2669098637", "highvalue": false, "distinguishedname": "CN=ROBB.STARK,CN=USERS,DC=NORTH,DC=SEVENKINGDOMS,DC=LOCAL", "unconstraineddelegation": false, "trustedtoauth": false, "passwordnotreqd": false, "enabled": true, "lastlogon": 1712797790, "lastlogontimestamp": 1712612517, "pwdlastset": 1712608661, "dontreqpreauth": false, "pwdneverexpires": true, "sensitive": false, "serviceprincipalnames": [], "hasspn": false, "displayname": null, "email": null, "title": null, "homedirectory": null, "description": "Robb Stark", "userpassword": null, "admincount": true, "sidhistory": [], "whencreated": 1712608660, "unixpassword": null, "unicodepassword": null, "logonscript": null, "samaccountname": "robb.stark", "sfupassword": null, "isaclprotected": true}, "Aces": [{"RightName": "Owns", "IsInherited": false, "PrincipalSID": "S-1-5-21-1252223512-2665318757-2669098637-512", "PrincipalType": "Group"}, {"RightName": "GenericWrite", "IsInherited": false, "PrincipalSID": "S-1-5-21-1252223512-2665318757-2669098637-512", "PrincipalType": "Group"}, {"RightName": "WriteOwner", "IsInherited": false, "PrincipalSID": "S-1-5-21-1252223512-2665318757-2669098637-512", "PrincipalType": "Group"}, {"RightName": "AllExtendedRights", "IsInherited": false, "PrincipalSID": "S-1-5-21-1252223512-2665318757-2669098637-512", "PrincipalType": "Group"}, {"RightName": "WriteDacl", "IsInherited": false, "PrincipalSID": "S-1-5-21-1252223512-2665318757-2669098637-512", "PrincipalType": "Group"}, {"RightName": "GenericWrite", "IsInherited": false, "PrincipalSID": "S-1-5-21-1032618810-739172636-1489167904-519", "PrincipalType": "Group"}, {"RightName": "WriteOwner", "IsInherited": false, "PrincipalSID": "S-1-5-21-1032618810-739172636-1489167904-519", "PrincipalType": "Group"}, {"RightName": "AllExtendedRights", "IsInherited": false, "PrincipalSID": "S-1-5-21-1032618810-739172636-1489167904-519", "PrincipalType": "Group"}, {"RightName": "WriteDacl", "IsInherited": false, "PrincipalSID": "S-1-5-21-1032618810-739172636-1489167904-519", "PrincipalType": "Group"}, {"RightName": "GenericWrite", "IsInherited": false, "PrincipalSID": "NORTH.SEVENKINGDOMS.LOCAL-S-1-5-32-544", "PrincipalType": "Group"}, {"RightName": "WriteOwner", "IsInherited": false, "PrincipalSID": "NORTH.SEVENKINGDOMS.LOCAL-S-1-5-32-544", "PrincipalType": "Group"}, {"RightName": "AllExtendedRights", "IsInherited": false, "PrincipalSID": "NORTH.SEVENKINGDOMS.LOCAL-S-1-5-32-544", "PrincipalType": "Group"}, {"RightName": "WriteDacl", "IsInherited": false, "PrincipalSID": "NORTH.SEVENKINGDOMS.LOCAL-S-1-5-32-544", "PrincipalType": "Group"}], "SPNTargets": [], "HasSIDHistory": [], "IsDeleted": false, "IsACLProtected": true},{"AllowedToDelegate": [{"ObjectIdentifier": "S-1-5-21-1252223512-2665318757-2669098637-1001", "ObjectType": "Computer"}, {"ObjectIdentifier": "S-1-5-21-1252223512-2665318757-2669098637-1001", "ObjectType": "Computer"}], "ObjectIdentifier": "S-1-5-21-1252223512-2665318757-2669098637-1118", "PrimaryGroupSID": "S-1-5-21-1252223512-2665318757-2669098637-513", "ContainedBy": null, "Properties": {"name": "JON.SNOW@NORTH.SEVENKINGDOMS.LOCAL", "domain": "NORTH.SEVENKINGDOMS.LOCAL", "domainsid": "S-1-5-21-1252223512-2665318757-2669098637", "highvalue": false, "distinguishedname": "CN=JON.SNOW,CN=USERS,DC=NORTH,DC=SEVENKINGDOMS,DC=LOCAL", "unconstraineddelegation": false, "trustedtoauth": true, "passwordnotreqd": false, "enabled": true, "lastlogon": 0, "lastlogontimestamp": -11644473600, "pwdlastset": 1712608692, "dontreqpreauth": false, "pwdneverexpires": true, "sensitive": false, "serviceprincipalnames": ["CIFS/thewall.north.sevenkingdoms.local", "HTTP/thewall.north.sevenkingdoms.local"], "hasspn": true, "displayname": null, "email": null, "title": null, "homedirectory": null, "description": "Jon Snow", "userpassword": null, "admincount": false, "allowedtodelegate": ["CIFS/winterfell", "CIFS/winterfell.north.sevenkingdoms.local"], "sidhistory": [], "whencreated": 1712608692, "unixpassword": null, "unicodepassword": null, "logonscript": null, "samaccountname": "jon.snow", "sfupassword": null, "isaclprotected": false}, "Aces": [{"RightName": "Owns", "IsInherited": false, "PrincipalSID": "S-1-5-21-1252223512-2665318757-2669098637-512", "PrincipalType": "Group"}, {"RightName": "GenericAll", "IsInherited": false, "PrincipalSID": "S-1-5-21-1252223512-2665318757-2669098637-512", "PrincipalType": "Group"}, {"RightName": "GenericAll", "IsInherited": false, "PrincipalSID": "NORTH.SEVENKINGDOMS.LOCAL-S-1-5-32-548", "PrincipalType": "Group"}, {"RightName": "AddKeyCredentialLink", "IsInherited": true, "PrincipalSID": "S-1-5-21-1252223512-2665318757-2669098637-526", "PrincipalType": "Group"}, {"RightName": "AddKeyCredentialLink", "IsInherited": true, "PrincipalSID": "S-1-5-21-1032618810-739172636-1489167904-527", "PrincipalType": "Group"}, {"RightName": "GenericAll", "IsInherited": true, "PrincipalSID": "S-1-5-21-1032618810-739172636-1489167904-519", "PrincipalType": "Group"}, {"RightName": "GenericWrite", "IsInherited": true, "PrincipalSID": "NORTH.SEVENKINGDOMS.LOCAL-S-1-5-32-544", "PrincipalType": "Group"}, {"RightName": "WriteOwner", "IsInherited": true, "PrincipalSID": "NORTH.SEVENKINGDOMS.LOCAL-S-1-5-32-544", "PrincipalType": "Group"}, {"RightName": "AllExtendedRights", "IsInherited": true, "PrincipalSID": "NORTH.SEVENKINGDOMS.LOCAL-S-1-5-32-544", "PrincipalType": "Group"}, {"RightName": "WriteDacl", "IsInherited": true, "PrincipalSID": "NORTH.SEVENKINGDOMS.LOCAL-S-1-5-32-544", "PrincipalType": "Group"}], "SPNTargets": [], "HasSIDHistory": [], "IsDeleted": false, "IsACLProtected": false},{"AllowedToDelegate": [], "ObjectIdentifier": "S-1-5-21-1252223512-2665318757-2669098637-1112", "PrimaryGroupSID": "S-1-5-21-1252223512-2665318757-2669098637-513", "ContainedBy": null, "Properties": {"name": "CATELYN.STARK@NORTH.SEVENKINGDOMS.LOCAL", "domain": "NORTH.SEVENKINGDOMS.LOCAL", "domainsid": "S-1-5-21-1252223512-2665318757-2669098637", "highvalue": false, "distinguishedname": "CN=CATELYN.STARK,CN=USERS,DC=NORTH,DC=SEVENKINGDOMS,DC=LOCAL", "unconstraineddelegation": false, "trustedtoauth": false, "passwordnotreqd": false, "enabled": true, "lastlogon": 0, "lastlogontimestamp": -11644473600, "pwdlastset": 1712608653, "dontreqpreauth": false, "pwdneverexpires": true, "sensitive": false, "serviceprincipalnames": [], "hasspn": false, "displayname": null, "email": null, "title": null, "homedirectory": null, "description": "Catelyn Stark", "userpassword": null, "admincount": true, "sidhistory": [], "whencreated": 1712608653, "unixpassword": null, "unicodepassword": null, "logonscript": null, "samaccountname": "catelyn.stark", "sfupassword": null, "isaclprotected": true}, "Aces": [{"RightName": "Owns", "IsInherited": false, "PrincipalSID": "S-1-5-21-1252223512-2665318757-2669098637-512", "PrincipalType": "Group"}, {"RightName": "GenericWrite", "IsInherited": false, "PrincipalSID": "S-1-5-21-1252223512-2665318757-2669098637-512", "PrincipalType": "Group"}, {"RightName": "WriteOwner", "IsInherited": false, "PrincipalSID": "S-1-5-21-1252223512-2665318757-2669098637-512", "PrincipalType": "Group"}, {"RightName": "AllExtendedRights", "IsInherited": false, "PrincipalSID": "S-1-5-21-1252223512-2665318757-2669098637-512", "PrincipalType": "Group"}, {"RightName": "WriteDacl", "IsInherited": false, "PrincipalSID": "S-1-5-21-1252223512-2665318757-2669098637-512", "PrincipalType": "Group"}, {"RightName": "GenericWrite", "IsInherited": false, "PrincipalSID": "S-1-5-21-1032618810-739172636-1489167904-519", "PrincipalType": "Group"}, {"RightName": "WriteOwner", "IsInherited": false, "PrincipalSID": "S-1-5-21-1032618810-739172636-1489167904-519", "PrincipalType": "Group"}, {"RightName": "AllExtendedRights", "IsInherited": false, "PrincipalSID": "S-1-5-21-1032618810-739172636-1489167904-519", "PrincipalType": "Group"}, {"RightName": "WriteDacl", "IsInherited": false, "PrincipalSID": "S-1-5-21-1032618810-739172636-1489167904-519", "PrincipalType": "Group"}, {"RightName": "GenericWrite", "IsInherited": false, "PrincipalSID": "NORTH.SEVENKINGDOMS.LOCAL-S-1-5-32-544", "PrincipalType": "Group"}, {"RightName": "WriteOwner", "IsInherited": false, "PrincipalSID": "NORTH.SEVENKINGDOMS.LOCAL-S-1-5-32-544", "PrincipalType": "Group"}, {"RightName": "AllExtendedRights", "IsInherited": false, "PrincipalSID": "NORTH.SEVENKINGDOMS.LOCAL-S-1-5-32-544", "PrincipalType": "Group"}, {"RightName": "WriteDacl", "IsInherited": false, "PrincipalSID": "NORTH.SEVENKINGDOMS.LOCAL-S-1-5-32-544", "PrincipalType": "Group"}], "SPNTargets": [], "HasSIDHistory": [], "IsDeleted": false, "IsACLProtected": true},{"AllowedToDelegate": [], "ObjectIdentifier": "S-1-5-21-1252223512-2665318757-2669098637-1114", "PrimaryGroupSID": "S-1-5-21-1252223512-2665318757-2669098637-513", "ContainedBy": null, "Properties": {"name": "SANSA.STARK@NORTH.SEVENKINGDOMS.LOCAL", "domain": "NORTH.SEVENKINGDOMS.LOCAL", "domainsid": "S-1-5-21-1252223512-2665318757-2669098637", "highvalue": false, "distinguishedname": "CN=SANSA.STARK,CN=USERS,DC=NORTH,DC=SEVENKINGDOMS,DC=LOCAL", "unconstraineddelegation": true, "trustedtoauth": false, "passwordnotreqd": false, "enabled": true, "lastlogon": 0, "lastlogontimestamp": -11644473600, "pwdlastset": 1712608669, "dontreqpreauth": false, "pwdneverexpires": true, "sensitive": false, "serviceprincipalnames": ["HTTP/eyrie.north.sevenkingdoms.local"], "hasspn": true, "displayname": null, "email": null, "title": null, "homedirectory": null, "description": "Sansa Stark", "userpassword": null, "admincount": false, "sidhistory": [], "whencreated": 1712608669, "unixpassword": null, "unicodepassword": null, "logonscript": null, "samaccountname": "sansa.stark", "sfupassword": null, "isaclprotected": false}, "Aces": [{"RightName": "Owns", "IsInherited": false, "PrincipalSID": "S-1-5-21-1252223512-2665318757-2669098637-512", "PrincipalType": "Group"}, {"RightName": "GenericAll", "IsInherited": false, "PrincipalSID": "S-1-5-21-1252223512-2665318757-2669098637-512", "PrincipalType": "Group"}, {"RightName": "GenericAll", "IsInherited": false, "PrincipalSID": "NORTH.SEVENKINGDOMS.LOCAL-S-1-5-32-548", "PrincipalType": "Group"}, {"RightName": "AddKeyCredentialLink", "IsInherited": true, "PrincipalSID": "S-1-5-21-1252223512-2665318757-2669098637-526", "PrincipalType": "Group"}, {"RightName": "AddKeyCredentialLink", "IsInherited": true, "PrincipalSID": "S-1-5-21-1032618810-739172636-1489167904-527", "PrincipalType": "Group"}, {"RightName": "GenericAll", "IsInherited": true, "PrincipalSID": "S-1-5-21-1032618810-739172636-1489167904-519", "PrincipalType": "Group"}, {"RightName": "GenericWrite", "IsInherited": true, "PrincipalSID": "NORTH.SEVENKINGDOMS.LOCAL-S-1-5-32-544", "PrincipalType": "Group"}, {"RightName": "WriteOwner", "IsInherited": true, "PrincipalSID": "NORTH.SEVENKINGDOMS.LOCAL-S-1-5-32-544", "PrincipalType": "Group"}, {"RightName": "AllExtendedRights", "IsInherited": true, "PrincipalSID": "NORTH.SEVENKINGDOMS.LOCAL-S-1-5-32-544", "PrincipalType": "Group"}, {"RightName": "WriteDacl", "IsInherited": true, "PrincipalSID": "NORTH.SEVENKINGDOMS.LOCAL-S-1-5-32-544", "PrincipalType": "Group"}], "SPNTargets": [], "HasSIDHistory": [], "IsDeleted": false, "IsACLProtected": false},{"AllowedToDelegate": [], "ObjectIdentifier": "S-1-5-21-1252223512-2665318757-2669098637-1111", "PrimaryGroupSID": "S-1-5-21-1252223512-2665318757-2669098637-513", "ContainedBy": null, "Properties": {"name": "EDDARD.STARK@NORTH.SEVENKINGDOMS.LOCAL", "domain": "NORTH.SEVENKINGDOMS.LOCAL", "domainsid": "S-1-5-21-1252223512-2665318757-2669098637", "highvalue": false, "distinguishedname": "CN=EDDARD.STARK,CN=USERS,DC=NORTH,DC=SEVENKINGDOMS,DC=LOCAL", "unconstraineddelegation": false, "trustedtoauth": false, "passwordnotreqd": false, "enabled": true, "lastlogon": 1712797710, "lastlogontimestamp": 1712612612, "pwdlastset": 1712608644, "dontreqpreauth": false, "pwdneverexpires": true, "sensitive": false, "serviceprincipalnames": [], "hasspn": false, "displayname": null, "email": null, "title": null, "homedirectory": null, "description": "Eddard Stark", "userpassword": null, "admincount": true, "sidhistory": [], "whencreated": 1712608644, "unixpassword": null, "unicodepassword": null, "logonscript": null, "samaccountname": "eddard.stark", "sfupassword": null, "isaclprotected": true}, "Aces": [{"RightName": "Owns", "IsInherited": false, "PrincipalSID": "S-1-5-21-1252223512-2665318757-2669098637-512", "PrincipalType": "Group"}, {"RightName": "GenericWrite", "IsInherited": false, "PrincipalSID": "S-1-5-21-1252223512-2665318757-2669098637-512", "PrincipalType": "Group"}, {"RightName": "WriteOwner", "IsInherited": false, "PrincipalSID": "S-1-5-21-1252223512-2665318757-2669098637-512", "PrincipalType": "Group"}, {"RightName": "AllExtendedRights", "IsInherited": false, "PrincipalSID": "S-1-5-21-1252223512-2665318757-2669098637-512", "PrincipalType": "Group"}, {"RightName": "WriteDacl", "IsInherited": false, "PrincipalSID": "S-1-5-21-1252223512-2665318757-2669098637-512", "PrincipalType": "Group"}, {"RightName": "GenericWrite", "IsInherited": false, "PrincipalSID": "S-1-5-21-1032618810-739172636-1489167904-519", "PrincipalType": "Group"}, {"RightName": "WriteOwner", "IsInherited": false, "PrincipalSID": "S-1-5-21-1032618810-739172636-1489167904-519", "PrincipalType": "Group"}, {"RightName": "AllExtendedRights", "IsInherited": false, "PrincipalSID": "S-1-5-21-1032618810-739172636-1489167904-519", "PrincipalType": "Group"}, {"RightName": "WriteDacl", "IsInherited": false, "PrincipalSID": "S-1-5-21-1032618810-739172636-1489167904-519", "PrincipalType": "Group"}, {"RightName": "GenericWrite", "IsInherited": false, "PrincipalSID": "NORTH.SEVENKINGDOMS.LOCAL-S-1-5-32-544", "PrincipalType": "Group"}, {"RightName": "WriteOwner", "IsInherited": false, "PrincipalSID": "NORTH.SEVENKINGDOMS.LOCAL-S-1-5-32-544", "PrincipalType": "Group"}, {"RightName": "AllExtendedRights", "IsInherited": false, "PrincipalSID": "NORTH.SEVENKINGDOMS.LOCAL-S-1-5-32-544", "PrincipalType": "Group"}, {"RightName": "WriteDacl", "IsInherited": false, "PrincipalSID": "NORTH.SEVENKINGDOMS.LOCAL-S-1-5-32-544", "PrincipalType": "Group"}], "SPNTargets": [], "HasSIDHistory": [], "IsDeleted": false, "IsACLProtected": true},{"AllowedToDelegate": [], "ObjectIdentifier": "S-1-5-21-1252223512-2665318757-2669098637-502", "PrimaryGroupSID": "S-1-5-21-1252223512-2665318757-2669098637-513", "ContainedBy": null, "Properties": {"name": "KRBTGT@NORTH.SEVENKINGDOMS.LOCAL", "domain": "NORTH.SEVENKINGDOMS.LOCAL", "domainsid": "S-1-5-21-1252223512-2665318757-2669098637", "highvalue": false, "distinguishedname": "CN=KRBTGT,CN=USERS,DC=NORTH,DC=SEVENKINGDOMS,DC=LOCAL", "unconstraineddelegation": false, "trustedtoauth": false, "passwordnotreqd": false, "enabled": false, "lastlogon": 0, "lastlogontimestamp": -11644473600, "pwdlastset": 1712607286, "dontreqpreauth": false, "pwdneverexpires": false, "sensitive": false, "serviceprincipalnames": ["kadmin/changepw"], "hasspn": true, "displayname": null, "email": null, "title": null, "homedirectory": null, "description": "Key Distribution Center Service Account", "userpassword": null, "admincount": true, "sidhistory": [], "whencreated": 1712607286, "unixpassword": null, "unicodepassword": null, "logonscript": null, "samaccountname": "krbtgt", "sfupassword": null, "isaclprotected": true}, "Aces": [{"RightName": "Owns", "IsInherited": false, "PrincipalSID": "S-1-5-21-1252223512-2665318757-2669098637-512", "PrincipalType": "Group"}, {"RightName": "GenericWrite", "IsInherited": false, "PrincipalSID": "S-1-5-21-1252223512-2665318757-2669098637-512", "PrincipalType": "Group"}, {"RightName": "WriteOwner", "IsInherited": false, "PrincipalSID": "S-1-5-21-1252223512-2665318757-2669098637-512", "PrincipalType": "Group"}, {"RightName": "AllExtendedRights", "IsInherited": false, "PrincipalSID": "S-1-5-21-1252223512-2665318757-2669098637-512", "PrincipalType": "Group"}, {"RightName": "WriteDacl", "IsInherited": false, "PrincipalSID": "S-1-5-21-1252223512-2665318757-2669098637-512", "PrincipalType": "Group"}, {"RightName": "GenericWrite", "IsInherited": false, "PrincipalSID": "S-1-5-21-1032618810-739172636-1489167904-519", "PrincipalType": "Group"}, {"RightName": "WriteOwner", "IsInherited": false, "PrincipalSID": "S-1-5-21-1032618810-739172636-1489167904-519", "PrincipalType": "Group"}, {"RightName": "AllExtendedRights", "IsInherited": false, "PrincipalSID": "S-1-5-21-1032618810-739172636-1489167904-519", "PrincipalType": "Group"}, {"RightName": "WriteDacl", "IsInherited": false, "PrincipalSID": "S-1-5-21-1032618810-739172636-1489167904-519", "PrincipalType": "Group"}, {"RightName": "GenericWrite", "IsInherited": false, "PrincipalSID": "NORTH.SEVENKINGDOMS.LOCAL-S-1-5-32-544", "PrincipalType": "Group"}, {"RightName": "WriteOwner", "IsInherited": false, "PrincipalSID": "NORTH.SEVENKINGDOMS.LOCAL-S-1-5-32-544", "PrincipalType": "Group"}, {"RightName": "AllExtendedRights", "IsInherited": false, "PrincipalSID": "NORTH.SEVENKINGDOMS.LOCAL-S-1-5-32-544", "PrincipalType": "Group"}, {"RightName": "WriteDacl", "IsInherited": false, "PrincipalSID": "NORTH.SEVENKINGDOMS.LOCAL-S-1-5-32-544", "PrincipalType": "Group"}], "SPNTargets": [], "HasSIDHistory": [], "IsDeleted": false, "IsACLProtected": true},{"AllowedToDelegate": [], "ObjectIdentifier": "S-1-5-21-1252223512-2665318757-2669098637-1110", "PrimaryGroupSID": "S-1-5-21-1252223512-2665318757-2669098637-513", "ContainedBy": null, "Properties": {"name": "ARYA.STARK@NORTH.SEVENKINGDOMS.LOCAL", "domain": "NORTH.SEVENKINGDOMS.LOCAL", "domainsid": "S-1-5-21-1252223512-2665318757-2669098637", "highvalue": false, "distinguishedname": "CN=ARYA.STARK,CN=USERS,DC=NORTH,DC=SEVENKINGDOMS,DC=LOCAL", "unconstraineddelegation": false, "trustedtoauth": false, "passwordnotreqd": false, "enabled": true, "lastlogon": 0, "lastlogontimestamp": -11644473600, "pwdlastset": 1712608635, "dontreqpreauth": false, "pwdneverexpires": true, "sensitive": false, "serviceprincipalnames": [], "hasspn": false, "displayname": null, "email": null, "title": null, "homedirectory": null, "description": "Arya Stark", "userpassword": null, "admincount": false, "sidhistory": [], "whencreated": 1712608635, "unixpassword": null, "unicodepassword": null, "logonscript": null, "samaccountname": "arya.stark", "sfupassword": null, "isaclprotected": false}, "Aces": [{"RightName": "Owns", "IsInherited": false, "PrincipalSID": "S-1-5-21-1252223512-2665318757-2669098637-512", "PrincipalType": "Group"}, {"RightName": "GenericAll", "IsInherited": false, "PrincipalSID": "S-1-5-21-1252223512-2665318757-2669098637-512", "PrincipalType": "Group"}, {"RightName": "GenericAll", "IsInherited": false, "PrincipalSID": "NORTH.SEVENKINGDOMS.LOCAL-S-1-5-32-548", "PrincipalType": "Group"}, {"RightName": "AddKeyCredentialLink", "IsInherited": true, "PrincipalSID": "S-1-5-21-1252223512-2665318757-2669098637-526", "PrincipalType": "Group"}, {"RightName": "AddKeyCredentialLink", "IsInherited": true, "PrincipalSID": "S-1-5-21-1032618810-739172636-1489167904-527", "PrincipalType": "Group"}, {"RightName": "GenericAll", "IsInherited": true, "PrincipalSID": "S-1-5-21-1032618810-739172636-1489167904-519", "PrincipalType": "Group"}, {"RightName": "GenericWrite", "IsInherited": true, "PrincipalSID": "NORTH.SEVENKINGDOMS.LOCAL-S-1-5-32-544", "PrincipalType": "Group"}, {"RightName": "WriteOwner", "IsInherited": true, "PrincipalSID": "NORTH.SEVENKINGDOMS.LOCAL-S-1-5-32-544", "PrincipalType": "Group"}, {"RightName": "AllExtendedRights", "IsInherited": true, "PrincipalSID": "NORTH.SEVENKINGDOMS.LOCAL-S-1-5-32-544", "PrincipalType": "Group"}, {"RightName": "WriteDacl", "IsInherited": true, "PrincipalSID": "NORTH.SEVENKINGDOMS.LOCAL-S-1-5-32-544", "PrincipalType": "Group"}], "SPNTargets": [], "HasSIDHistory": [], "IsDeleted": false, "IsACLProtected": false},{"AllowedToDelegate": [], "ObjectIdentifier": "S-1-5-21-1252223512-2665318757-2669098637-1000", "PrimaryGroupSID": "S-1-5-21-1252223512-2665318757-2669098637-513", "ContainedBy": null, "Properties": {"name": "VAGRANT@NORTH.SEVENKINGDOMS.LOCAL", "domain": "NORTH.SEVENKINGDOMS.LOCAL", "domainsid": "S-1-5-21-1252223512-2665318757-2669098637", "highvalue": false, "distinguishedname": "CN=VAGRANT,CN=USERS,DC=NORTH,DC=SEVENKINGDOMS,DC=LOCAL", "unconstraineddelegation": false, "trustedtoauth": false, "passwordnotreqd": false, "enabled": true, "lastlogon": 1712612877, "lastlogontimestamp": 1712607371, "pwdlastset": 1620819535, "dontreqpreauth": false, "pwdneverexpires": true, "sensitive": false, "serviceprincipalnames": [], "hasspn": false, "displayname": "Vagrant", "email": null, "title": null, "homedirectory": null, "description": "Vagrant User", "userpassword": null, "admincount": true, "sidhistory": [], "whencreated": 1712607246, "unixpassword": null, "unicodepassword": null, "logonscript": null, "samaccountname": "vagrant", "sfupassword": null, "isaclprotected": true}, "Aces": [{"RightName": "Owns", "IsInherited": false, "PrincipalSID": "S-1-5-21-1252223512-2665318757-2669098637-512", "PrincipalType": "Group"}, {"RightName": "GenericWrite", "IsInherited": false, "PrincipalSID": "S-1-5-21-1252223512-2665318757-2669098637-512", "PrincipalType": "Group"}, {"RightName": "WriteOwner", "IsInherited": false, "PrincipalSID": "S-1-5-21-1252223512-2665318757-2669098637-512", "PrincipalType": "Group"}, {"RightName": "AllExtendedRights", "IsInherited": false, "PrincipalSID": "S-1-5-21-1252223512-2665318757-2669098637-512", "PrincipalType": "Group"}, {"RightName": "WriteDacl", "IsInherited": false, "PrincipalSID": "S-1-5-21-1252223512-2665318757-2669098637-512", "PrincipalType": "Group"}, {"RightName": "GenericWrite", "IsInherited": false, "PrincipalSID": "S-1-5-21-1032618810-739172636-1489167904-519", "PrincipalType": "Group"}, {"RightName": "WriteOwner", "IsInherited": false, "PrincipalSID": "S-1-5-21-1032618810-739172636-1489167904-519", "PrincipalType": "Group"}, {"RightName": "AllExtendedRights", "IsInherited": false, "PrincipalSID": "S-1-5-21-1032618810-739172636-1489167904-519", "PrincipalType": "Group"}, {"RightName": "WriteDacl", "IsInherited": false, "PrincipalSID": "S-1-5-21-1032618810-739172636-1489167904-519", "PrincipalType": "Group"}, {"RightName": "GenericWrite", "IsInherited": false, "PrincipalSID": "NORTH.SEVENKINGDOMS.LOCAL-S-1-5-32-544", "PrincipalType": "Group"}, {"RightName": "WriteOwner", "IsInherited": false, "PrincipalSID": "NORTH.SEVENKINGDOMS.LOCAL-S-1-5-32-544", "PrincipalType": "Group"}, {"RightName": "AllExtendedRights", "IsInherited": false, "PrincipalSID": "NORTH.SEVENKINGDOMS.LOCAL-S-1-5-32-544", "PrincipalType": "Group"}, {"RightName": "WriteDacl", "IsInherited": false, "PrincipalSID": "NORTH.SEVENKINGDOMS.LOCAL-S-1-5-32-544", "PrincipalType": "Group"}], "SPNTargets": [], "HasSIDHistory": [], "IsDeleted": false, "IsACLProtected": true},{"AllowedToDelegate": [], "ObjectIdentifier": "S-1-5-21-1252223512-2665318757-2669098637-1115", "PrimaryGroupSID": "S-1-5-21-1252223512-2665318757-2669098637-513", "ContainedBy": null, "Properties": {"name": "BRANDON.STARK@NORTH.SEVENKINGDOMS.LOCAL", "domain": "NORTH.SEVENKINGDOMS.LOCAL", "domainsid": "S-1-5-21-1252223512-2665318757-2669098637", "highvalue": false, "distinguishedname": "CN=BRANDON.STARK,CN=USERS,DC=NORTH,DC=SEVENKINGDOMS,DC=LOCAL", "unconstraineddelegation": false, "trustedtoauth": false, "passwordnotreqd": false, "enabled": true, "lastlogon": 0, "lastlogontimestamp": -11644473600, "pwdlastset": 1712608675, "dontreqpreauth": true, "pwdneverexpires": true, "sensitive": false, "serviceprincipalnames": [], "hasspn": false, "displayname": null, "email": null, "title": null, "homedirectory": null, "description": "Brandon Stark", "userpassword": null, "admincount": false, "sidhistory": [], "whencreated": 1712608675, "unixpassword": null, "unicodepassword": null, "logonscript": null, "samaccountname": "brandon.stark", "sfupassword": null, "isaclprotected": false}, "Aces": [{"RightName": "Owns", "IsInherited": false, "PrincipalSID": "S-1-5-21-1252223512-2665318757-2669098637-512", "PrincipalType": "Group"}, {"RightName": "GenericAll", "IsInherited": false, "PrincipalSID": "S-1-5-21-1252223512-2665318757-2669098637-512", "PrincipalType": "Group"}, {"RightName": "GenericAll", "IsInherited": false, "PrincipalSID": "NORTH.SEVENKINGDOMS.LOCAL-S-1-5-32-548", "PrincipalType": "Group"}, {"RightName": "AddKeyCredentialLink", "IsInherited": true, "PrincipalSID": "S-1-5-21-1252223512-2665318757-2669098637-526", "PrincipalType": "Group"}, {"RightName": "AddKeyCredentialLink", "IsInherited": true, "PrincipalSID": "S-1-5-21-1032618810-739172636-1489167904-527", "PrincipalType": "Group"}, {"RightName": "GenericAll", "IsInherited": true, "PrincipalSID": "S-1-5-21-1032618810-739172636-1489167904-519", "PrincipalType": "Group"}, {"RightName": "GenericWrite", "IsInherited": true, "PrincipalSID": "NORTH.SEVENKINGDOMS.LOCAL-S-1-5-32-544", "PrincipalType": "Group"}, {"RightName": "WriteOwner", "IsInherited": true, "PrincipalSID": "NORTH.SEVENKINGDOMS.LOCAL-S-1-5-32-544", "PrincipalType": "Group"}, {"RightName": "AllExtendedRights", "IsInherited": true, "PrincipalSID": "NORTH.SEVENKINGDOMS.LOCAL-S-1-5-32-544", "PrincipalType": "Group"}, {"RightName": "WriteDacl", "IsInherited": true, "PrincipalSID": "NORTH.SEVENKINGDOMS.LOCAL-S-1-5-32-544", "PrincipalType": "Group"}], "SPNTargets": [], "HasSIDHistory": [], "IsDeleted": false, "IsACLProtected": false},{"AllowedToDelegate": [], "ObjectIdentifier": "S-1-5-21-1252223512-2665318757-2669098637-500", "PrimaryGroupSID": "S-1-5-21-1252223512-2665318757-2669098637-513", "ContainedBy": null, "Properties": {"name": "ADMINISTRATOR@NORTH.SEVENKINGDOMS.LOCAL", "domain": "NORTH.SEVENKINGDOMS.LOCAL", "domainsid": "S-1-5-21-1252223512-2665318757-2669098637", "highvalue": false, "distinguishedname": "CN=ADMINISTRATOR,CN=USERS,DC=NORTH,DC=SEVENKINGDOMS,DC=LOCAL", "unconstraineddelegation": false, "trustedtoauth": false, "passwordnotreqd": false, "enabled": true, "lastlogon": 1712610761, "lastlogontimestamp": 1712608117, "pwdlastset": 1712605913, "dontreqpreauth": false, "pwdneverexpires": true, "sensitive": false, "serviceprincipalnames": [], "hasspn": false, "displayname": null, "email": null, "title": null, "homedirectory": null, "description": "Built-in account for administering the computer/domain", "userpassword": null, "admincount": true, "sidhistory": [], "whencreated": 1712607246, "unixpassword": null, "unicodepassword": null, "logonscript": null, "samaccountname": "Administrator", "sfupassword": null, "isaclprotected": true}, "Aces": [{"RightName": "Owns", "IsInherited": false, "PrincipalSID": "S-1-5-21-1252223512-2665318757-2669098637-512", "PrincipalType": "Group"}, {"RightName": "GenericWrite", "IsInherited": false, "PrincipalSID": "S-1-5-21-1252223512-2665318757-2669098637-512", "PrincipalType": "Group"}, {"RightName": "WriteOwner", "IsInherited": false, "PrincipalSID": "S-1-5-21-1252223512-2665318757-2669098637-512", "PrincipalType": "Group"}, {"RightName": "AllExtendedRights", "IsInherited": false, "PrincipalSID": "S-1-5-21-1252223512-2665318757-2669098637-512", "PrincipalType": "Group"}, {"RightName": "WriteDacl", "IsInherited": false, "PrincipalSID": "S-1-5-21-1252223512-2665318757-2669098637-512", "PrincipalType": "Group"}, {"RightName": "GenericWrite", "IsInherited": false, "PrincipalSID": "S-1-5-21-1032618810-739172636-1489167904-519", "PrincipalType": "Group"}, {"RightName": "WriteOwner", "IsInherited": false, "PrincipalSID": "S-1-5-21-1032618810-739172636-1489167904-519", "PrincipalType": "Group"}, {"RightName": "AllExtendedRights", "IsInherited": false, "PrincipalSID": "S-1-5-21-1032618810-739172636-1489167904-519", "PrincipalType": "Group"}, {"RightName": "WriteDacl", "IsInherited": false, "PrincipalSID": "S-1-5-21-1032618810-739172636-1489167904-519", "PrincipalType": "Group"}, {"RightName": "GenericWrite", "IsInherited": false, "PrincipalSID": "NORTH.SEVENKINGDOMS.LOCAL-S-1-5-32-544", "PrincipalType": "Group"}, {"RightName": "WriteOwner", "IsInherited": false, "PrincipalSID": "NORTH.SEVENKINGDOMS.LOCAL-S-1-5-32-544", "PrincipalType": "Group"}, {"RightName": "AllExtendedRights", "IsInherited": false, "PrincipalSID": "NORTH.SEVENKINGDOMS.LOCAL-S-1-5-32-544", "PrincipalType": "Group"}, {"RightName": "WriteDacl", "IsInherited": false, "PrincipalSID": "NORTH.SEVENKINGDOMS.LOCAL-S-1-5-32-544", "PrincipalType": "Group"}], "SPNTargets": [], "HasSIDHistory": [], "IsDeleted": false, "IsACLProtected": true},{"AllowedToDelegate": [], "ObjectIdentifier": "S-1-5-21-1252223512-2665318757-2669098637-501", "PrimaryGroupSID": "S-1-5-21-1252223512-2665318757-2669098637-514", "ContainedBy": null, "Properties": {"name": "GUEST@NORTH.SEVENKINGDOMS.LOCAL", "domain": "NORTH.SEVENKINGDOMS.LOCAL", "domainsid": "S-1-5-21-1252223512-2665318757-2669098637", "highvalue": false, "distinguishedname": "CN=GUEST,CN=USERS,DC=NORTH,DC=SEVENKINGDOMS,DC=LOCAL", "unconstraineddelegation": false, "trustedtoauth": false, "passwordnotreqd": true, "enabled": false, "lastlogon": 0, "lastlogontimestamp": -11644473600, "pwdlastset": 0, "dontreqpreauth": false, "pwdneverexpires": true, "sensitive": false, "serviceprincipalnames": [], "hasspn": false, "displayname": null, "email": null, "title": null, "homedirectory": null, "description": "Built-in account for guest access to the computer/domain", "userpassword": null, "admincount": false, "sidhistory": [], "whencreated": 1712607246, "unixpassword": null, "unicodepassword": null, "logonscript": null, "samaccountname": "Guest", "sfupassword": null, "isaclprotected": false}, "Aces": [{"RightName": "Owns", "IsInherited": false, "PrincipalSID": "NORTH.SEVENKINGDOMS.LOCAL-S-1-5-32-544", "PrincipalType": "Group"}, {"RightName": "GenericAll", "IsInherited": false, "PrincipalSID": "S-1-5-21-1252223512-2665318757-2669098637-512", "PrincipalType": "Group"}, {"RightName": "GenericAll", "IsInherited": false, "PrincipalSID": "NORTH.SEVENKINGDOMS.LOCAL-S-1-5-32-548", "PrincipalType": "Group"}, {"RightName": "AddKeyCredentialLink", "IsInherited": true, "PrincipalSID": "S-1-5-21-1252223512-2665318757-2669098637-526", "PrincipalType": "Group"}, {"RightName": "AddKeyCredentialLink", "IsInherited": true, "PrincipalSID": "S-1-5-21-1032618810-739172636-1489167904-527", "PrincipalType": "Group"}, {"RightName": "GenericAll", "IsInherited": true, "PrincipalSID": "S-1-5-21-1032618810-739172636-1489167904-519", "PrincipalType": "Group"}, {"RightName": "GenericWrite", "IsInherited": true, "PrincipalSID": "NORTH.SEVENKINGDOMS.LOCAL-S-1-5-32-544", "PrincipalType": "Group"}, {"RightName": "WriteOwner", "IsInherited": true, "PrincipalSID": "NORTH.SEVENKINGDOMS.LOCAL-S-1-5-32-544", "PrincipalType": "Group"}, {"RightName": "AllExtendedRights", "IsInherited": true, "PrincipalSID": "NORTH.SEVENKINGDOMS.LOCAL-S-1-5-32-544", "PrincipalType": "Group"}, {"RightName": "WriteDacl", "IsInherited": true, "PrincipalSID": "NORTH.SEVENKINGDOMS.LOCAL-S-1-5-32-544", "PrincipalType": "Group"}], "SPNTargets": [], "HasSIDHistory": [], "IsDeleted": false, "IsACLProtected": false}],"meta":{"methods":0,"type":"users","count":17, "version":6}}