{"data":[{"ObjectIdentifier": "061FBF0B-6922-4C33-99BB-6D3B85A00EDF", "Properties": {"domain": "NORTH.SEVENKINGDOMS.LOCAL", "name": "MANAGED SERVICE ACCOUNTS@NORTH.SEVENKINGDOMS.LOCAL", "distinguishedname": "CN=MANAGED SERVICE ACCOUNTS,DC=NORTH,DC=SEVENKINGDOMS,DC=LOCAL", "domainsid": "S-1-5-21-1252223512-2665318757-2669098637", "highvalue": false, "description": "Default container for managed service accounts", "whencreated": 1712607244, "isaclprotected": false}, "IsDeleted": false, "IsACLProtected": false, "ContainedBy": null, "Aces": [{"RightName": "Owns", "IsInherited": false, "PrincipalSID": "S-1-5-21-1252223512-2665318757-2669098637-512", "PrincipalType": "Group"}, {"RightName": "WriteOwner", "IsInherited": false, "PrincipalSID": "S-1-5-21-1252223512-2665318757-2669098637-512", "PrincipalType": "Group"}, {"RightName": "WriteDacl", "IsInherited": false, "PrincipalSID": "S-1-5-21-1252223512-2665318757-2669098637-512", "PrincipalType": "Group"}, {"RightName": "GenericAll", "IsInherited": true, "PrincipalSID": "S-1-5-21-1032618810-739172636-1489167904-519", "PrincipalType": "Group"}, {"RightName": "WriteOwner", "IsInherited": true, "PrincipalSID": "NORTH.SEVENKINGDOMS.LOCAL-S-1-5-32-544", "PrincipalType": "Group"}, {"RightName": "WriteDacl", "IsInherited": true, "PrincipalSID": "NORTH.SEVENKINGDOMS.LOCAL-S-1-5-32-544", "PrincipalType": "Group"}], "ChildObjects": []},{"ObjectIdentifier": "1D8DA6A3-743D-4CD5-B0B9-12E52BFDCEA8", "Properties": {"domain": "NORTH.SEVENKINGDOMS.LOCAL", "name": "MICROSOFT@NORTH.SEVENKINGDOMS.LOCAL", "distinguishedname": "CN=MICROSOFT,CN=PROGRAM DATA,DC=NORTH,DC=SEVENKINGDOMS,DC=LOCAL", "domainsid": "S-1-5-21-1252223512-2665318757-2669098637", "highvalue": false, "description": "Default location for storage of Microsoft application data.", "whencreated": 1712607244, "isaclprotected": false}, "IsDeleted": false, "IsACLProtected": false, "ContainedBy": null, "Aces": [{"RightName": "Owns", "IsInherited": false, "PrincipalSID": "S-1-5-21-1252223512-2665318757-2669098637-512", "PrincipalType": "Group"}, {"RightName": "GenericAll", "IsInherited": false, "PrincipalSID": "S-1-5-21-1252223512-2665318757-2669098637-512", "PrincipalType": "Group"}, {"RightName": "GenericAll", "IsInherited": true, "PrincipalSID": "S-1-5-21-1032618810-739172636-1489167904-519", "PrincipalType": "Group"}, {"RightName": "WriteOwner", "IsInherited": true, "PrincipalSID": "NORTH.SEVENKINGDOMS.LOCAL-S-1-5-32-544", "PrincipalType": "Group"}, {"RightName": "WriteDacl", "IsInherited": true, "PrincipalSID": "NORTH.SEVENKINGDOMS.LOCAL-S-1-5-32-544", "PrincipalType": "Group"}], "ChildObjects": []},{"ObjectIdentifier": "CF94DC25-7778-4503-AA70-4D104F886CA4", "Properties": {"domain": "NORTH.SEVENKINGDOMS.LOCAL", "name": "PROGRAM DATA@NORTH.SEVENKINGDOMS.LOCAL", "distinguishedname": "CN=PROGRAM DATA,DC=NORTH,DC=SEVENKINGDOMS,DC=LOCAL", "domainsid": "S-1-5-21-1252223512-2665318757-2669098637", "highvalue": false, "description": "Default location for storage of application data.", "whencreated": 1712607244, "isaclprotected": false}, "IsDeleted": false, "IsACLProtected": false, "ContainedBy": null, "Aces": [{"RightName": "Owns", "IsInherited": false, "PrincipalSID": "S-1-5-21-1252223512-2665318757-2669098637-512", "PrincipalType": "Group"}, {"RightName": "GenericAll", "IsInherited": false, "PrincipalSID": "S-1-5-21-1252223512-2665318757-2669098637-512", "PrincipalType": "Group"}, {"RightName": "GenericAll", "IsInherited": true, "PrincipalSID": "S-1-5-21-1032618810-739172636-1489167904-519", "PrincipalType": "Group"}, {"RightName": "WriteOwner", "IsInherited": true, "PrincipalSID": "NORTH.SEVENKINGDOMS.LOCAL-S-1-5-32-544", "PrincipalType": "Group"}, {"RightName": "WriteDacl", "IsInherited": true, "PrincipalSID": "NORTH.SEVENKINGDOMS.LOCAL-S-1-5-32-544", "PrincipalType": "Group"}], "ChildObjects": []},{"ObjectIdentifier": "1DF629F1-C0D0-4B3D-9D9E-90CAC7F45197", "Properties": {"domain": "NORTH.SEVENKINGDOMS.LOCAL", "name": "FOREIGNSECURITYPRINCIPALS@NORTH.SEVENKINGDOMS.LOCAL", "distinguishedname": "CN=FOREIGNSECURITYPRINCIPALS,DC=NORTH,DC=SEVENKINGDOMS,DC=LOCAL", "domainsid": "S-1-5-21-1252223512-2665318757-2669098637", "highvalue": false, "description": "Default container for security identifiers (SIDs) associated with objects from external, trusted domains", "whencreated": 1712607244, "isaclprotected": false}, "IsDeleted": false, "IsACLProtected": false, "ContainedBy": null, "Aces": [{"RightName": "Owns", "IsInherited": false, "PrincipalSID": "S-1-5-21-1252223512-2665318757-2669098637-512", "PrincipalType": "Group"}, {"RightName": "GenericAll", "IsInherited": false, "PrincipalSID": "S-1-5-21-1252223512-2665318757-2669098637-512", "PrincipalType": "Group"}, {"RightName": "GenericAll", "IsInherited": true, "PrincipalSID": "S-1-5-21-1032618810-739172636-1489167904-519", "PrincipalType": "Group"}, {"RightName": "WriteOwner", "IsInherited": true, "PrincipalSID": "NORTH.SEVENKINGDOMS.LOCAL-S-1-5-32-544", "PrincipalType": "Group"}, {"RightName": "WriteDacl", "IsInherited": true, "PrincipalSID": "NORTH.SEVENKINGDOMS.LOCAL-S-1-5-32-544", "PrincipalType": "Group"}], "ChildObjects": []},{"ObjectIdentifier": "A9825F8A-DC7A-481E-9DD3-84C1555AC7CB", "Properties": {"domain": "NORTH.SEVENKINGDOMS.LOCAL", "name": "WMIGPO@NORTH.SEVENKINGDOMS.LOCAL", "distinguishedname": "CN=WMIGPO,CN=WMIPOLICY,CN=SYSTEM,DC=NORTH,DC=SEVENKINGDOMS,DC=LOCAL", "domainsid": "S-1-5-21-1252223512-2665318757-2669098637", "highvalue": false, "description": "", "whencreated": 1712607244, "isaclprotected": false}, "IsDeleted": false, "IsACLProtected": false, "ContainedBy": null, "Aces": [{"RightName": "Owns", "IsInherited": false, "PrincipalSID": "S-1-5-21-1252223512-2665318757-2669098637-512", "PrincipalType": "Group"}, {"RightName": "WriteOwner", "IsInherited": false, "PrincipalSID": "S-1-5-21-1252223512-2665318757-2669098637-512", "PrincipalType": "Group"}, {"RightName": "WriteDacl", "IsInherited": false, "PrincipalSID": "S-1-5-21-1252223512-2665318757-2669098637-512", "PrincipalType": "Group"}, {"RightName": "GenericAll", "IsInherited": true, "PrincipalSID": "S-1-5-21-1032618810-739172636-1489167904-519", "PrincipalType": "Group"}, {"RightName": "GenericAll", "IsInherited": true, "PrincipalSID": "S-1-5-21-1252223512-2665318757-2669098637-512", "PrincipalType": "Group"}], "ChildObjects": []},{"ObjectIdentifier": "6044BEB1-6ACB-4195-8928-89B7BB9832CC", "Properties": {"domain": "NORTH.SEVENKINGDOMS.LOCAL", "name": "POLICYTYPE@NORTH.SEVENKINGDOMS.LOCAL", "distinguishedname": "CN=POLICYTYPE,CN=WMIPOLICY,CN=SYSTEM,DC=NORTH,DC=SEVENKINGDOMS,DC=LOCAL", "domainsid": "S-1-5-21-1252223512-2665318757-2669098637", "highvalue": false, "description": "", "whencreated": 1712607244, "isaclprotected": false}, "IsDeleted": false, "IsACLProtected": false, "ContainedBy": null, "Aces": [{"RightName": "Owns", "IsInherited": false, "PrincipalSID": "S-1-5-21-1252223512-2665318757-2669098637-512", "PrincipalType": "Group"}, {"RightName": "WriteOwner", "IsInherited": false, "PrincipalSID": "S-1-5-21-1252223512-2665318757-2669098637-512", "PrincipalType": "Group"}, {"RightName": "WriteDacl", "IsInherited": false, "PrincipalSID": "S-1-5-21-1252223512-2665318757-2669098637-512", "PrincipalType": "Group"}, {"RightName": "GenericAll", "IsInherited": true, "PrincipalSID": "S-1-5-21-1032618810-739172636-1489167904-519", "PrincipalType": "Group"}, {"RightName": "GenericAll", "IsInherited": true, "PrincipalSID": "S-1-5-21-1252223512-2665318757-2669098637-512", "PrincipalType": "Group"}], "ChildObjects": []},{"ObjectIdentifier": "3BF6B2F0-C2CE-4CE1-870E-CB59AFEF837C", "Properties": {"domain": "NORTH.SEVENKINGDOMS.LOCAL", "name": "SOM@NORTH.SEVENKINGDOMS.LOCAL", "distinguishedname": "CN=SOM,CN=WMIPOLICY,CN=SYSTEM,DC=NORTH,DC=SEVENKINGDOMS,DC=LOCAL", "domainsid": "S-1-5-21-1252223512-2665318757-2669098637", "highvalue": false, "description": "", "whencreated": 1712607244, "isaclprotected": true}, "IsDeleted": false, "IsACLProtected": true, "ContainedBy": null, "Aces": [{"RightName": "Owns", "IsInherited": false, "PrincipalSID": "S-1-5-21-1252223512-2665318757-2669098637-512", "PrincipalType": "Group"}, {"RightName": "GenericAll", "IsInherited": false, "PrincipalSID": "S-1-5-21-1252223512-2665318757-2669098637-512", "PrincipalType": "Group"}, {"RightName": "GenericAll", "IsInherited": false, "PrincipalSID": "S-1-5-21-1032618810-739172636-1489167904-519", "PrincipalType": "Group"}], "ChildObjects": []},{"ObjectIdentifier": "E4FCC37B-5A91-4C32-B300-393E7EB7CFA5", "Properties": {"domain": "NORTH.SEVENKINGDOMS.LOCAL", "name": "POLICYTEMPLATE@NORTH.SEVENKINGDOMS.LOCAL", "distinguishedname": "CN=POLICYTEMPLATE,CN=WMIPOLICY,CN=SYSTEM,DC=NORTH,DC=SEVENKINGDOMS,DC=LOCAL", "domainsid": "S-1-5-21-1252223512-2665318757-2669098637", "highvalue": false, "description": "", "whencreated": 1712607244, "isaclprotected": false}, "IsDeleted": false, "IsACLProtected": false, "ContainedBy": null, "Aces": [{"RightName": "Owns", "IsInherited": false, "PrincipalSID": "S-1-5-21-1252223512-2665318757-2669098637-512", "PrincipalType": "Group"}, {"RightName": "WriteOwner", "IsInherited": false, "PrincipalSID": "S-1-5-21-1252223512-2665318757-2669098637-512", "PrincipalType": "Group"}, {"RightName": "WriteDacl", "IsInherited": false, "PrincipalSID": "S-1-5-21-1252223512-2665318757-2669098637-512", "PrincipalType": "Group"}, {"RightName": "GenericAll", "IsInherited": true, "PrincipalSID": "S-1-5-21-1032618810-739172636-1489167904-519", "PrincipalType": "Group"}, {"RightName": "GenericAll", "IsInherited": true, "PrincipalSID": "S-1-5-21-1252223512-2665318757-2669098637-512", "PrincipalType": "Group"}], "ChildObjects": []},{"ObjectIdentifier": "36C339B1-F824-4A01-AC59-79A5989470F6", "Properties": {"domain": "NORTH.SEVENKINGDOMS.LOCAL", "name": "WMIPOLICY@NORTH.SEVENKINGDOMS.LOCAL", "distinguishedname": "CN=WMIPOLICY,CN=SYSTEM,DC=NORTH,DC=SEVENKINGDOMS,DC=LOCAL", "domainsid": "S-1-5-21-1252223512-2665318757-2669098637", "highvalue": false, "description": "", "whencreated": 1712607244, "isaclprotected": true}, "IsDeleted": false, "IsACLProtected": true, "ContainedBy": null, "Aces": [{"RightName": "Owns", "IsInherited": false, "PrincipalSID": "S-1-5-21-1252223512-2665318757-2669098637-512", "PrincipalType": "Group"}, {"RightName": "GenericAll", "IsInherited": false, "PrincipalSID": "S-1-5-21-1032618810-739172636-1489167904-519", "PrincipalType": "Group"}, {"RightName": "GenericAll", "IsInherited": false, "PrincipalSID": "S-1-5-21-1252223512-2665318757-2669098637-512", "PrincipalType": "Group"}], "ChildObjects": []},{"ObjectIdentifier": "823DE4DC-F886-4710-A0F3-12260D209619", "Properties": {"domain": "NORTH.SEVENKINGDOMS.LOCAL", "name": "COMPARTITIONSETS@NORTH.SEVENKINGDOMS.LOCAL", "distinguishedname": "CN=COMPARTITIONSETS,CN=SYSTEM,DC=NORTH,DC=SEVENKINGDOMS,DC=LOCAL", "domainsid": "S-1-5-21-1252223512-2665318757-2669098637", "highvalue": false, "description": "", "whencreated": 1712607244, "isaclprotected": false}, "IsDeleted": false, "IsACLProtected": false, "ContainedBy": null, "Aces": [{"RightName": "Owns", "IsInherited": false, "PrincipalSID": "S-1-5-21-1252223512-2665318757-2669098637-512", "PrincipalType": "Group"}, {"RightName": "WriteOwner", "IsInherited": false, "PrincipalSID": "S-1-5-21-1252223512-2665318757-2669098637-512", "PrincipalType": "Group"}, {"RightName": "WriteDacl", "IsInherited": false, "PrincipalSID": "S-1-5-21-1252223512-2665318757-2669098637-512", "PrincipalType": "Group"}, {"RightName": "GenericAll", "IsInherited": true, "PrincipalSID": "S-1-5-21-1032618810-739172636-1489167904-519", "PrincipalType": "Group"}, {"RightName": "WriteOwner", "IsInherited": true, "PrincipalSID": "NORTH.SEVENKINGDOMS.LOCAL-S-1-5-32-544", "PrincipalType": "Group"}, {"RightName": "WriteDacl", "IsInherited": true, "PrincipalSID": "NORTH.SEVENKINGDOMS.LOCAL-S-1-5-32-544", "PrincipalType": "Group"}], "ChildObjects": []},{"ObjectIdentifier": "1B3111AE-FB34-4A97-9D6F-1B7EDAF70F73", "Properties": {"domain": "NORTH.SEVENKINGDOMS.LOCAL", "name": "COMPARTITIONS@NORTH.SEVENKINGDOMS.LOCAL", "distinguishedname": "CN=COMPARTITIONS,CN=SYSTEM,DC=NORTH,DC=SEVENKINGDOMS,DC=LOCAL", "domainsid": "S-1-5-21-1252223512-2665318757-2669098637", "highvalue": false, "description": "", "whencreated": 1712607244, "isaclprotected": false}, "IsDeleted": false, "IsACLProtected": false, "ContainedBy": null, "Aces": [{"RightName": "Owns", "IsInherited": false, "PrincipalSID": "S-1-5-21-1252223512-2665318757-2669098637-512", "PrincipalType": "Group"}, {"RightName": "WriteOwner", "IsInherited": false, "PrincipalSID": "S-1-5-21-1252223512-2665318757-2669098637-512", "PrincipalType": "Group"}, {"RightName": "WriteDacl", "IsInherited": false, "PrincipalSID": "S-1-5-21-1252223512-2665318757-2669098637-512", "PrincipalType": "Group"}, {"RightName": "GenericAll", "IsInherited": true, "PrincipalSID": "S-1-5-21-1032618810-739172636-1489167904-519", "PrincipalType": "Group"}, {"RightName": "WriteOwner", "IsInherited": true, "PrincipalSID": "NORTH.SEVENKINGDOMS.LOCAL-S-1-5-32-544", "PrincipalType": "Group"}, {"RightName": "WriteDacl", "IsInherited": true, "PrincipalSID": "NORTH.SEVENKINGDOMS.LOCAL-S-1-5-32-544", "PrincipalType": "Group"}], "ChildObjects": []},{"ObjectIdentifier": "B1314210-9C35-44F4-BF9B-FDE360192EC0", "Properties": {"domain": "NORTH.SEVENKINGDOMS.LOCAL", "name": "ADMINSDHOLDER@NORTH.SEVENKINGDOMS.LOCAL", "distinguishedname": "CN=ADMINSDHOLDER,CN=SYSTEM,DC=NORTH,DC=SEVENKINGDOMS,DC=LOCAL", "domainsid": "S-1-5-21-1252223512-2665318757-2669098637", "highvalue": false, "description": "", "whencreated": 1712607244, "isaclprotected": true}, "IsDeleted": false, "IsACLProtected": true, "ContainedBy": null, "Aces": [{"RightName": "Owns", "IsInherited": false, "PrincipalSID": "S-1-5-21-1252223512-2665318757-2669098637-512", "PrincipalType": "Group"}, {"RightName": "WriteOwner", "IsInherited": false, "PrincipalSID": "S-1-5-21-1252223512-2665318757-2669098637-512", "PrincipalType": "Group"}, {"RightName": "WriteDacl", "IsInherited": false, "PrincipalSID": "S-1-5-21-1252223512-2665318757-2669098637-512", "PrincipalType": "Group"}, {"RightName": "WriteOwner", "IsInherited": false, "PrincipalSID": "S-1-5-21-1032618810-739172636-1489167904-519", "PrincipalType": "Group"}, {"RightName": "WriteDacl", "IsInherited": false, "PrincipalSID": "S-1-5-21-1032618810-739172636-1489167904-519", "PrincipalType": "Group"}, {"RightName": "WriteOwner", "IsInherited": false, "PrincipalSID": "NORTH.SEVENKINGDOMS.LOCAL-S-1-5-32-544", "PrincipalType": "Group"}, {"RightName": "WriteDacl", "IsInherited": false, "PrincipalSID": "NORTH.SEVENKINGDOMS.LOCAL-S-1-5-32-544", "PrincipalType": "Group"}], "ChildObjects": []},{"ObjectIdentifier": "D0968440-F445-435C-997B-A87DC9ACBA3E", "Properties": {"domain": "NORTH.SEVENKINGDOMS.LOCAL", "name": "RAS AND IAS SERVERS ACCESS CHECK@NORTH.SEVENKINGDOMS.LOCAL", "distinguishedname": "CN=RAS AND IAS SERVERS ACCESS CHECK,CN=SYSTEM,DC=NORTH,DC=SEVENKINGDOMS,DC=LOCAL", "domainsid": "S-1-5-21-1252223512-2665318757-2669098637", "highvalue": false, "description": "", "whencreated": 1712607244, "isaclprotected": false}, "IsDeleted": false, "IsACLProtected": false, "ContainedBy": null, "Aces": [{"RightName": "Owns", "IsInherited": false, "PrincipalSID": "S-1-5-21-1252223512-2665318757-2669098637-512", "PrincipalType": "Group"}, {"RightName": "WriteOwner", "IsInherited": false, "PrincipalSID": "S-1-5-21-1252223512-2665318757-2669098637-553", "PrincipalType": "Group"}, {"RightName": "WriteDacl", "IsInherited": false, "PrincipalSID": "S-1-5-21-1252223512-2665318757-2669098637-553", "PrincipalType": "Group"}, {"RightName": "GenericAll", "IsInherited": true, "PrincipalSID": "S-1-5-21-1032618810-739172636-1489167904-519", "PrincipalType": "Group"}, {"RightName": "WriteOwner", "IsInherited": true, "PrincipalSID": "NORTH.SEVENKINGDOMS.LOCAL-S-1-5-32-544", "PrincipalType": "Group"}, {"RightName": "WriteDacl", "IsInherited": true, "PrincipalSID": "NORTH.SEVENKINGDOMS.LOCAL-S-1-5-32-544", "PrincipalType": "Group"}], "ChildObjects": []},{"ObjectIdentifier": "2FE4E82D-2ABC-4884-9D1F-FD1DB70166CB", "Properties": {"domain": "NORTH.SEVENKINGDOMS.LOCAL", "name": "POLICIES@NORTH.SEVENKINGDOMS.LOCAL", "distinguishedname": "CN=POLICIES,CN=SYSTEM,DC=NORTH,DC=SEVENKINGDOMS,DC=LOCAL", "domainsid": "S-1-5-21-1252223512-2665318757-2669098637", "highvalue": false, "description": "", "whencreated": 1712607244, "isaclprotected": false}, "IsDeleted": false, "IsACLProtected": false, "ContainedBy": null, "Aces": [{"RightName": "Owns", "IsInherited": false, "PrincipalSID": "S-1-5-21-1252223512-2665318757-2669098637-512", "PrincipalType": "Group"}, {"RightName": "WriteOwner", "IsInherited": false, "PrincipalSID": "S-1-5-21-1252223512-2665318757-2669098637-512", "PrincipalType": "Group"}, {"RightName": "WriteDacl", "IsInherited": false, "PrincipalSID": "S-1-5-21-1252223512-2665318757-2669098637-512", "PrincipalType": "Group"}, {"RightName": "GenericAll", "IsInherited": true, "PrincipalSID": "S-1-5-21-1032618810-739172636-1489167904-519", "PrincipalType": "Group"}, {"RightName": "WriteOwner", "IsInherited": true, "PrincipalSID": "NORTH.SEVENKINGDOMS.LOCAL-S-1-5-32-544", "PrincipalType": "Group"}, {"RightName": "WriteDacl", "IsInherited": true, "PrincipalSID": "NORTH.SEVENKINGDOMS.LOCAL-S-1-5-32-544", "PrincipalType": "Group"}], "ChildObjects": []},{"ObjectIdentifier": "DF2B6DA6-9E7A-44B8-91C6-BF1EBFAF9480", "Properties": {"domain": "NORTH.SEVENKINGDOMS.LOCAL", "name": "MEETINGS@NORTH.SEVENKINGDOMS.LOCAL", "distinguishedname": "CN=MEETINGS,CN=SYSTEM,DC=NORTH,DC=SEVENKINGDOMS,DC=LOCAL", "domainsid": "S-1-5-21-1252223512-2665318757-2669098637", "highvalue": false, "description": "", "whencreated": 1712607244, "isaclprotected": false}, "IsDeleted": false, "IsACLProtected": false, "ContainedBy": null, "Aces": [{"RightName": "Owns", "IsInherited": false, "PrincipalSID": "S-1-5-21-1252223512-2665318757-2669098637-512", "PrincipalType": "Group"}, {"RightName": "WriteOwner", "IsInherited": false, "PrincipalSID": "S-1-5-21-1252223512-2665318757-2669098637-512", "PrincipalType": "Group"}, {"RightName": "WriteDacl", "IsInherited": false, "PrincipalSID": "S-1-5-21-1252223512-2665318757-2669098637-512", "PrincipalType": "Group"}, {"RightName": "GenericAll", "IsInherited": true, "PrincipalSID": "S-1-5-21-1032618810-739172636-1489167904-519", "PrincipalType": "Group"}, {"RightName": "WriteOwner", "IsInherited": true, "PrincipalSID": "NORTH.SEVENKINGDOMS.LOCAL-S-1-5-32-544", "PrincipalType": "Group"}, {"RightName": "WriteDacl", "IsInherited": true, "PrincipalSID": "NORTH.SEVENKINGDOMS.LOCAL-S-1-5-32-544", "PrincipalType": "Group"}], "ChildObjects": []},{"ObjectIdentifier": "51FEE318-84F3-4DD5-8812-D63EF0808A32", "Properties": {"domain": "NORTH.SEVENKINGDOMS.LOCAL", "name": "WINSOCKSERVICES@NORTH.SEVENKINGDOMS.LOCAL", "distinguishedname": "CN=WINSOCKSERVICES,CN=SYSTEM,DC=NORTH,DC=SEVENKINGDOMS,DC=LOCAL", "domainsid": "S-1-5-21-1252223512-2665318757-2669098637", "highvalue": false, "description": "", "whencreated": 1712607244, "isaclprotected": false}, "IsDeleted": false, "IsACLProtected": false, "ContainedBy": null, "Aces": [{"RightName": "Owns", "IsInherited": false, "PrincipalSID": "S-1-5-21-1252223512-2665318757-2669098637-512", "PrincipalType": "Group"}, {"RightName": "WriteOwner", "IsInherited": false, "PrincipalSID": "S-1-5-21-1252223512-2665318757-2669098637-512", "PrincipalType": "Group"}, {"RightName": "WriteDacl", "IsInherited": false, "PrincipalSID": "S-1-5-21-1252223512-2665318757-2669098637-512", "PrincipalType": "Group"}, {"RightName": "GenericAll", "IsInherited": true, "PrincipalSID": "S-1-5-21-1032618810-739172636-1489167904-519", "PrincipalType": "Group"}, {"RightName": "WriteOwner", "IsInherited": true, "PrincipalSID": "NORTH.SEVENKINGDOMS.LOCAL-S-1-5-32-544", "PrincipalType": "Group"}, {"RightName": "WriteDacl", "IsInherited": true, "PrincipalSID": "NORTH.SEVENKINGDOMS.LOCAL-S-1-5-32-544", "PrincipalType": "Group"}], "ChildObjects": []},{"ObjectIdentifier": "A232ED65-97EB-44FA-A760-B2865A56616F", "Properties": {"domain": "NORTH.SEVENKINGDOMS.LOCAL", "name": "SYSTEM@NORTH.SEVENKINGDOMS.LOCAL", "distinguishedname": "CN=SYSTEM,DC=NORTH,DC=SEVENKINGDOMS,DC=LOCAL", "domainsid": "S-1-5-21-1252223512-2665318757-2669098637", "highvalue": false, "description": "Builtin system settings", "whencreated": 1712607244, "isaclprotected": false}, "IsDeleted": false, "IsACLProtected": false, "ContainedBy": null, "Aces": [{"RightName": "Owns", "IsInherited": false, "PrincipalSID": "S-1-5-21-1252223512-2665318757-2669098637-512", "PrincipalType": "Group"}, {"RightName": "WriteOwner", "IsInherited": false, "PrincipalSID": "S-1-5-21-1252223512-2665318757-2669098637-512", "PrincipalType": "Group"}, {"RightName": "WriteDacl", "IsInherited": false, "PrincipalSID": "S-1-5-21-1252223512-2665318757-2669098637-512", "PrincipalType": "Group"}, {"RightName": "GenericAll", "IsInherited": true, "PrincipalSID": "S-1-5-21-1032618810-739172636-1489167904-519", "PrincipalType": "Group"}, {"RightName": "WriteOwner", "IsInherited": true, "PrincipalSID": "NORTH.SEVENKINGDOMS.LOCAL-S-1-5-32-544", "PrincipalType": "Group"}, {"RightName": "WriteDacl", "IsInherited": true, "PrincipalSID": "NORTH.SEVENKINGDOMS.LOCAL-S-1-5-32-544", "PrincipalType": "Group"}], "ChildObjects": []},{"ObjectIdentifier": "BC956F19-33D0-40BC-B820-D5D5D92A721F", "Properties": {"domain": "NORTH.SEVENKINGDOMS.LOCAL", "name": "COMPUTERS@NORTH.SEVENKINGDOMS.LOCAL", "distinguishedname": "CN=COMPUTERS,DC=NORTH,DC=SEVENKINGDOMS,DC=LOCAL", "domainsid": "S-1-5-21-1252223512-2665318757-2669098637", "highvalue": false, "description": "Default container for upgraded computer accounts", "whencreated": 1712607244, "isaclprotected": false}, "IsDeleted": false, "IsACLProtected": false, "ContainedBy": null, "Aces": [{"RightName": "Owns", "IsInherited": false, "PrincipalSID": "S-1-5-21-1252223512-2665318757-2669098637-512", "PrincipalType": "Group"}, {"RightName": "WriteOwner", "IsInherited": false, "PrincipalSID": "S-1-5-21-1252223512-2665318757-2669098637-512", "PrincipalType": "Group"}, {"RightName": "WriteDacl", "IsInherited": false, "PrincipalSID": "S-1-5-21-1252223512-2665318757-2669098637-512", "PrincipalType": "Group"}, {"RightName": "GenericAll", "IsInherited": true, "PrincipalSID": "S-1-5-21-1032618810-739172636-1489167904-519", "PrincipalType": "Group"}, {"RightName": "WriteOwner", "IsInherited": true, "PrincipalSID": "NORTH.SEVENKINGDOMS.LOCAL-S-1-5-32-544", "PrincipalType": "Group"}, {"RightName": "WriteDacl", "IsInherited": true, "PrincipalSID": "NORTH.SEVENKINGDOMS.LOCAL-S-1-5-32-544", "PrincipalType": "Group"}], "ChildObjects": [{"ObjectIdentifier": "S-1-5-21-1252223512-2665318757-2669098637-1105", "ObjectType": "Computer"}]},{"ObjectIdentifier": "D7D55C01-6BC2-4792-8503-D41FCE605BBB", "Properties": {"domain": "NORTH.SEVENKINGDOMS.LOCAL", "name": "USERS@NORTH.SEVENKINGDOMS.LOCAL", "distinguishedname": "CN=USERS,DC=NORTH,DC=SEVENKINGDOMS,DC=LOCAL", "domainsid": "S-1-5-21-1252223512-2665318757-2669098637", "highvalue": false, "description": "Default container for upgraded user accounts", "whencreated": 1712607244, "isaclprotected": false}, "IsDeleted": false, "IsACLProtected": false, "ContainedBy": null, "Aces": [{"RightName": "Owns", "IsInherited": false, "PrincipalSID": "S-1-5-21-1252223512-2665318757-2669098637-512", "PrincipalType": "Group"}, {"RightName": "WriteOwner", "IsInherited": false, "PrincipalSID": "S-1-5-21-1252223512-2665318757-2669098637-512", "PrincipalType": "Group"}, {"RightName": "WriteDacl", "IsInherited": false, "PrincipalSID": "S-1-5-21-1252223512-2665318757-2669098637-512", "PrincipalType": "Group"}, {"RightName": "GenericAll", "IsInherited": true, "PrincipalSID": "S-1-5-21-1032618810-739172636-1489167904-519", "PrincipalType": "Group"}, {"RightName": "WriteOwner", "IsInherited": true, "PrincipalSID": "NORTH.SEVENKINGDOMS.LOCAL-S-1-5-32-544", "PrincipalType": "Group"}, {"RightName": "WriteDacl", "IsInherited": true, "PrincipalSID": "NORTH.SEVENKINGDOMS.LOCAL-S-1-5-32-544", "PrincipalType": "Group"}], "ChildObjects": [{"ObjectIdentifier": "S-1-5-21-1252223512-2665318757-2669098637-1000", "ObjectType": "User"}, {"ObjectIdentifier": "S-1-5-21-1252223512-2665318757-2669098637-1106", "ObjectType": "Group"}, {"ObjectIdentifier": "S-1-5-21-1252223512-2665318757-2669098637-1121", "ObjectType": "User"}, {"ObjectIdentifier": "S-1-5-21-1252223512-2665318757-2669098637-1104", "ObjectType": "trustaccount"}, {"ObjectIdentifier": "S-1-5-21-1252223512-2665318757-2669098637-1114", "ObjectType": "User"}, {"ObjectIdentifier": "S-1-5-21-1252223512-2665318757-2669098637-1119", "ObjectType": "User"}, {"ObjectIdentifier": "S-1-5-21-1252223512-2665318757-2669098637-1113", "ObjectType": "User"}, {"ObjectIdentifier": "S-1-5-21-1252223512-2665318757-2669098637-1116", "ObjectType": "User"}, {"ObjectIdentifier": "S-1-5-21-1252223512-2665318757-2669098637-521", "ObjectType": "Group"}, {"ObjectIdentifier": "S-1-5-21-1252223512-2665318757-2669098637-553", "ObjectType": "Group"}, {"ObjectIdentifier": "S-1-5-21-1252223512-2665318757-2669098637-525", "ObjectType": "Group"}, {"ObjectIdentifier": "S-1-5-21-1252223512-2665318757-2669098637-1107", "ObjectType": "Group"}, {"ObjectIdentifier": "S-1-5-21-1252223512-2665318757-2669098637-1108", "ObjectType": "Group"}, {"ObjectIdentifier": "S-1-5-21-1252223512-2665318757-2669098637-502", "ObjectType": "User"}, {"ObjectIdentifier": "S-1-5-21-1252223512-2665318757-2669098637-526", "ObjectType": "Group"}, {"ObjectIdentifier": "S-1-5-21-1252223512-2665318757-2669098637-1118", "ObjectType": "User"}, {"ObjectIdentifier": "S-1-5-21-1252223512-2665318757-2669098637-1120", "ObjectType": "User"}, {"ObjectIdentifier": "S-1-5-21-1252223512-2665318757-2669098637-1117", "ObjectType": "User"}, {"ObjectIdentifier": "S-1-5-21-1252223512-2665318757-2669098637-501", "ObjectType": "User"}, {"ObjectIdentifier": "S-1-5-21-1252223512-2665318757-2669098637-520", "ObjectType": "Group"}, {"ObjectIdentifier": "S-1-5-21-1252223512-2665318757-2669098637-1111", "ObjectType": "User"}, {"ObjectIdentifier": "S-1-5-21-1252223512-2665318757-2669098637-513", "ObjectType": "Group"}, {"ObjectIdentifier": "S-1-5-21-1252223512-2665318757-2669098637-514", "ObjectType": "Group"}, {"ObjectIdentifier": "S-1-5-21-1252223512-2665318757-2669098637-516", "ObjectType": "Group"}, {"ObjectIdentifier": "S-1-5-21-1252223512-2665318757-2669098637-515", "ObjectType": "Group"}, {"ObjectIdentifier": "S-1-5-21-1252223512-2665318757-2669098637-512", "ObjectType": "Group"}, {"ObjectIdentifier": "S-1-5-21-1252223512-2665318757-2669098637-1103", "ObjectType": "Group"}, {"ObjectIdentifier": "S-1-5-21-1252223512-2665318757-2669098637-1102", "ObjectType": "Group"}, {"ObjectIdentifier": "S-1-5-21-1252223512-2665318757-2669098637-572", "ObjectType": "Group"}, {"ObjectIdentifier": "S-1-5-21-1252223512-2665318757-2669098637-522", "ObjectType": "Group"}, {"ObjectIdentifier": "S-1-5-21-1252223512-2665318757-2669098637-517", "ObjectType": "Group"}, {"ObjectIdentifier": "S-1-5-21-1252223512-2665318757-2669098637-1112", "ObjectType": "User"}, {"ObjectIdentifier": "S-1-5-21-1252223512-2665318757-2669098637-1115", "ObjectType": "User"}, {"ObjectIdentifier": "S-1-5-21-1252223512-2665318757-2669098637-1110", "ObjectType": "User"}, {"ObjectIdentifier": "S-1-5-21-1252223512-2665318757-2669098637-571", "ObjectType": "Group"}, {"ObjectIdentifier": "S-1-5-21-1252223512-2665318757-2669098637-500", "ObjectType": "User"}, {"ObjectIdentifier": "S-1-5-21-1252223512-2665318757-2669098637-1109", "ObjectType": "Group"}]}],"meta":{"methods":0,"type":"containers","count":19, "version":6}}