{"data":[{"Properties":{"domain":"ESSOS.LOCAL","name":"ESSOS-CA@ESSOS.LOCAL","distinguishedname":"CN=ESSOS-CA,CN=AIA,CN=PUBLIC KEY SERVICES,CN=SERVICES,CN=CONFIGURATION,DC=ESSOS,DC=LOCAL","domainsid":"S-1-5-21-2158876063-2930955257-1391117225","isaclprotected":false,"description":null,"whencreated":1712584259,"crosscertificatepair":[],"hascrosscertificatepair":false,"certthumbprint":"AAF28A59F052B6CB1243FBF0C5DAE376CEDC4C60","certname":"AAF28A59F052B6CB1243FBF0C5DAE376CEDC4C60","certchain":["AAF28A59F052B6CB1243FBF0C5DAE376CEDC4C60"],"hasbasicconstraints":false,"basicconstraintpathlength":0},"Aces":[{"PrincipalSID":"S-1-5-21-2158876063-2930955257-1391117225-519","PrincipalType":"Group","RightName":"Owns","IsInherited":false},{"PrincipalSID":"ESSOS.LOCAL-S-1-5-32-544","PrincipalType":"Group","RightName":"GenericAll","IsInherited":false},{"PrincipalSID":"S-1-5-21-2158876063-2930955257-1391117225-512","PrincipalType":"Group","RightName":"GenericAll","IsInherited":false},{"PrincipalSID":"S-1-5-21-2158876063-2930955257-1391117225-519","PrincipalType":"Group","RightName":"GenericAll","IsInherited":false},{"PrincipalSID":"S-1-5-21-2158876063-2930955257-1391117225-1104","PrincipalType":"Computer","RightName":"GenericAll","IsInherited":false},{"PrincipalSID":"S-1-5-21-2158876063-2930955257-1391117225-519","PrincipalType":"Group","RightName":"GenericAll","IsInherited":true},{"PrincipalSID":"S-1-5-21-2158876063-2930955257-1391117225-512","PrincipalType":"Group","RightName":"WriteDacl","IsInherited":true},{"PrincipalSID":"S-1-5-21-2158876063-2930955257-1391117225-512","PrincipalType":"Group","RightName":"WriteOwner","IsInherited":true}],"ObjectIdentifier":"22E5CCF8-53C6-4A9B-8231-C653C490F51F","IsDeleted":false,"IsACLProtected":false,"ContainedBy":{"ObjectIdentifier":"243966CC-C341-4E23-B9FC-541E6B2BE71B","ObjectType":"Container"}}],"meta":{"methods":521215,"type":"aiacas","count":1,"version":6}}