{"data":[{"Properties":{"domain":"ESSOS.LOCAL","name":"NTAUTHCERTIFICATES@ESSOS.LOCAL","distinguishedname":"CN=NTAUTHCERTIFICATES,CN=PUBLIC KEY SERVICES,CN=SERVICES,CN=CONFIGURATION,DC=ESSOS,DC=LOCAL","domainsid":"S-1-5-21-2158876063-2930955257-1391117225","isaclprotected":false,"certthumbprints":["AAF28A59F052B6CB1243FBF0C5DAE376CEDC4C60"],"description":null,"whencreated":1712584259},"DomainSID":"S-1-5-21-2158876063-2930955257-1391117225","Aces":[{"PrincipalSID":"S-1-5-21-2158876063-2930955257-1391117225-519","PrincipalType":"Group","RightName":"Owns","IsInherited":false},{"PrincipalSID":"ESSOS.LOCAL-S-1-5-32-544","PrincipalType":"Group","RightName":"GenericAll","IsInherited":false},{"PrincipalSID":"S-1-5-21-2158876063-2930955257-1391117225-512","PrincipalType":"Group","RightName":"GenericAll","IsInherited":false},{"PrincipalSID":"S-1-5-21-2158876063-2930955257-1391117225-519","PrincipalType":"Group","RightName":"GenericAll","IsInherited":false},{"PrincipalSID":"S-1-5-21-2158876063-2930955257-1391117225-519","PrincipalType":"Group","RightName":"GenericAll","IsInherited":true},{"PrincipalSID":"S-1-5-21-2158876063-2930955257-1391117225-512","PrincipalType":"Group","RightName":"WriteDacl","IsInherited":true},{"PrincipalSID":"S-1-5-21-2158876063-2930955257-1391117225-512","PrincipalType":"Group","RightName":"WriteOwner","IsInherited":true}],"ObjectIdentifier":"E0BA4363-6AEA-4A2A-8477-805586AAC714","IsDeleted":false,"IsACLProtected":false,"ContainedBy":{"ObjectIdentifier":"C329E73C-24FB-4964-B2AF-AD58536F60F8","ObjectType":"Container"}}],"meta":{"methods":521215,"type":"ntauthstores","count":1,"version":6}}