{"data":[{"ObjectIdentifier": "S-1-5-21-2158876063-2930955257-1391117225-1001", "AllowedToAct": [], "PrimaryGroupSID": "S-1-5-21-2158876063-2930955257-1391117225-516", "ContainedBy": null, "DumpSMSAPassword": [], "Properties": {"name": "MEEREEN.ESSOS.LOCAL", "domainsid": "S-1-5-21-2158876063-2930955257-1391117225", "domain": "ESSOS.LOCAL", "highvalue": false, "distinguishedname": "CN=MEEREEN,OU=DOMAIN CONTROLLERS,DC=ESSOS,DC=LOCAL", "unconstraineddelegation": true, "enabled": true, "trustedtoauth": false, "samaccountname": "MEEREEN$", "haslaps": false, "lastlogon": 1712785510, "lastlogontimestamp": 1712606564, "pwdlastset": 1712606546, "whencreated": 1712606520, "serviceprincipalnames": ["TERMSRV/MEEREEN", "TERMSRV/meereen.essos.local", "Dfsr-12F9A27C-BF97-4787-9364-D31B6C55EB04/meereen.essos.local", "ldap/meereen.essos.local/ForestDnsZones.essos.local", "ldap/meereen.essos.local/DomainDnsZones.essos.local", "DNS/meereen.essos.local", "GC/meereen.essos.local/essos.local", "RestrictedKrbHost/meereen.essos.local", "RestrictedKrbHost/MEEREEN", "RPC/0f94183b-899a-4395-9263-c992a0922723._msdcs.essos.local", "HOST/MEEREEN/ESSOS", "HOST/meereen.essos.local/ESSOS", "HOST/MEEREEN", "HOST/meereen.essos.local", "HOST/meereen.essos.local/essos.local", "E3514235-4B06-11D1-AB04-00C04FC2DCD2/0f94183b-899a-4395-9263-c992a0922723/essos.local", "ldap/MEEREEN/ESSOS", "ldap/0f94183b-899a-4395-9263-c992a0922723._msdcs.essos.local", "ldap/meereen.essos.local/ESSOS", "ldap/MEEREEN", "ldap/meereen.essos.local", "ldap/meereen.essos.local/essos.local"], "description": null, "operatingsystem": "Windows Server 2016 Standard Evaluation", "sidhistory": [], "isaclprotected": false}, "LocalGroups": [], "UserRights": [], "AllowedToDelegate": [], "Sessions": {"Collected": true, "FailureReason": null, "Results": []}, "PrivilegedSessions": {"Collected": false, "FailureReason": null, "Results": []}, "RegistrySessions": {"Collected": false, "FailureReason": null, "Results": []}, "Aces": [{"RightName": "Owns", "IsInherited": false, "PrincipalSID": "S-1-5-21-2158876063-2930955257-1391117225-512", "PrincipalType": "Group"}, {"RightName": "GenericAll", "IsInherited": false, "PrincipalSID": "S-1-5-21-2158876063-2930955257-1391117225-512", "PrincipalType": "Group"}, {"RightName": "AddKeyCredentialLink", "IsInherited": true, "PrincipalSID": "S-1-5-21-2158876063-2930955257-1391117225-526", "PrincipalType": "Group"}, {"RightName": "AddKeyCredentialLink", "IsInherited": true, "PrincipalSID": "S-1-5-21-2158876063-2930955257-1391117225-527", "PrincipalType": "Group"}, {"RightName": "GenericAll", "IsInherited": true, "PrincipalSID": "S-1-5-21-2158876063-2930955257-1391117225-519", "PrincipalType": "Group"}, {"RightName": "GenericWrite", "IsInherited": true, "PrincipalSID": "ESSOS.LOCAL-S-1-5-32-544", "PrincipalType": "Group"}, {"RightName": "WriteOwner", "IsInherited": true, "PrincipalSID": "ESSOS.LOCAL-S-1-5-32-544", "PrincipalType": "Group"}, {"RightName": "WriteDacl", "IsInherited": true, "PrincipalSID": "ESSOS.LOCAL-S-1-5-32-544", "PrincipalType": "Group"}], "HasSIDHistory": [], "IsDeleted": false, "Status": null, "IsACLProtected": false},{"ObjectIdentifier": "S-1-5-21-2158876063-2930955257-1391117225-1104", "AllowedToAct": [], "PrimaryGroupSID": "S-1-5-21-2158876063-2930955257-1391117225-515", "ContainedBy": null, "DumpSMSAPassword": [], "Properties": {"name": "BRAAVOS.ESSOS.LOCAL", "domainsid": "S-1-5-21-2158876063-2930955257-1391117225", "domain": "ESSOS.LOCAL", "highvalue": false, "distinguishedname": "CN=BRAAVOS,OU=LAPS,DC=ESSOS,DC=LOCAL", "unconstraineddelegation": false, "enabled": true, "trustedtoauth": false, "samaccountname": "BRAAVOS$", "haslaps": true, "lastlogon": 1712797685, "lastlogontimestamp": 1712608117, "pwdlastset": 1712608117, "whencreated": 1712608117, "serviceprincipalnames": ["TERMSRV/BRAAVOS", "TERMSRV/braavos.essos.local", "WSMAN/braavos", "WSMAN/braavos.essos.local", "RestrictedKrbHost/BRAAVOS", "HOST/BRAAVOS", "RestrictedKrbHost/braavos.essos.local", "HOST/braavos.essos.local"], "description": null, "operatingsystem": "Windows Server 2016 Standard Evaluation", "sidhistory": [], "isaclprotected": false}, "LocalGroups": [{"ObjectIdentifier": "S-1-5-21-2158876063-2930955257-1391117225-1104-544", "Name": "ADMINISTRATORS@BRAAVOS.ESSOS.LOCAL", "Results": [{"ObjectIdentifier": "S-1-5-21-2158876063-2930955257-1391117225-512", "ObjectType": "Group"}, {"ObjectIdentifier": "S-1-5-21-2158876063-2930955257-1391117225-1114", "ObjectType": "User"}], "LocalNames": [], "Collected": true, "FailureReason": null}, {"ObjectIdentifier": "S-1-5-21-2158876063-2930955257-1391117225-1104-580", "Name": "REMOTE MANAGEMENT USERS@BRAAVOS.ESSOS.LOCAL", "Results": [], "LocalNames": [], "Collected": true, "FailureReason": null}, {"ObjectIdentifier": "S-1-5-21-2158876063-2930955257-1391117225-1104-555", "Name": "REMOTE DESKTOP USERS@BRAAVOS.ESSOS.LOCAL", "Results": [], "LocalNames": [], "Collected": true, "FailureReason": null}, {"ObjectIdentifier": "S-1-5-21-2158876063-2930955257-1391117225-1104-562", "Name": "DISTRIBUTED COM USERS@BRAAVOS.ESSOS.LOCAL", "Results": [], "LocalNames": [], "Collected": true, "FailureReason": null}], "UserRights": [], "AllowedToDelegate": [], "Sessions": {"Collected": true, "FailureReason": null, "Results": []}, "PrivilegedSessions": {"Collected": false, "FailureReason": null, "Results": []}, "RegistrySessions": {"Collected": false, "FailureReason": null, "Results": []}, "Aces": [{"RightName": "Owns", "IsInherited": false, "PrincipalSID": "S-1-5-21-2158876063-2930955257-1391117225-512", "PrincipalType": "Group"}, {"RightName": "GenericAll", "IsInherited": false, "PrincipalSID": "S-1-5-21-2158876063-2930955257-1391117225-512", "PrincipalType": "Group"}, {"RightName": "GenericAll", "IsInherited": false, "PrincipalSID": "ESSOS.LOCAL-S-1-5-32-548", "PrincipalType": "Group"}, {"RightName": "ReadLAPSPassword", "IsInherited": true, "PrincipalSID": "S-1-5-21-2158876063-2930955257-1391117225-1111", "PrincipalType": "Group"}, {"RightName": "ReadLAPSPassword", "IsInherited": true, "PrincipalSID": "S-1-5-21-2158876063-2930955257-1391117225-1115", "PrincipalType": "User"}, {"RightName": "AddKeyCredentialLink", "IsInherited": true, "PrincipalSID": "S-1-5-21-2158876063-2930955257-1391117225-526", "PrincipalType": "Group"}, {"RightName": "AddKeyCredentialLink", "IsInherited": true, "PrincipalSID": "S-1-5-21-2158876063-2930955257-1391117225-527", "PrincipalType": "Group"}, {"RightName": "GenericAll", "IsInherited": true, "PrincipalSID": "S-1-5-21-2158876063-2930955257-1391117225-519", "PrincipalType": "Group"}, {"RightName": "GenericWrite", "IsInherited": true, "PrincipalSID": "ESSOS.LOCAL-S-1-5-32-544", "PrincipalType": "Group"}, {"RightName": "WriteOwner", "IsInherited": true, "PrincipalSID": "ESSOS.LOCAL-S-1-5-32-544", "PrincipalType": "Group"}, {"RightName": "WriteDacl", "IsInherited": true, "PrincipalSID": "ESSOS.LOCAL-S-1-5-32-544", "PrincipalType": "Group"}], "HasSIDHistory": [], "IsDeleted": false, "Status": null, "IsACLProtected": false}],"meta":{"methods":0,"type":"computers","count":2, "version":6}}