{"data": [{"ObjectIdentifier": "S-1-5-21-2158876063-2930955257-1391117225", "Properties": {"name": "ESSOS.LOCAL", "domain": "ESSOS.LOCAL", "domainsid": "S-1-5-21-2158876063-2930955257-1391117225", "distinguishedname": "DC=ESSOS,DC=LOCAL", "description": "", "functionallevel": "2016", "highvalue": true, "isaclprotected": false, "collected": true, "whencreated": 1712606185}, "Trusts": [{"TargetDomainName": "SEVENKINGDOMS.LOCAL", "TargetDomainSid": "S-1-5-21-1032618810-739172636-1489167904", "IsTransitive": true, "TrustDirection": "Bidirectional", "TrustType": "Forest", "SidFilteringEnabled": true}], "Aces": [{"RightName": "Owns", "IsInherited": false, "PrincipalSID": "ESSOS.LOCAL-S-1-5-32-544", "PrincipalType": "Group"}, {"RightName": "GetChanges", "IsInherited": false, "PrincipalSID": "S-1-5-21-2158876063-2930955257-1391117225-498", "PrincipalType": "Group"}, {"RightName": "GetChangesAll", "IsInherited": false, "PrincipalSID": "S-1-5-21-2158876063-2930955257-1391117225-516", "PrincipalType": "Group"}, {"RightName": "GetChangesInFilteredSet", "IsInherited": false, "PrincipalSID": "ESSOS.LOCAL-S-1-5-32-544", "PrincipalType": "Group"}, {"RightName": "GetChanges", "IsInherited": false, "PrincipalSID": "ESSOS.LOCAL-S-1-5-32-544", "PrincipalType": "Group"}, {"RightName": "GetChangesAll", "IsInherited": false, "PrincipalSID": "ESSOS.LOCAL-S-1-5-32-544", "PrincipalType": "Group"}, {"RightName": "GetChangesInFilteredSet", "IsInherited": false, "PrincipalSID": "ESSOS.LOCAL-S-1-5-9", "PrincipalType": "Group"}, {"RightName": "GetChanges", "IsInherited": false, "PrincipalSID": "ESSOS.LOCAL-S-1-5-9", "PrincipalType": "Group"}, {"RightName": "WriteOwner", "IsInherited": false, "PrincipalSID": "S-1-5-21-2158876063-2930955257-1391117225-512", "PrincipalType": "Group"}, {"RightName": "AllExtendedRights", "IsInherited": false, "PrincipalSID": "S-1-5-21-2158876063-2930955257-1391117225-512", "PrincipalType": "Group"}, {"RightName": "WriteDacl", "IsInherited": false, "PrincipalSID": "S-1-5-21-2158876063-2930955257-1391117225-512", "PrincipalType": "Group"}, {"RightName": "GenericAll", "IsInherited": false, "PrincipalSID": "S-1-5-21-2158876063-2930955257-1391117225-519", "PrincipalType": "Group"}, {"RightName": "WriteOwner", "IsInherited": false, "PrincipalSID": "ESSOS.LOCAL-S-1-5-32-544", "PrincipalType": "Group"}, {"RightName": "AllExtendedRights", "IsInherited": false, "PrincipalSID": "ESSOS.LOCAL-S-1-5-32-544", "PrincipalType": "Group"}, {"RightName": "WriteDacl", "IsInherited": false, "PrincipalSID": "ESSOS.LOCAL-S-1-5-32-544", "PrincipalType": "Group"}], "Links": [{"IsEnforced": false, "GUID": "2039381F-7EAF-479C-8FFE-D1AFAB499923"}], "ChildObjects": [{"ObjectIdentifier": "F659C2FB-711D-492A-89A9-884CA0C2B7C0", "ObjectType": "Container"}, {"ObjectIdentifier": "A8831E81-12DE-471D-8D2F-23799D8B1338", "ObjectType": "Container"}, {"ObjectIdentifier": "7C66E9D9-2633-4781-86FB-D646AB0CD590", "ObjectType": "OU"}, {"ObjectIdentifier": "21EE7C61-801D-4D86-9510-CF092500C1FE", "ObjectType": "Container"}, {"ObjectIdentifier": "C2CFDDF5-408C-4A5F-8E38-F2290FC8BAB8", "ObjectType": "OU"}, {"ObjectIdentifier": "70CAA3E5-2AF8-4782-9945-EEF861A4CC62", "ObjectType": "Container"}], "GPOChanges": {"AffectedComputers": [], "DcomUsers": [], "LocalAdmins": [], "PSRemoteUsers": [], "RemoteDesktopUsers": []}, "IsDeleted": false, "IsACLProtected": false}], "meta": {"type": "domains", "count": 1, "version": 6}}