{"data":[{"ObjectIdentifier": "C2CFDDF5-408C-4A5F-8E38-F2290FC8BAB8", "Properties": {"domain": "ESSOS.LOCAL", "name": "DOMAIN CONTROLLERS@ESSOS.LOCAL", "distinguishedname": "OU=DOMAIN CONTROLLERS,DC=ESSOS,DC=LOCAL", "domainsid": "S-1-5-21-2158876063-2930955257-1391117225", "highvalue": false, "blocksinheritance": false, "description": "Default container for domain controllers", "whencreated": 1712606196, "isaclprotected": false}, "IsDeleted": false, "IsACLProtected": false, "Aces": [{"RightName": "Owns", "IsInherited": false, "PrincipalSID": "S-1-5-21-2158876063-2930955257-1391117225-512", "PrincipalType": "Group"}, {"RightName": "WriteOwner", "IsInherited": false, "PrincipalSID": "S-1-5-21-2158876063-2930955257-1391117225-512", "PrincipalType": "Group"}, {"RightName": "WriteDacl", "IsInherited": false, "PrincipalSID": "S-1-5-21-2158876063-2930955257-1391117225-512", "PrincipalType": "Group"}, {"RightName": "GenericAll", "IsInherited": true, "PrincipalSID": "S-1-5-21-2158876063-2930955257-1391117225-519", "PrincipalType": "Group"}, {"RightName": "WriteOwner", "IsInherited": true, "PrincipalSID": "ESSOS.LOCAL-S-1-5-32-544", "PrincipalType": "Group"}, {"RightName": "WriteDacl", "IsInherited": true, "PrincipalSID": "ESSOS.LOCAL-S-1-5-32-544", "PrincipalType": "Group"}], "Links": [{"IsEnforced": false, "GUID": "69077C02-5B40-41A6-A604-49879C45ED39"}], "ChildObjects": [{"ObjectIdentifier": "S-1-5-21-2158876063-2930955257-1391117225-1001", "ObjectType": "Computer"}], "GPOChanges": {"AffectedComputers": [], "DcomUsers": [], "LocalAdmins": [], "PSRemoteUsers": [], "RemoteDesktopUsers": []}},{"ObjectIdentifier": "7C66E9D9-2633-4781-86FB-D646AB0CD590", "Properties": {"domain": "ESSOS.LOCAL", "name": "LAPS@ESSOS.LOCAL", "distinguishedname": "OU=LAPS,DC=ESSOS,DC=LOCAL", "domainsid": "S-1-5-21-2158876063-2930955257-1391117225", "highvalue": false, "blocksinheritance": false, "description": null, "whencreated": 1712608887, "isaclprotected": false}, "IsDeleted": false, "IsACLProtected": false, "Aces": [{"RightName": "GenericAll", "IsInherited": false, "PrincipalSID": "S-1-5-21-2158876063-2930955257-1391117225-512", "PrincipalType": "Group"}, {"RightName": "GenericAll", "IsInherited": true, "PrincipalSID": "S-1-5-21-2158876063-2930955257-1391117225-519", "PrincipalType": "Group"}, {"RightName": "WriteOwner", "IsInherited": true, "PrincipalSID": "ESSOS.LOCAL-S-1-5-32-544", "PrincipalType": "Group"}, {"RightName": "WriteDacl", "IsInherited": true, "PrincipalSID": "ESSOS.LOCAL-S-1-5-32-544", "PrincipalType": "Group"}], "Links": [{"IsEnforced": true, "GUID": "101542F1-9F75-44EB-B453-F8B379F6FCDE"}], "ChildObjects": [{"ObjectIdentifier": "S-1-5-21-2158876063-2930955257-1391117225-1104", "ObjectType": "Computer"}], "GPOChanges": {"AffectedComputers": [], "DcomUsers": [], "LocalAdmins": [], "PSRemoteUsers": [], "RemoteDesktopUsers": []}}],"meta":{"methods":0,"type":"ous","count":2, "version":6}}