{"data":[{"ObjectIdentifier": "101542F1-9F75-44EB-B453-F8B379F6FCDE", "Properties": {"domain": "ESSOS.LOCAL", "name": "ANSIBLE-LAPS@ESSOS.LOCAL", "distinguishedname": "CN={40593661-8188-4C6B-B669-8BA6431DAD15},CN=POLICIES,CN=SYSTEM,DC=ESSOS,DC=LOCAL", "domainsid": "S-1-5-21-2158876063-2930955257-1391117225", "highvalue": false, "gpcpath": "\\\\ESSOS.LOCAL\\SYSVOL\\ESSOS.LOCAL\\POLICIES\\{40593661-8188-4C6B-B669-8BA6431DAD15}", "description": null, "whencreated": 1712608909, "isaclprotected": true}, "IsDeleted": false, "IsACLProtected": true, "Aces": [{"RightName": "Owns", "IsInherited": false, "PrincipalSID": "S-1-5-21-2158876063-2930955257-1391117225-1000", "PrincipalType": "User"}, {"RightName": "GenericWrite", "IsInherited": false, "PrincipalSID": "S-1-5-21-2158876063-2930955257-1391117225-1000", "PrincipalType": "User"}, {"RightName": "WriteOwner", "IsInherited": false, "PrincipalSID": "S-1-5-21-2158876063-2930955257-1391117225-1000", "PrincipalType": "User"}, {"RightName": "WriteDacl", "IsInherited": false, "PrincipalSID": "S-1-5-21-2158876063-2930955257-1391117225-1000", "PrincipalType": "User"}, {"RightName": "GenericWrite", "IsInherited": false, "PrincipalSID": "S-1-5-21-2158876063-2930955257-1391117225-512", "PrincipalType": "Group"}, {"RightName": "WriteOwner", "IsInherited": false, "PrincipalSID": "S-1-5-21-2158876063-2930955257-1391117225-512", "PrincipalType": "Group"}, {"RightName": "WriteDacl", "IsInherited": false, "PrincipalSID": "S-1-5-21-2158876063-2930955257-1391117225-512", "PrincipalType": "Group"}, {"RightName": "GenericWrite", "IsInherited": false, "PrincipalSID": "S-1-5-21-2158876063-2930955257-1391117225-519", "PrincipalType": "Group"}, {"RightName": "WriteOwner", "IsInherited": false, "PrincipalSID": "S-1-5-21-2158876063-2930955257-1391117225-519", "PrincipalType": "Group"}, {"RightName": "WriteDacl", "IsInherited": false, "PrincipalSID": "S-1-5-21-2158876063-2930955257-1391117225-519", "PrincipalType": "Group"}]},{"ObjectIdentifier": "69077C02-5B40-41A6-A604-49879C45ED39", "Properties": {"domain": "ESSOS.LOCAL", "name": "DEFAULT DOMAIN CONTROLLERS POLICY@ESSOS.LOCAL", "distinguishedname": "CN={6AC1786C-016F-11D2-945F-00C04FB984F9},CN=POLICIES,CN=SYSTEM,DC=ESSOS,DC=LOCAL", "domainsid": "S-1-5-21-2158876063-2930955257-1391117225", "highvalue": false, "gpcpath": "\\\\ESSOS.LOCAL\\SYSVOL\\ESSOS.LOCAL\\POLICIES\\{6AC1786C-016F-11D2-945F-00C04FB984F9}", "description": null, "whencreated": 1712606196, "isaclprotected": true}, "IsDeleted": false, "IsACLProtected": true, "Aces": [{"RightName": "Owns", "IsInherited": false, "PrincipalSID": "S-1-5-21-2158876063-2930955257-1391117225-512", "PrincipalType": "Group"}, {"RightName": "GenericWrite", "IsInherited": false, "PrincipalSID": "S-1-5-21-2158876063-2930955257-1391117225-512", "PrincipalType": "Group"}, {"RightName": "WriteOwner", "IsInherited": false, "PrincipalSID": "S-1-5-21-2158876063-2930955257-1391117225-512", "PrincipalType": "Group"}, {"RightName": "WriteDacl", "IsInherited": false, "PrincipalSID": "S-1-5-21-2158876063-2930955257-1391117225-512", "PrincipalType": "Group"}, {"RightName": "GenericWrite", "IsInherited": false, "PrincipalSID": "S-1-5-21-2158876063-2930955257-1391117225-519", "PrincipalType": "Group"}, {"RightName": "WriteOwner", "IsInherited": false, "PrincipalSID": "S-1-5-21-2158876063-2930955257-1391117225-519", "PrincipalType": "Group"}, {"RightName": "WriteDacl", "IsInherited": false, "PrincipalSID": "S-1-5-21-2158876063-2930955257-1391117225-519", "PrincipalType": "Group"}, {"RightName": "GenericWrite", "IsInherited": false, "PrincipalSID": "S-1-5-21-2158876063-2930955257-1391117225-512", "PrincipalType": "Group"}, {"RightName": "WriteOwner", "IsInherited": false, "PrincipalSID": "S-1-5-21-2158876063-2930955257-1391117225-512", "PrincipalType": "Group"}, {"RightName": "WriteDacl", "IsInherited": false, "PrincipalSID": "S-1-5-21-2158876063-2930955257-1391117225-512", "PrincipalType": "Group"}]},{"ObjectIdentifier": "2039381F-7EAF-479C-8FFE-D1AFAB499923", "Properties": {"domain": "ESSOS.LOCAL", "name": "DEFAULT DOMAIN POLICY@ESSOS.LOCAL", "distinguishedname": "CN={31B2F340-016D-11D2-945F-00C04FB984F9},CN=POLICIES,CN=SYSTEM,DC=ESSOS,DC=LOCAL", "domainsid": "S-1-5-21-2158876063-2930955257-1391117225", "highvalue": false, "gpcpath": "\\\\ESSOS.LOCAL\\SYSVOL\\ESSOS.LOCAL\\POLICIES\\{31B2F340-016D-11D2-945F-00C04FB984F9}", "description": null, "whencreated": 1712606196, "isaclprotected": true}, "IsDeleted": false, "IsACLProtected": true, "Aces": [{"RightName": "Owns", "IsInherited": false, "PrincipalSID": "S-1-5-21-2158876063-2930955257-1391117225-512", "PrincipalType": "Group"}, {"RightName": "GenericWrite", "IsInherited": false, "PrincipalSID": "S-1-5-21-2158876063-2930955257-1391117225-512", "PrincipalType": "Group"}, {"RightName": "WriteOwner", "IsInherited": false, "PrincipalSID": "S-1-5-21-2158876063-2930955257-1391117225-512", "PrincipalType": "Group"}, {"RightName": "WriteDacl", "IsInherited": false, "PrincipalSID": "S-1-5-21-2158876063-2930955257-1391117225-512", "PrincipalType": "Group"}, {"RightName": "GenericWrite", "IsInherited": false, "PrincipalSID": "S-1-5-21-2158876063-2930955257-1391117225-519", "PrincipalType": "Group"}, {"RightName": "WriteOwner", "IsInherited": false, "PrincipalSID": "S-1-5-21-2158876063-2930955257-1391117225-519", "PrincipalType": "Group"}, {"RightName": "WriteDacl", "IsInherited": false, "PrincipalSID": "S-1-5-21-2158876063-2930955257-1391117225-519", "PrincipalType": "Group"}, {"RightName": "GenericWrite", "IsInherited": false, "PrincipalSID": "S-1-5-21-2158876063-2930955257-1391117225-512", "PrincipalType": "Group"}, {"RightName": "WriteOwner", "IsInherited": false, "PrincipalSID": "S-1-5-21-2158876063-2930955257-1391117225-512", "PrincipalType": "Group"}, {"RightName": "WriteDacl", "IsInherited": false, "PrincipalSID": "S-1-5-21-2158876063-2930955257-1391117225-512", "PrincipalType": "Group"}]}],"meta":{"methods":0,"type":"gpos","count":3, "version":6}}