{"data":[{"ObjectIdentifier": "4EAC20D9-98E6-42D7-BF28-638D83EE85BB", "Properties": {"domain": "ESSOS.LOCAL", "name": "WMIGPO@ESSOS.LOCAL", "distinguishedname": "CN=WMIGPO,CN=WMIPOLICY,CN=SYSTEM,DC=ESSOS,DC=LOCAL", "domainsid": "S-1-5-21-2158876063-2930955257-1391117225", "highvalue": false, "description": "", "whencreated": 1712606196, "isaclprotected": false}, "IsDeleted": false, "IsACLProtected": false, "ContainedBy": null, "Aces": [{"RightName": "Owns", "IsInherited": false, "PrincipalSID": "S-1-5-21-2158876063-2930955257-1391117225-512", "PrincipalType": "Group"}, {"RightName": "WriteOwner", "IsInherited": false, "PrincipalSID": "S-1-5-21-2158876063-2930955257-1391117225-512", "PrincipalType": "Group"}, {"RightName": "WriteDacl", "IsInherited": false, "PrincipalSID": "S-1-5-21-2158876063-2930955257-1391117225-512", "PrincipalType": "Group"}, {"RightName": "GenericAll", "IsInherited": true, "PrincipalSID": "S-1-5-21-2158876063-2930955257-1391117225-519", "PrincipalType": "Group"}, {"RightName": "GenericAll", "IsInherited": true, "PrincipalSID": "S-1-5-21-2158876063-2930955257-1391117225-512", "PrincipalType": "Group"}], "ChildObjects": []},{"ObjectIdentifier": "57A936D5-8D54-4FA8-9317-6351FFEDA4A6", "Properties": {"domain": "ESSOS.LOCAL", "name": "POLICYTYPE@ESSOS.LOCAL", "distinguishedname": "CN=POLICYTYPE,CN=WMIPOLICY,CN=SYSTEM,DC=ESSOS,DC=LOCAL", "domainsid": "S-1-5-21-2158876063-2930955257-1391117225", "highvalue": false, "description": "", "whencreated": 1712606196, "isaclprotected": false}, "IsDeleted": false, "IsACLProtected": false, "ContainedBy": null, "Aces": [{"RightName": "Owns", "IsInherited": false, "PrincipalSID": "S-1-5-21-2158876063-2930955257-1391117225-512", "PrincipalType": "Group"}, {"RightName": "WriteOwner", "IsInherited": false, "PrincipalSID": "S-1-5-21-2158876063-2930955257-1391117225-512", "PrincipalType": "Group"}, {"RightName": "WriteDacl", "IsInherited": false, "PrincipalSID": "S-1-5-21-2158876063-2930955257-1391117225-512", "PrincipalType": "Group"}, {"RightName": "GenericAll", "IsInherited": true, "PrincipalSID": "S-1-5-21-2158876063-2930955257-1391117225-519", "PrincipalType": "Group"}, {"RightName": "GenericAll", "IsInherited": true, "PrincipalSID": "S-1-5-21-2158876063-2930955257-1391117225-512", "PrincipalType": "Group"}], "ChildObjects": []},{"ObjectIdentifier": "932420E4-290D-4272-9CE1-2DA2C32DBA5E", "Properties": {"domain": "ESSOS.LOCAL", "name": "SOM@ESSOS.LOCAL", "distinguishedname": "CN=SOM,CN=WMIPOLICY,CN=SYSTEM,DC=ESSOS,DC=LOCAL", "domainsid": "S-1-5-21-2158876063-2930955257-1391117225", "highvalue": false, "description": "", "whencreated": 1712606196, "isaclprotected": true}, "IsDeleted": false, "IsACLProtected": true, "ContainedBy": null, "Aces": [{"RightName": "Owns", "IsInherited": false, "PrincipalSID": "S-1-5-21-2158876063-2930955257-1391117225-512", "PrincipalType": "Group"}, {"RightName": "GenericAll", "IsInherited": false, "PrincipalSID": "S-1-5-21-2158876063-2930955257-1391117225-512", "PrincipalType": "Group"}, {"RightName": "GenericAll", "IsInherited": false, "PrincipalSID": "S-1-5-21-2158876063-2930955257-1391117225-519", "PrincipalType": "Group"}], "ChildObjects": []},{"ObjectIdentifier": "A7F61361-35AB-4B0E-936F-6C97C02A26C2", "Properties": {"domain": "ESSOS.LOCAL", "name": "POLICYTEMPLATE@ESSOS.LOCAL", "distinguishedname": "CN=POLICYTEMPLATE,CN=WMIPOLICY,CN=SYSTEM,DC=ESSOS,DC=LOCAL", "domainsid": "S-1-5-21-2158876063-2930955257-1391117225", "highvalue": false, "description": "", "whencreated": 1712606196, "isaclprotected": false}, "IsDeleted": false, "IsACLProtected": false, "ContainedBy": null, "Aces": [{"RightName": "Owns", "IsInherited": false, "PrincipalSID": "S-1-5-21-2158876063-2930955257-1391117225-512", "PrincipalType": "Group"}, {"RightName": "WriteOwner", "IsInherited": false, "PrincipalSID": "S-1-5-21-2158876063-2930955257-1391117225-512", "PrincipalType": "Group"}, {"RightName": "WriteDacl", "IsInherited": false, "PrincipalSID": "S-1-5-21-2158876063-2930955257-1391117225-512", "PrincipalType": "Group"}, {"RightName": "GenericAll", "IsInherited": true, "PrincipalSID": "S-1-5-21-2158876063-2930955257-1391117225-519", "PrincipalType": "Group"}, {"RightName": "GenericAll", "IsInherited": true, "PrincipalSID": "S-1-5-21-2158876063-2930955257-1391117225-512", "PrincipalType": "Group"}], "ChildObjects": []},{"ObjectIdentifier": "D5AB612A-DECD-4B58-826E-857F43A39162", "Properties": {"domain": "ESSOS.LOCAL", "name": "WMIPOLICY@ESSOS.LOCAL", "distinguishedname": "CN=WMIPOLICY,CN=SYSTEM,DC=ESSOS,DC=LOCAL", "domainsid": "S-1-5-21-2158876063-2930955257-1391117225", "highvalue": false, "description": "", "whencreated": 1712606196, "isaclprotected": true}, "IsDeleted": false, "IsACLProtected": true, "ContainedBy": null, "Aces": [{"RightName": "Owns", "IsInherited": false, "PrincipalSID": "S-1-5-21-2158876063-2930955257-1391117225-512", "PrincipalType": "Group"}, {"RightName": "GenericAll", "IsInherited": false, "PrincipalSID": "S-1-5-21-2158876063-2930955257-1391117225-519", "PrincipalType": "Group"}, {"RightName": "GenericAll", "IsInherited": false, "PrincipalSID": "S-1-5-21-2158876063-2930955257-1391117225-512", "PrincipalType": "Group"}], "ChildObjects": []},{"ObjectIdentifier": "60E5D24F-94C8-4678-A612-E2984F067144", "Properties": {"domain": "ESSOS.LOCAL", "name": "COMPARTITIONSETS@ESSOS.LOCAL", "distinguishedname": "CN=COMPARTITIONSETS,CN=SYSTEM,DC=ESSOS,DC=LOCAL", "domainsid": "S-1-5-21-2158876063-2930955257-1391117225", "highvalue": false, "description": "", "whencreated": 1712606196, "isaclprotected": false}, "IsDeleted": false, "IsACLProtected": false, "ContainedBy": null, "Aces": [{"RightName": "Owns", "IsInherited": false, "PrincipalSID": "S-1-5-21-2158876063-2930955257-1391117225-512", "PrincipalType": "Group"}, {"RightName": "WriteOwner", "IsInherited": false, "PrincipalSID": "S-1-5-21-2158876063-2930955257-1391117225-512", "PrincipalType": "Group"}, {"RightName": "WriteDacl", "IsInherited": false, "PrincipalSID": "S-1-5-21-2158876063-2930955257-1391117225-512", "PrincipalType": "Group"}, {"RightName": "GenericAll", "IsInherited": true, "PrincipalSID": "S-1-5-21-2158876063-2930955257-1391117225-519", "PrincipalType": "Group"}, {"RightName": "WriteOwner", "IsInherited": true, "PrincipalSID": "ESSOS.LOCAL-S-1-5-32-544", "PrincipalType": "Group"}, {"RightName": "WriteDacl", "IsInherited": true, "PrincipalSID": "ESSOS.LOCAL-S-1-5-32-544", "PrincipalType": "Group"}], "ChildObjects": []},{"ObjectIdentifier": "606BBA39-F238-4652-AF31-721330D9C57D", "Properties": {"domain": "ESSOS.LOCAL", "name": "COMPARTITIONS@ESSOS.LOCAL", "distinguishedname": "CN=COMPARTITIONS,CN=SYSTEM,DC=ESSOS,DC=LOCAL", "domainsid": "S-1-5-21-2158876063-2930955257-1391117225", "highvalue": false, "description": "", "whencreated": 1712606196, "isaclprotected": false}, "IsDeleted": false, "IsACLProtected": false, "ContainedBy": null, "Aces": [{"RightName": "Owns", "IsInherited": false, "PrincipalSID": "S-1-5-21-2158876063-2930955257-1391117225-512", "PrincipalType": "Group"}, {"RightName": "WriteOwner", "IsInherited": false, "PrincipalSID": "S-1-5-21-2158876063-2930955257-1391117225-512", "PrincipalType": "Group"}, {"RightName": "WriteDacl", "IsInherited": false, "PrincipalSID": "S-1-5-21-2158876063-2930955257-1391117225-512", "PrincipalType": "Group"}, {"RightName": "GenericAll", "IsInherited": true, "PrincipalSID": "S-1-5-21-2158876063-2930955257-1391117225-519", "PrincipalType": "Group"}, {"RightName": "WriteOwner", "IsInherited": true, "PrincipalSID": "ESSOS.LOCAL-S-1-5-32-544", "PrincipalType": "Group"}, {"RightName": "WriteDacl", "IsInherited": true, "PrincipalSID": "ESSOS.LOCAL-S-1-5-32-544", "PrincipalType": "Group"}], "ChildObjects": []},{"ObjectIdentifier": "45DC586F-E702-400E-BD7F-DEAD88CBA95E", "Properties": {"domain": "ESSOS.LOCAL", "name": "ADMINSDHOLDER@ESSOS.LOCAL", "distinguishedname": "CN=ADMINSDHOLDER,CN=SYSTEM,DC=ESSOS,DC=LOCAL", "domainsid": "S-1-5-21-2158876063-2930955257-1391117225", "highvalue": false, "description": "", "whencreated": 1712606196, "isaclprotected": true}, "IsDeleted": false, "IsACLProtected": true, "ContainedBy": null, "Aces": [{"RightName": "Owns", "IsInherited": false, "PrincipalSID": "S-1-5-21-2158876063-2930955257-1391117225-512", "PrincipalType": "Group"}, {"RightName": "WriteOwner", "IsInherited": false, "PrincipalSID": "S-1-5-21-2158876063-2930955257-1391117225-512", "PrincipalType": "Group"}, {"RightName": "WriteDacl", "IsInherited": false, "PrincipalSID": "S-1-5-21-2158876063-2930955257-1391117225-512", "PrincipalType": "Group"}, {"RightName": "WriteOwner", "IsInherited": false, "PrincipalSID": "S-1-5-21-2158876063-2930955257-1391117225-519", "PrincipalType": "Group"}, {"RightName": "WriteDacl", "IsInherited": false, "PrincipalSID": "S-1-5-21-2158876063-2930955257-1391117225-519", "PrincipalType": "Group"}, {"RightName": "WriteOwner", "IsInherited": false, "PrincipalSID": "ESSOS.LOCAL-S-1-5-32-544", "PrincipalType": "Group"}, {"RightName": "WriteDacl", "IsInherited": false, "PrincipalSID": "ESSOS.LOCAL-S-1-5-32-544", "PrincipalType": "Group"}], "ChildObjects": []},{"ObjectIdentifier": "057C7F5C-CEC0-4AF1-B194-1C94D6C57A34", "Properties": {"domain": "ESSOS.LOCAL", "name": "RAS AND IAS SERVERS ACCESS CHECK@ESSOS.LOCAL", "distinguishedname": "CN=RAS AND IAS SERVERS ACCESS CHECK,CN=SYSTEM,DC=ESSOS,DC=LOCAL", "domainsid": "S-1-5-21-2158876063-2930955257-1391117225", "highvalue": false, "description": "", "whencreated": 1712606196, "isaclprotected": false}, "IsDeleted": false, "IsACLProtected": false, "ContainedBy": null, "Aces": [{"RightName": "Owns", "IsInherited": false, "PrincipalSID": "S-1-5-21-2158876063-2930955257-1391117225-512", "PrincipalType": "Group"}, {"RightName": "WriteOwner", "IsInherited": false, "PrincipalSID": "S-1-5-21-2158876063-2930955257-1391117225-553", "PrincipalType": "Group"}, {"RightName": "WriteDacl", "IsInherited": false, "PrincipalSID": "S-1-5-21-2158876063-2930955257-1391117225-553", "PrincipalType": "Group"}, {"RightName": "GenericAll", "IsInherited": true, "PrincipalSID": "S-1-5-21-2158876063-2930955257-1391117225-519", "PrincipalType": "Group"}, {"RightName": "WriteOwner", "IsInherited": true, "PrincipalSID": "ESSOS.LOCAL-S-1-5-32-544", "PrincipalType": "Group"}, {"RightName": "WriteDacl", "IsInherited": true, "PrincipalSID": "ESSOS.LOCAL-S-1-5-32-544", "PrincipalType": "Group"}], "ChildObjects": []},{"ObjectIdentifier": "872FDF70-D043-437C-BA7D-67611646944D", "Properties": {"domain": "ESSOS.LOCAL", "name": "POLICIES@ESSOS.LOCAL", "distinguishedname": "CN=POLICIES,CN=SYSTEM,DC=ESSOS,DC=LOCAL", "domainsid": "S-1-5-21-2158876063-2930955257-1391117225", "highvalue": false, "description": "", "whencreated": 1712606196, "isaclprotected": false}, "IsDeleted": false, "IsACLProtected": false, "ContainedBy": null, "Aces": [{"RightName": "Owns", "IsInherited": false, "PrincipalSID": "S-1-5-21-2158876063-2930955257-1391117225-512", "PrincipalType": "Group"}, {"RightName": "WriteOwner", "IsInherited": false, "PrincipalSID": "S-1-5-21-2158876063-2930955257-1391117225-512", "PrincipalType": "Group"}, {"RightName": "WriteDacl", "IsInherited": false, "PrincipalSID": "S-1-5-21-2158876063-2930955257-1391117225-512", "PrincipalType": "Group"}, {"RightName": "GenericAll", "IsInherited": true, "PrincipalSID": "S-1-5-21-2158876063-2930955257-1391117225-519", "PrincipalType": "Group"}, {"RightName": "WriteOwner", "IsInherited": true, "PrincipalSID": "ESSOS.LOCAL-S-1-5-32-544", "PrincipalType": "Group"}, {"RightName": "WriteDacl", "IsInherited": true, "PrincipalSID": "ESSOS.LOCAL-S-1-5-32-544", "PrincipalType": "Group"}], "ChildObjects": []},{"ObjectIdentifier": "03BCBABB-AF1A-4ED1-AB29-280A4BA752F9", "Properties": {"domain": "ESSOS.LOCAL", "name": "MEETINGS@ESSOS.LOCAL", "distinguishedname": "CN=MEETINGS,CN=SYSTEM,DC=ESSOS,DC=LOCAL", "domainsid": "S-1-5-21-2158876063-2930955257-1391117225", "highvalue": false, "description": "", "whencreated": 1712606196, "isaclprotected": false}, "IsDeleted": false, "IsACLProtected": false, "ContainedBy": null, "Aces": [{"RightName": "Owns", "IsInherited": false, "PrincipalSID": "S-1-5-21-2158876063-2930955257-1391117225-512", "PrincipalType": "Group"}, {"RightName": "WriteOwner", "IsInherited": false, "PrincipalSID": "S-1-5-21-2158876063-2930955257-1391117225-512", "PrincipalType": "Group"}, {"RightName": "WriteDacl", "IsInherited": false, "PrincipalSID": "S-1-5-21-2158876063-2930955257-1391117225-512", "PrincipalType": "Group"}, {"RightName": "GenericAll", "IsInherited": true, "PrincipalSID": "S-1-5-21-2158876063-2930955257-1391117225-519", "PrincipalType": "Group"}, {"RightName": "WriteOwner", "IsInherited": true, "PrincipalSID": "ESSOS.LOCAL-S-1-5-32-544", "PrincipalType": "Group"}, {"RightName": "WriteDacl", "IsInherited": true, "PrincipalSID": "ESSOS.LOCAL-S-1-5-32-544", "PrincipalType": "Group"}], "ChildObjects": []},{"ObjectIdentifier": "91FD0625-E044-42B8-8D66-4E4FFA588620", "Properties": {"domain": "ESSOS.LOCAL", "name": "WINSOCKSERVICES@ESSOS.LOCAL", "distinguishedname": "CN=WINSOCKSERVICES,CN=SYSTEM,DC=ESSOS,DC=LOCAL", "domainsid": "S-1-5-21-2158876063-2930955257-1391117225", "highvalue": false, "description": "", "whencreated": 1712606196, "isaclprotected": false}, "IsDeleted": false, "IsACLProtected": false, "ContainedBy": null, "Aces": [{"RightName": "Owns", "IsInherited": false, "PrincipalSID": "S-1-5-21-2158876063-2930955257-1391117225-512", "PrincipalType": "Group"}, {"RightName": "WriteOwner", "IsInherited": false, "PrincipalSID": "S-1-5-21-2158876063-2930955257-1391117225-512", "PrincipalType": "Group"}, {"RightName": "WriteDacl", "IsInherited": false, "PrincipalSID": "S-1-5-21-2158876063-2930955257-1391117225-512", "PrincipalType": "Group"}, {"RightName": "GenericAll", "IsInherited": true, "PrincipalSID": "S-1-5-21-2158876063-2930955257-1391117225-519", "PrincipalType": "Group"}, {"RightName": "WriteOwner", "IsInherited": true, "PrincipalSID": "ESSOS.LOCAL-S-1-5-32-544", "PrincipalType": "Group"}, {"RightName": "WriteDacl", "IsInherited": true, "PrincipalSID": "ESSOS.LOCAL-S-1-5-32-544", "PrincipalType": "Group"}], "ChildObjects": []},{"ObjectIdentifier": "A8831E81-12DE-471D-8D2F-23799D8B1338", "Properties": {"domain": "ESSOS.LOCAL", "name": "MANAGED SERVICE ACCOUNTS@ESSOS.LOCAL", "distinguishedname": "CN=MANAGED SERVICE ACCOUNTS,DC=ESSOS,DC=LOCAL", "domainsid": "S-1-5-21-2158876063-2930955257-1391117225", "highvalue": false, "description": "Default container for managed service accounts", "whencreated": 1712606196, "isaclprotected": false}, "IsDeleted": false, "IsACLProtected": false, "ContainedBy": null, "Aces": [{"RightName": "Owns", "IsInherited": false, "PrincipalSID": "S-1-5-21-2158876063-2930955257-1391117225-512", "PrincipalType": "Group"}, {"RightName": "WriteOwner", "IsInherited": false, "PrincipalSID": "S-1-5-21-2158876063-2930955257-1391117225-512", "PrincipalType": "Group"}, {"RightName": "WriteDacl", "IsInherited": false, "PrincipalSID": "S-1-5-21-2158876063-2930955257-1391117225-512", "PrincipalType": "Group"}, {"RightName": "GenericAll", "IsInherited": true, "PrincipalSID": "S-1-5-21-2158876063-2930955257-1391117225-519", "PrincipalType": "Group"}, {"RightName": "WriteOwner", "IsInherited": true, "PrincipalSID": "ESSOS.LOCAL-S-1-5-32-544", "PrincipalType": "Group"}, {"RightName": "WriteDacl", "IsInherited": true, "PrincipalSID": "ESSOS.LOCAL-S-1-5-32-544", "PrincipalType": "Group"}], "ChildObjects": [{"ObjectIdentifier": "S-1-5-21-2158876063-2930955257-1391117225-1119", "ObjectType": "User"}]},{"ObjectIdentifier": "993D5CE0-04A9-49C5-B44D-94ED4A770643", "Properties": {"domain": "ESSOS.LOCAL", "name": "MICROSOFT@ESSOS.LOCAL", "distinguishedname": "CN=MICROSOFT,CN=PROGRAM DATA,DC=ESSOS,DC=LOCAL", "domainsid": "S-1-5-21-2158876063-2930955257-1391117225", "highvalue": false, "description": "Default location for storage of Microsoft application data.", "whencreated": 1712606196, "isaclprotected": false}, "IsDeleted": false, "IsACLProtected": false, "ContainedBy": null, "Aces": [{"RightName": "Owns", "IsInherited": false, "PrincipalSID": "S-1-5-21-2158876063-2930955257-1391117225-512", "PrincipalType": "Group"}, {"RightName": "GenericAll", "IsInherited": false, "PrincipalSID": "S-1-5-21-2158876063-2930955257-1391117225-512", "PrincipalType": "Group"}, {"RightName": "GenericAll", "IsInherited": true, "PrincipalSID": "S-1-5-21-2158876063-2930955257-1391117225-519", "PrincipalType": "Group"}, {"RightName": "WriteOwner", "IsInherited": true, "PrincipalSID": "ESSOS.LOCAL-S-1-5-32-544", "PrincipalType": "Group"}, {"RightName": "WriteDacl", "IsInherited": true, "PrincipalSID": "ESSOS.LOCAL-S-1-5-32-544", "PrincipalType": "Group"}], "ChildObjects": []},{"ObjectIdentifier": "85256E9A-E66D-4232-9301-EAD473772E5E", "Properties": {"domain": "ESSOS.LOCAL", "name": "PROGRAM DATA@ESSOS.LOCAL", "distinguishedname": "CN=PROGRAM DATA,DC=ESSOS,DC=LOCAL", "domainsid": "S-1-5-21-2158876063-2930955257-1391117225", "highvalue": false, "description": "Default location for storage of application data.", "whencreated": 1712606196, "isaclprotected": false}, "IsDeleted": false, "IsACLProtected": false, "ContainedBy": null, "Aces": [{"RightName": "Owns", "IsInherited": false, "PrincipalSID": "S-1-5-21-2158876063-2930955257-1391117225-512", "PrincipalType": "Group"}, {"RightName": "GenericAll", "IsInherited": false, "PrincipalSID": "S-1-5-21-2158876063-2930955257-1391117225-512", "PrincipalType": "Group"}, {"RightName": "GenericAll", "IsInherited": true, "PrincipalSID": "S-1-5-21-2158876063-2930955257-1391117225-519", "PrincipalType": "Group"}, {"RightName": "WriteOwner", "IsInherited": true, "PrincipalSID": "ESSOS.LOCAL-S-1-5-32-544", "PrincipalType": "Group"}, {"RightName": "WriteDacl", "IsInherited": true, "PrincipalSID": "ESSOS.LOCAL-S-1-5-32-544", "PrincipalType": "Group"}], "ChildObjects": []},{"ObjectIdentifier": "21EE7C61-801D-4D86-9510-CF092500C1FE", "Properties": {"domain": "ESSOS.LOCAL", "name": "FOREIGNSECURITYPRINCIPALS@ESSOS.LOCAL", "distinguishedname": "CN=FOREIGNSECURITYPRINCIPALS,DC=ESSOS,DC=LOCAL", "domainsid": "S-1-5-21-2158876063-2930955257-1391117225", "highvalue": false, "description": "Default container for security identifiers (SIDs) associated with objects from external, trusted domains", "whencreated": 1712606196, "isaclprotected": false}, "IsDeleted": false, "IsACLProtected": false, "ContainedBy": null, "Aces": [{"RightName": "Owns", "IsInherited": false, "PrincipalSID": "S-1-5-21-2158876063-2930955257-1391117225-512", "PrincipalType": "Group"}, {"RightName": "GenericAll", "IsInherited": false, "PrincipalSID": "S-1-5-21-2158876063-2930955257-1391117225-512", "PrincipalType": "Group"}, {"RightName": "GenericAll", "IsInherited": true, "PrincipalSID": "S-1-5-21-2158876063-2930955257-1391117225-519", "PrincipalType": "Group"}, {"RightName": "WriteOwner", "IsInherited": true, "PrincipalSID": "ESSOS.LOCAL-S-1-5-32-544", "PrincipalType": "Group"}, {"RightName": "WriteDacl", "IsInherited": true, "PrincipalSID": "ESSOS.LOCAL-S-1-5-32-544", "PrincipalType": "Group"}], "ChildObjects": []},{"ObjectIdentifier": "B44EFE3C-0492-4876-9685-A5C5F952E3CC", "Properties": {"domain": "ESSOS.LOCAL", "name": "SYSTEM@ESSOS.LOCAL", "distinguishedname": "CN=SYSTEM,DC=ESSOS,DC=LOCAL", "domainsid": "S-1-5-21-2158876063-2930955257-1391117225", "highvalue": false, "description": "Builtin system settings", "whencreated": 1712606196, "isaclprotected": false}, "IsDeleted": false, "IsACLProtected": false, "ContainedBy": null, "Aces": [{"RightName": "Owns", "IsInherited": false, "PrincipalSID": "S-1-5-21-2158876063-2930955257-1391117225-512", "PrincipalType": "Group"}, {"RightName": "WriteOwner", "IsInherited": false, "PrincipalSID": "S-1-5-21-2158876063-2930955257-1391117225-512", "PrincipalType": "Group"}, {"RightName": "WriteDacl", "IsInherited": false, "PrincipalSID": "S-1-5-21-2158876063-2930955257-1391117225-512", "PrincipalType": "Group"}, {"RightName": "GenericAll", "IsInherited": true, "PrincipalSID": "S-1-5-21-2158876063-2930955257-1391117225-519", "PrincipalType": "Group"}, {"RightName": "WriteOwner", "IsInherited": true, "PrincipalSID": "ESSOS.LOCAL-S-1-5-32-544", "PrincipalType": "Group"}, {"RightName": "WriteDacl", "IsInherited": true, "PrincipalSID": "ESSOS.LOCAL-S-1-5-32-544", "PrincipalType": "Group"}], "ChildObjects": []},{"ObjectIdentifier": "70CAA3E5-2AF8-4782-9945-EEF861A4CC62", "Properties": {"domain": "ESSOS.LOCAL", "name": "COMPUTERS@ESSOS.LOCAL", "distinguishedname": "CN=COMPUTERS,DC=ESSOS,DC=LOCAL", "domainsid": "S-1-5-21-2158876063-2930955257-1391117225", "highvalue": false, "description": "Default container for upgraded computer accounts", "whencreated": 1712606196, "isaclprotected": false}, "IsDeleted": false, "IsACLProtected": false, "ContainedBy": null, "Aces": [{"RightName": "Owns", "IsInherited": false, "PrincipalSID": "S-1-5-21-2158876063-2930955257-1391117225-512", "PrincipalType": "Group"}, {"RightName": "WriteOwner", "IsInherited": false, "PrincipalSID": "S-1-5-21-2158876063-2930955257-1391117225-512", "PrincipalType": "Group"}, {"RightName": "WriteDacl", "IsInherited": false, "PrincipalSID": "S-1-5-21-2158876063-2930955257-1391117225-512", "PrincipalType": "Group"}, {"RightName": "GenericAll", "IsInherited": true, "PrincipalSID": "S-1-5-21-2158876063-2930955257-1391117225-519", "PrincipalType": "Group"}, {"RightName": "WriteOwner", "IsInherited": true, "PrincipalSID": "ESSOS.LOCAL-S-1-5-32-544", "PrincipalType": "Group"}, {"RightName": "WriteDacl", "IsInherited": true, "PrincipalSID": "ESSOS.LOCAL-S-1-5-32-544", "PrincipalType": "Group"}], "ChildObjects": []},{"ObjectIdentifier": "F659C2FB-711D-492A-89A9-884CA0C2B7C0", "Properties": {"domain": "ESSOS.LOCAL", "name": "USERS@ESSOS.LOCAL", "distinguishedname": "CN=USERS,DC=ESSOS,DC=LOCAL", "domainsid": "S-1-5-21-2158876063-2930955257-1391117225", "highvalue": false, "description": "Default container for upgraded user accounts", "whencreated": 1712606196, "isaclprotected": false}, "IsDeleted": false, "IsACLProtected": false, "ContainedBy": null, "Aces": [{"RightName": "Owns", "IsInherited": false, "PrincipalSID": "S-1-5-21-2158876063-2930955257-1391117225-512", "PrincipalType": "Group"}, {"RightName": "WriteOwner", "IsInherited": false, "PrincipalSID": "S-1-5-21-2158876063-2930955257-1391117225-512", "PrincipalType": "Group"}, {"RightName": "WriteDacl", "IsInherited": false, "PrincipalSID": "S-1-5-21-2158876063-2930955257-1391117225-512", "PrincipalType": "Group"}, {"RightName": "GenericAll", "IsInherited": true, "PrincipalSID": "S-1-5-21-2158876063-2930955257-1391117225-519", "PrincipalType": "Group"}, {"RightName": "WriteOwner", "IsInherited": true, "PrincipalSID": "ESSOS.LOCAL-S-1-5-32-544", "PrincipalType": "Group"}, {"RightName": "WriteDacl", "IsInherited": true, "PrincipalSID": "ESSOS.LOCAL-S-1-5-32-544", "PrincipalType": "Group"}], "ChildObjects": [{"ObjectIdentifier": "S-1-5-21-2158876063-2930955257-1391117225-1113", "ObjectType": "User"}, {"ObjectIdentifier": "S-1-5-21-2158876063-2930955257-1391117225-1000", "ObjectType": "User"}, {"ObjectIdentifier": "S-1-5-21-2158876063-2930955257-1391117225-1106", "ObjectType": "Group"}, {"ObjectIdentifier": "S-1-5-21-2158876063-2930955257-1391117225-1118", "ObjectType": "User"}, {"ObjectIdentifier": "S-1-5-21-2158876063-2930955257-1391117225-1111", "ObjectType": "Group"}, {"ObjectIdentifier": "S-1-5-21-2158876063-2930955257-1391117225-1105", "ObjectType": "trustaccount"}, {"ObjectIdentifier": "S-1-5-21-2158876063-2930955257-1391117225-518", "ObjectType": "Group"}, {"ObjectIdentifier": "S-1-5-21-2158876063-2930955257-1391117225-521", "ObjectType": "Group"}, {"ObjectIdentifier": "S-1-5-21-2158876063-2930955257-1391117225-553", "ObjectType": "Group"}, {"ObjectIdentifier": "S-1-5-21-2158876063-2930955257-1391117225-1109", "ObjectType": "Group"}, {"ObjectIdentifier": "S-1-5-21-2158876063-2930955257-1391117225-525", "ObjectType": "Group"}, {"ObjectIdentifier": "S-1-5-21-2158876063-2930955257-1391117225-1116", "ObjectType": "User"}, {"ObjectIdentifier": "S-1-5-21-2158876063-2930955257-1391117225-502", "ObjectType": "User"}, {"ObjectIdentifier": "S-1-5-21-2158876063-2930955257-1391117225-1114", "ObjectType": "User"}, {"ObjectIdentifier": "S-1-5-21-2158876063-2930955257-1391117225-526", "ObjectType": "Group"}, {"ObjectIdentifier": "S-1-5-21-2158876063-2930955257-1391117225-1115", "ObjectType": "User"}, {"ObjectIdentifier": "S-1-5-21-2158876063-2930955257-1391117225-501", "ObjectType": "User"}, {"ObjectIdentifier": "S-1-5-21-2158876063-2930955257-1391117225-520", "ObjectType": "Group"}, {"ObjectIdentifier": "S-1-5-21-2158876063-2930955257-1391117225-498", "ObjectType": "Group"}, {"ObjectIdentifier": "S-1-5-21-2158876063-2930955257-1391117225-527", "ObjectType": "Group"}, {"ObjectIdentifier": "S-1-5-21-2158876063-2930955257-1391117225-519", "ObjectType": "Group"}, {"ObjectIdentifier": "S-1-5-21-2158876063-2930955257-1391117225-1117", "ObjectType": "User"}, {"ObjectIdentifier": "S-1-5-21-2158876063-2930955257-1391117225-1110", "ObjectType": "Group"}, {"ObjectIdentifier": "S-1-5-21-2158876063-2930955257-1391117225-1108", "ObjectType": "Group"}, {"ObjectIdentifier": "S-1-5-21-2158876063-2930955257-1391117225-1107", "ObjectType": "Group"}, {"ObjectIdentifier": "S-1-5-21-2158876063-2930955257-1391117225-513", "ObjectType": "Group"}, {"ObjectIdentifier": "S-1-5-21-2158876063-2930955257-1391117225-514", "ObjectType": "Group"}, {"ObjectIdentifier": "S-1-5-21-2158876063-2930955257-1391117225-516", "ObjectType": "Group"}, {"ObjectIdentifier": "S-1-5-21-2158876063-2930955257-1391117225-515", "ObjectType": "Group"}, {"ObjectIdentifier": "S-1-5-21-2158876063-2930955257-1391117225-512", "ObjectType": "Group"}, {"ObjectIdentifier": "S-1-5-21-2158876063-2930955257-1391117225-1103", "ObjectType": "Group"}, {"ObjectIdentifier": "S-1-5-21-2158876063-2930955257-1391117225-1102", "ObjectType": "Group"}, {"ObjectIdentifier": "S-1-5-21-2158876063-2930955257-1391117225-572", "ObjectType": "Group"}, {"ObjectIdentifier": "S-1-5-21-2158876063-2930955257-1391117225-503", "ObjectType": "User"}, {"ObjectIdentifier": "S-1-5-21-2158876063-2930955257-1391117225-1112", "ObjectType": "User"}, {"ObjectIdentifier": "S-1-5-21-2158876063-2930955257-1391117225-522", "ObjectType": "Group"}, {"ObjectIdentifier": "S-1-5-21-2158876063-2930955257-1391117225-517", "ObjectType": "Group"}, {"ObjectIdentifier": "S-1-5-21-2158876063-2930955257-1391117225-571", "ObjectType": "Group"}, {"ObjectIdentifier": "S-1-5-21-2158876063-2930955257-1391117225-500", "ObjectType": "User"}]}],"meta":{"methods":0,"type":"containers","count":19, "version":6}}