{"data":[{"Properties":{"domain":"SEVENKINGDOMS.LOCAL","name":"NTAUTHCERTIFICATES@SEVENKINGDOMS.LOCAL","distinguishedname":"CN=NTAUTHCERTIFICATES,CN=PUBLIC KEY SERVICES,CN=SERVICES,CN=CONFIGURATION,DC=SEVENKINGDOMS,DC=LOCAL","domainsid":"S-1-5-21-1032618810-739172636-1489167904","isaclprotected":false,"certthumbprints":["DEBCCEB7B4BF849875D9B7CDB4285D3A81A4AB8D"],"description":null,"whencreated":1712584265},"DomainSID":"S-1-5-21-1032618810-739172636-1489167904","Aces":[{"PrincipalSID":"S-1-5-21-1032618810-739172636-1489167904-519","PrincipalType":"Base","RightName":"Owns","IsInherited":false},{"PrincipalSID":"SEVENKINGDOMS.LOCAL-S-1-5-32-544","PrincipalType":"Group","RightName":"GenericAll","IsInherited":false},{"PrincipalSID":"S-1-5-21-1032618810-739172636-1489167904-512","PrincipalType":"Group","RightName":"GenericAll","IsInherited":false},{"PrincipalSID":"S-1-5-21-1032618810-739172636-1489167904-519","PrincipalType":"Base","RightName":"GenericAll","IsInherited":false},{"PrincipalSID":"S-1-5-21-1032618810-739172636-1489167904-519","PrincipalType":"Base","RightName":"GenericAll","IsInherited":true},{"PrincipalSID":"S-1-5-21-1032618810-739172636-1489167904-512","PrincipalType":"Group","RightName":"WriteDacl","IsInherited":true},{"PrincipalSID":"S-1-5-21-1032618810-739172636-1489167904-512","PrincipalType":"Group","RightName":"WriteOwner","IsInherited":true}],"ObjectIdentifier":"19FB0C25-9289-4347-9B37-55FA25F20EAD","IsDeleted":false,"IsACLProtected":false,"ContainedBy":{"ObjectIdentifier":"3E9AC486-C599-4383-AA6E-52F45BFBE5C5","ObjectType":"Container"}}],"meta":{"methods":521215,"type":"ntauthstores","count":1,"version":6}}