{"data":[{"Properties":{"domain":"NORTH.SEVENKINGDOMS.LOCAL","name":"CASTELBLACK.NORTH.SEVENKINGDOMS.LOCAL","distinguishedname":"CN=CASTELBLACK,CN=COMPUTERS,DC=NORTH,DC=SEVENKINGDOMS,DC=LOCAL","domainsid":"S-1-5-21-1252223512-2665318757-2669098637","samaccountname":"CASTELBLACK$","haslaps":false,"isaclprotected":false,"description":null,"whencreated":1712582918,"enabled":true,"unconstraineddelegation":false,"trustedtoauth":false,"isdc":false,"lastlogon":1712762858,"lastlogontimestamp":1712608118,"pwdlastset":1712608118,"serviceprincipalnames":["HTTP/winterfell.north.sevenkingdoms.local","WSMAN/castelblack","WSMAN/castelblack.north.sevenkingdoms.local","TERMSRV/CASTELBLACK","TERMSRV/castelblack.north.sevenkingdoms.local","RestrictedKrbHost/CASTELBLACK","HOST/CASTELBLACK","RestrictedKrbHost/castelblack.north.sevenkingdoms.local","HOST/castelblack.north.sevenkingdoms.local"],"email":null,"operatingsystem":"Windows Server 2019 Datacenter Evaluation","sidhistory":[]},"PrimaryGroupSID":"S-1-5-21-1252223512-2665318757-2669098637-515","AllowedToDelegate":[],"AllowedToAct":[],"HasSIDHistory":[],"DumpSMSAPassword":[],"Sessions":{"Results":[],"Collected":false,"FailureReason":"ErrorAccessDenied"},"PrivilegedSessions":{"Results":[],"Collected":false,"FailureReason":"ErrorAccessDenied"},"RegistrySessions":{"Results":[{"UserSID":"S-1-5-21-1252223512-2665318757-2669098637-1113","ComputerSID":"S-1-5-21-1252223512-2665318757-2669098637-1105"},{"UserSID":"S-1-5-21-1252223512-2665318757-2669098637-1121","ComputerSID":"S-1-5-21-1252223512-2665318757-2669098637-1105"}],"Collected":true,"FailureReason":null},"LocalGroups":[],"UserRights":[{"Privilege":"SeRemoteInteractiveLogonRight","Results":[],"LocalNames":[],"Collected":false,"FailureReason":"LSAEnumerateAccountsWithUserRights returned StatusAccessDenied"}],"DCRegistryData":{"CertificateMappingMethods":null,"StrongCertificateBindingEnforcement":null},"Status":null,"IsDC":false,"DomainSID":"S-1-5-21-1252223512-2665318757-2669098637","Aces":[{"PrincipalSID":"S-1-5-21-1252223512-2665318757-2669098637-512","PrincipalType":"Group","RightName":"Owns","IsInherited":false},{"PrincipalSID":"NORTH.SEVENKINGDOMS.LOCAL-S-1-5-32-548","PrincipalType":"Group","RightName":"GenericAll","IsInherited":false},{"PrincipalSID":"S-1-5-21-1252223512-2665318757-2669098637-512","PrincipalType":"Group","RightName":"GenericAll","IsInherited":false},{"PrincipalSID":"S-1-5-21-1252223512-2665318757-2669098637-526","PrincipalType":"Group","RightName":"AddKeyCredentialLink","IsInherited":true},{"PrincipalSID":"S-1-5-21-1032618810-739172636-1489167904-527","PrincipalType":"Group","RightName":"AddKeyCredentialLink","IsInherited":true},{"PrincipalSID":"S-1-5-21-1032618810-739172636-1489167904-519","PrincipalType":"Base","RightName":"GenericAll","IsInherited":true},{"PrincipalSID":"NORTH.SEVENKINGDOMS.LOCAL-S-1-5-32-544","PrincipalType":"Group","RightName":"WriteDacl","IsInherited":true},{"PrincipalSID":"NORTH.SEVENKINGDOMS.LOCAL-S-1-5-32-544","PrincipalType":"Group","RightName":"WriteOwner","IsInherited":true},{"PrincipalSID":"NORTH.SEVENKINGDOMS.LOCAL-S-1-5-32-544","PrincipalType":"Group","RightName":"GenericWrite","IsInherited":true}],"ObjectIdentifier":"S-1-5-21-1252223512-2665318757-2669098637-1105","IsDeleted":false,"IsACLProtected":false,"ContainedBy":{"ObjectIdentifier":"BC956F19-33D0-40BC-B820-D5D5D92A721F","ObjectType":"Container"}},{"Properties":{"domain":"NORTH.SEVENKINGDOMS.LOCAL","name":"WINTERFELL.NORTH.SEVENKINGDOMS.LOCAL","distinguishedname":"CN=WINTERFELL,OU=DOMAIN CONTROLLERS,DC=NORTH,DC=SEVENKINGDOMS,DC=LOCAL","domainsid":"S-1-5-21-1252223512-2665318757-2669098637","samaccountname":"WINTERFELL$","haslaps":false,"isaclprotected":false,"description":null,"whencreated":1712582086,"enabled":true,"unconstraineddelegation":true,"trustedtoauth":false,"isdc":true,"lastlogon":1712756718,"lastlogontimestamp":1712607335,"pwdlastset":1712607313,"serviceprincipalnames":["ldap/winterfell.north.sevenkingdoms.local/DomainDnsZones.north.sevenkingdoms.local","ldap/winterfell.north.sevenkingdoms.local/ForestDnsZones.sevenkingdoms.local","TERMSRV/WINTERFELL","TERMSRV/winterfell.north.sevenkingdoms.local","Dfsr-12F9A27C-BF97-4787-9364-D31B6C55EB04/winterfell.north.sevenkingdoms.local","DNS/winterfell.north.sevenkingdoms.local","GC/winterfell.north.sevenkingdoms.local/sevenkingdoms.local","RestrictedKrbHost/winterfell.north.sevenkingdoms.local","RestrictedKrbHost/WINTERFELL","RPC/16ee7053-dd98-44f3-8d37-e2c706695d04._msdcs.sevenkingdoms.local","HOST/WINTERFELL/NORTH","HOST/winterfell.north.sevenkingdoms.local/NORTH","HOST/WINTERFELL","HOST/winterfell.north.sevenkingdoms.local","HOST/winterfell.north.sevenkingdoms.local/north.sevenkingdoms.local","E3514235-4B06-11D1-AB04-00C04FC2DCD2/16ee7053-dd98-44f3-8d37-e2c706695d04/north.sevenkingdoms.local","ldap/WINTERFELL/NORTH","ldap/16ee7053-dd98-44f3-8d37-e2c706695d04._msdcs.sevenkingdoms.local","ldap/winterfell.north.sevenkingdoms.local/NORTH","ldap/WINTERFELL","ldap/winterfell.north.sevenkingdoms.local","ldap/winterfell.north.sevenkingdoms.local/north.sevenkingdoms.local"],"email":null,"operatingsystem":"Windows Server 2019 Datacenter Evaluation","sidhistory":[]},"PrimaryGroupSID":"S-1-5-21-1252223512-2665318757-2669098637-516","AllowedToDelegate":[],"AllowedToAct":[],"HasSIDHistory":[],"DumpSMSAPassword":[],"Sessions":{"Results":[],"Collected":true,"FailureReason":null},"PrivilegedSessions":{"Results":[{"UserSID":"S-1-5-21-1252223512-2665318757-2669098637-1117","ComputerSID":"S-1-5-21-1252223512-2665318757-2669098637-1001"},{"UserSID":"S-1-5-21-1252223512-2665318757-2669098637-1117","ComputerSID":"S-1-5-21-1252223512-2665318757-2669098637-1001"},{"UserSID":"S-1-5-21-1252223512-2665318757-2669098637-1113","ComputerSID":"S-1-5-21-1252223512-2665318757-2669098637-1001"},{"UserSID":"S-1-5-21-1252223512-2665318757-2669098637-1113","ComputerSID":"S-1-5-21-1252223512-2665318757-2669098637-1001"},{"UserSID":"S-1-5-21-1252223512-2665318757-2669098637-1113","ComputerSID":"S-1-5-21-1252223512-2665318757-2669098637-1001"}],"Collected":true,"FailureReason":null},"RegistrySessions":{"Results":[{"UserSID":"S-1-5-21-1252223512-2665318757-2669098637-1113","ComputerSID":"S-1-5-21-1252223512-2665318757-2669098637-1001"},{"UserSID":"S-1-5-21-1252223512-2665318757-2669098637-1117","ComputerSID":"S-1-5-21-1252223512-2665318757-2669098637-1001"}],"Collected":true,"FailureReason":null},"LocalGroups":[{"ObjectIdentifier":"NORTH.SEVENKINGDOMS.LOCAL-S-1-5-32-546","Name":"IGNOREME","Results":[{"ObjectIdentifier":"S-1-5-21-1252223512-2665318757-2669098637-501","ObjectType":"User"},{"ObjectIdentifier":"S-1-5-21-1252223512-2665318757-2669098637-514","ObjectType":"Group"}],"LocalNames":[],"Collected":true,"FailureReason":null},{"ObjectIdentifier":"NORTH.SEVENKINGDOMS.LOCAL-S-1-5-32-550","Name":"IGNOREME","Results":[],"LocalNames":[],"Collected":true,"FailureReason":null},{"ObjectIdentifier":"NORTH.SEVENKINGDOMS.LOCAL-S-1-5-32-551","Name":"IGNOREME","Results":[],"LocalNames":[],"Collected":true,"FailureReason":null},{"ObjectIdentifier":"NORTH.SEVENKINGDOMS.LOCAL-S-1-5-32-552","Name":"IGNOREME","Results":[],"LocalNames":[],"Collected":true,"FailureReason":null},{"ObjectIdentifier":"NORTH.SEVENKINGDOMS.LOCAL-S-1-5-32-555","Name":"IGNOREME","Results":[{"ObjectIdentifier":"S-1-5-21-1252223512-2665318757-2669098637-1106","ObjectType":"Group"}],"LocalNames":[],"Collected":true,"FailureReason":null},{"ObjectIdentifier":"NORTH.SEVENKINGDOMS.LOCAL-S-1-5-32-556","Name":"IGNOREME","Results":[],"LocalNames":[],"Collected":true,"FailureReason":null},{"ObjectIdentifier":"NORTH.SEVENKINGDOMS.LOCAL-S-1-5-32-558","Name":"IGNOREME","Results":[],"LocalNames":[],"Collected":true,"FailureReason":null},{"ObjectIdentifier":"NORTH.SEVENKINGDOMS.LOCAL-S-1-5-32-559","Name":"IGNOREME","Results":[],"LocalNames":[],"Collected":true,"FailureReason":null},{"ObjectIdentifier":"NORTH.SEVENKINGDOMS.LOCAL-S-1-5-32-562","Name":"IGNOREME","Results":[],"LocalNames":[],"Collected":true,"FailureReason":null},{"ObjectIdentifier":"NORTH.SEVENKINGDOMS.LOCAL-S-1-5-32-568","Name":"IGNOREME","Results":[{"ObjectIdentifier":"NORTH.SEVENKINGDOMS.LOCAL-S-1-5-17","ObjectType":"Group"}],"LocalNames":[],"Collected":true,"FailureReason":null},{"ObjectIdentifier":"NORTH.SEVENKINGDOMS.LOCAL-S-1-5-32-569","Name":"IGNOREME","Results":[],"LocalNames":[],"Collected":true,"FailureReason":null},{"ObjectIdentifier":"NORTH.SEVENKINGDOMS.LOCAL-S-1-5-32-573","Name":"IGNOREME","Results":[],"LocalNames":[],"Collected":true,"FailureReason":null},{"ObjectIdentifier":"NORTH.SEVENKINGDOMS.LOCAL-S-1-5-32-574","Name":"IGNOREME","Results":[],"LocalNames":[],"Collected":true,"FailureReason":null},{"ObjectIdentifier":"NORTH.SEVENKINGDOMS.LOCAL-S-1-5-32-575","Name":"IGNOREME","Results":[],"LocalNames":[],"Collected":true,"FailureReason":null},{"ObjectIdentifier":"NORTH.SEVENKINGDOMS.LOCAL-S-1-5-32-576","Name":"IGNOREME","Results":[],"LocalNames":[],"Collected":true,"FailureReason":null},{"ObjectIdentifier":"NORTH.SEVENKINGDOMS.LOCAL-S-1-5-32-577","Name":"IGNOREME","Results":[],"LocalNames":[],"Collected":true,"FailureReason":null},{"ObjectIdentifier":"NORTH.SEVENKINGDOMS.LOCAL-S-1-5-32-578","Name":"IGNOREME","Results":[],"LocalNames":[],"Collected":true,"FailureReason":null},{"ObjectIdentifier":"NORTH.SEVENKINGDOMS.LOCAL-S-1-5-32-579","Name":"IGNOREME","Results":[],"LocalNames":[],"Collected":true,"FailureReason":null},{"ObjectIdentifier":"NORTH.SEVENKINGDOMS.LOCAL-S-1-5-32-580","Name":"IGNOREME","Results":[],"LocalNames":[],"Collected":true,"FailureReason":null},{"ObjectIdentifier":"NORTH.SEVENKINGDOMS.LOCAL-S-1-5-32-582","Name":"IGNOREME","Results":[],"LocalNames":[],"Collected":true,"FailureReason":null},{"ObjectIdentifier":"NORTH.SEVENKINGDOMS.LOCAL-S-1-5-32-549","Name":"IGNOREME","Results":[],"LocalNames":[],"Collected":true,"FailureReason":null},{"ObjectIdentifier":"NORTH.SEVENKINGDOMS.LOCAL-S-1-5-32-548","Name":"IGNOREME","Results":[],"LocalNames":[],"Collected":true,"FailureReason":null},{"ObjectIdentifier":"NORTH.SEVENKINGDOMS.LOCAL-S-1-5-32-554","Name":"IGNOREME","Results":[{"ObjectIdentifier":"NORTH.SEVENKINGDOMS.LOCAL-S-1-5-11","ObjectType":"Group"}],"LocalNames":[],"Collected":true,"FailureReason":null},{"ObjectIdentifier":"NORTH.SEVENKINGDOMS.LOCAL-S-1-5-32-560","Name":"IGNOREME","Results":[{"ObjectIdentifier":"SEVENKINGDOMS.LOCAL-S-1-5-9","ObjectType":"Group"}],"LocalNames":[],"Collected":true,"FailureReason":null},{"ObjectIdentifier":"NORTH.SEVENKINGDOMS.LOCAL-S-1-5-32-561","Name":"IGNOREME","Results":[],"LocalNames":[],"Collected":true,"FailureReason":null},{"ObjectIdentifier":"NORTH.SEVENKINGDOMS.LOCAL-S-1-5-32-544","Name":"IGNOREME","Results":[{"ObjectIdentifier":"S-1-5-21-1252223512-2665318757-2669098637-500","ObjectType":"User"},{"ObjectIdentifier":"S-1-5-21-1252223512-2665318757-2669098637-1000","ObjectType":"User"},{"ObjectIdentifier":"S-1-5-21-1252223512-2665318757-2669098637-512","ObjectType":"Group"},{"ObjectIdentifier":"S-1-5-21-1032618810-739172636-1489167904-519","ObjectType":"Base"},{"ObjectIdentifier":"S-1-5-21-1252223512-2665318757-2669098637-1111","ObjectType":"User"},{"ObjectIdentifier":"S-1-5-21-1252223512-2665318757-2669098637-1112","ObjectType":"User"},{"ObjectIdentifier":"S-1-5-21-1252223512-2665318757-2669098637-1113","ObjectType":"User"}],"LocalNames":[],"Collected":true,"FailureReason":null},{"ObjectIdentifier":"NORTH.SEVENKINGDOMS.LOCAL-S-1-5-32-545","Name":"IGNOREME","Results":[{"ObjectIdentifier":"S-1-5-21-1252223512-2665318757-2669098637-1000","ObjectType":"User"},{"ObjectIdentifier":"NORTH.SEVENKINGDOMS.LOCAL-S-1-5-11","ObjectType":"Group"},{"ObjectIdentifier":"S-1-5-21-1252223512-2665318757-2669098637-513","ObjectType":"Group"}],"LocalNames":[],"Collected":true,"FailureReason":null}],"UserRights":[{"Privilege":"SeRemoteInteractiveLogonRight","Results":[],"LocalNames":[],"Collected":false,"FailureReason":"LSAEnumerateAccountsWithUserRights returned StatusAccessDenied"}],"DCRegistryData":{"CertificateMappingMethods":{"Value":0,"Collected":false,"FailureReason":"User does not have the proper permissions to perform this operation"},"StrongCertificateBindingEnforcement":{"Value":0,"Collected":false,"FailureReason":"User does not have the proper permissions to perform this operation"}},"Status":null,"IsDC":true,"DomainSID":"S-1-5-21-1252223512-2665318757-2669098637","Aces":[{"PrincipalSID":"S-1-5-21-1252223512-2665318757-2669098637-512","PrincipalType":"Group","RightName":"Owns","IsInherited":false},{"PrincipalSID":"S-1-5-21-1252223512-2665318757-2669098637-512","PrincipalType":"Group","RightName":"GenericAll","IsInherited":false},{"PrincipalSID":"S-1-5-21-1252223512-2665318757-2669098637-526","PrincipalType":"Group","RightName":"AddKeyCredentialLink","IsInherited":true},{"PrincipalSID":"S-1-5-21-1032618810-739172636-1489167904-527","PrincipalType":"Group","RightName":"AddKeyCredentialLink","IsInherited":true},{"PrincipalSID":"S-1-5-21-1032618810-739172636-1489167904-519","PrincipalType":"Base","RightName":"GenericAll","IsInherited":true},{"PrincipalSID":"NORTH.SEVENKINGDOMS.LOCAL-S-1-5-32-544","PrincipalType":"Group","RightName":"WriteDacl","IsInherited":true},{"PrincipalSID":"NORTH.SEVENKINGDOMS.LOCAL-S-1-5-32-544","PrincipalType":"Group","RightName":"WriteOwner","IsInherited":true},{"PrincipalSID":"NORTH.SEVENKINGDOMS.LOCAL-S-1-5-32-544","PrincipalType":"Group","RightName":"GenericWrite","IsInherited":true}],"ObjectIdentifier":"S-1-5-21-1252223512-2665318757-2669098637-1001","IsDeleted":false,"IsACLProtected":false,"ContainedBy":{"ObjectIdentifier":"592271DB-1F00-4221-918C-00CD275C0A50","ObjectType":"OU"}}],"meta":{"methods":521215,"type":"computers","count":2,"version":6}}