{"data":[{"Properties":{"domain":"NORTH.SEVENKINGDOMS.LOCAL","name":"NIGHT WATCH@NORTH.SEVENKINGDOMS.LOCAL","distinguishedname":"CN=NIGHT WATCH,CN=USERS,DC=NORTH,DC=SEVENKINGDOMS,DC=LOCAL","domainsid":"S-1-5-21-1252223512-2665318757-2669098637","samaccountname":"Night Watch","isaclprotected":false,"description":null,"whencreated":1712583406,"admincount":false},"Members":[{"ObjectIdentifier":"S-1-5-21-1252223512-2665318757-2669098637-1120","ObjectType":"User"},{"ObjectIdentifier":"S-1-5-21-1252223512-2665318757-2669098637-1119","ObjectType":"User"},{"ObjectIdentifier":"S-1-5-21-1252223512-2665318757-2669098637-1118","ObjectType":"User"}],"Aces":[{"PrincipalSID":"S-1-5-21-1252223512-2665318757-2669098637-1000","PrincipalType":"User","RightName":"Owns","IsInherited":false},{"PrincipalSID":"NORTH.SEVENKINGDOMS.LOCAL-S-1-5-32-548","PrincipalType":"Group","RightName":"GenericAll","IsInherited":false},{"PrincipalSID":"S-1-5-21-1252223512-2665318757-2669098637-512","PrincipalType":"Group","RightName":"GenericAll","IsInherited":false},{"PrincipalSID":"S-1-5-21-1032618810-739172636-1489167904-519","PrincipalType":"Base","RightName":"GenericAll","IsInherited":true},{"PrincipalSID":"NORTH.SEVENKINGDOMS.LOCAL-S-1-5-32-544","PrincipalType":"Group","RightName":"WriteDacl","IsInherited":true},{"PrincipalSID":"NORTH.SEVENKINGDOMS.LOCAL-S-1-5-32-544","PrincipalType":"Group","RightName":"WriteOwner","IsInherited":true},{"PrincipalSID":"NORTH.SEVENKINGDOMS.LOCAL-S-1-5-32-544","PrincipalType":"Group","RightName":"GenericWrite","IsInherited":true}],"ObjectIdentifier":"S-1-5-21-1252223512-2665318757-2669098637-1107","IsDeleted":false,"IsACLProtected":false,"ContainedBy":{"ObjectIdentifier":"D7D55C01-6BC2-4792-8503-D41FCE605BBB","ObjectType":"Container"}},{"Properties":{"domain":"NORTH.SEVENKINGDOMS.LOCAL","name":"MORMONT@NORTH.SEVENKINGDOMS.LOCAL","distinguishedname":"CN=MORMONT,CN=USERS,DC=NORTH,DC=SEVENKINGDOMS,DC=LOCAL","domainsid":"S-1-5-21-1252223512-2665318757-2669098637","samaccountname":"Mormont","isaclprotected":false,"description":null,"whencreated":1712583410,"admincount":false},"Members":[{"ObjectIdentifier":"S-1-5-21-1252223512-2665318757-2669098637-1120","ObjectType":"User"}],"Aces":[{"PrincipalSID":"S-1-5-21-1252223512-2665318757-2669098637-1000","PrincipalType":"User","RightName":"Owns","IsInherited":false},{"PrincipalSID":"NORTH.SEVENKINGDOMS.LOCAL-S-1-5-32-548","PrincipalType":"Group","RightName":"GenericAll","IsInherited":false},{"PrincipalSID":"S-1-5-21-1252223512-2665318757-2669098637-512","PrincipalType":"Group","RightName":"GenericAll","IsInherited":false},{"PrincipalSID":"S-1-5-21-1032618810-739172636-1489167904-519","PrincipalType":"Base","RightName":"GenericAll","IsInherited":true},{"PrincipalSID":"NORTH.SEVENKINGDOMS.LOCAL-S-1-5-32-544","PrincipalType":"Group","RightName":"WriteDacl","IsInherited":true},{"PrincipalSID":"NORTH.SEVENKINGDOMS.LOCAL-S-1-5-32-544","PrincipalType":"Group","RightName":"WriteOwner","IsInherited":true},{"PrincipalSID":"NORTH.SEVENKINGDOMS.LOCAL-S-1-5-32-544","PrincipalType":"Group","RightName":"GenericWrite","IsInherited":true}],"ObjectIdentifier":"S-1-5-21-1252223512-2665318757-2669098637-1108","IsDeleted":false,"IsACLProtected":false,"ContainedBy":{"ObjectIdentifier":"D7D55C01-6BC2-4792-8503-D41FCE605BBB","ObjectType":"Container"}},{"Properties":{"domain":"NORTH.SEVENKINGDOMS.LOCAL","name":"GROUP POLICY CREATOR OWNERS@NORTH.SEVENKINGDOMS.LOCAL","distinguishedname":"CN=GROUP POLICY CREATOR OWNERS,CN=USERS,DC=NORTH,DC=SEVENKINGDOMS,DC=LOCAL","domainsid":"S-1-5-21-1252223512-2665318757-2669098637","samaccountname":"Group Policy Creator Owners","isaclprotected":false,"description":"Members in this group can modify group policy for the domain","whencreated":1712582086,"admincount":false},"Members":[{"ObjectIdentifier":"S-1-5-21-1252223512-2665318757-2669098637-500","ObjectType":"User"}],"Aces":[{"PrincipalSID":"S-1-5-21-1252223512-2665318757-2669098637-512","PrincipalType":"Group","RightName":"Owns","IsInherited":false},{"PrincipalSID":"NORTH.SEVENKINGDOMS.LOCAL-S-1-5-32-548","PrincipalType":"Group","RightName":"GenericAll","IsInherited":false},{"PrincipalSID":"S-1-5-21-1252223512-2665318757-2669098637-512","PrincipalType":"Group","RightName":"GenericAll","IsInherited":false},{"PrincipalSID":"S-1-5-21-1032618810-739172636-1489167904-519","PrincipalType":"Base","RightName":"GenericAll","IsInherited":true},{"PrincipalSID":"NORTH.SEVENKINGDOMS.LOCAL-S-1-5-32-544","PrincipalType":"Group","RightName":"WriteDacl","IsInherited":true},{"PrincipalSID":"NORTH.SEVENKINGDOMS.LOCAL-S-1-5-32-544","PrincipalType":"Group","RightName":"WriteOwner","IsInherited":true},{"PrincipalSID":"NORTH.SEVENKINGDOMS.LOCAL-S-1-5-32-544","PrincipalType":"Group","RightName":"GenericWrite","IsInherited":true}],"ObjectIdentifier":"S-1-5-21-1252223512-2665318757-2669098637-520","IsDeleted":false,"IsACLProtected":false,"ContainedBy":{"ObjectIdentifier":"D7D55C01-6BC2-4792-8503-D41FCE605BBB","ObjectType":"Container"}},{"Properties":{"domain":"NORTH.SEVENKINGDOMS.LOCAL","name":"DOMAIN ADMINS@NORTH.SEVENKINGDOMS.LOCAL","distinguishedname":"CN=DOMAIN ADMINS,CN=USERS,DC=NORTH,DC=SEVENKINGDOMS,DC=LOCAL","domainsid":"S-1-5-21-1252223512-2665318757-2669098637","samaccountname":"Domain Admins","isaclprotected":true,"description":"Designated administrators of the domain","whencreated":1712582086,"admincount":true},"Members":[{"ObjectIdentifier":"S-1-5-21-1252223512-2665318757-2669098637-1111","ObjectType":"User"},{"ObjectIdentifier":"S-1-5-21-1252223512-2665318757-2669098637-500","ObjectType":"User"}],"Aces":[{"PrincipalSID":"S-1-5-21-1252223512-2665318757-2669098637-512","PrincipalType":"Group","RightName":"Owns","IsInherited":false},{"PrincipalSID":"NORTH.SEVENKINGDOMS.LOCAL-S-1-5-32-544","PrincipalType":"Group","RightName":"WriteDacl","IsInherited":false},{"PrincipalSID":"NORTH.SEVENKINGDOMS.LOCAL-S-1-5-32-544","PrincipalType":"Group","RightName":"WriteOwner","IsInherited":false},{"PrincipalSID":"NORTH.SEVENKINGDOMS.LOCAL-S-1-5-32-544","PrincipalType":"Group","RightName":"GenericWrite","IsInherited":false},{"PrincipalSID":"S-1-5-21-1032618810-739172636-1489167904-519","PrincipalType":"Group","RightName":"WriteDacl","IsInherited":false},{"PrincipalSID":"S-1-5-21-1032618810-739172636-1489167904-519","PrincipalType":"Group","RightName":"WriteOwner","IsInherited":false},{"PrincipalSID":"S-1-5-21-1032618810-739172636-1489167904-519","PrincipalType":"Group","RightName":"GenericWrite","IsInherited":false},{"PrincipalSID":"S-1-5-21-1252223512-2665318757-2669098637-512","PrincipalType":"Group","RightName":"WriteDacl","IsInherited":false},{"PrincipalSID":"S-1-5-21-1252223512-2665318757-2669098637-512","PrincipalType":"Group","RightName":"WriteOwner","IsInherited":false},{"PrincipalSID":"S-1-5-21-1252223512-2665318757-2669098637-512","PrincipalType":"Group","RightName":"GenericWrite","IsInherited":false}],"ObjectIdentifier":"S-1-5-21-1252223512-2665318757-2669098637-512","IsDeleted":false,"IsACLProtected":true,"ContainedBy":{"ObjectIdentifier":"D7D55C01-6BC2-4792-8503-D41FCE605BBB","ObjectType":"Container"}},{"Properties":{"domain":"NORTH.SEVENKINGDOMS.LOCAL","name":"DENIED RODC PASSWORD REPLICATION GROUP@NORTH.SEVENKINGDOMS.LOCAL","distinguishedname":"CN=DENIED RODC PASSWORD REPLICATION GROUP,CN=USERS,DC=NORTH,DC=SEVENKINGDOMS,DC=LOCAL","domainsid":"S-1-5-21-1252223512-2665318757-2669098637","samaccountname":"Denied RODC Password Replication Group","isaclprotected":false,"description":"Members in this group cannot have their passwords replicated to any read-only domain controllers in the domain","whencreated":1712582086,"admincount":false},"Members":[{"ObjectIdentifier":"S-1-5-21-1032618810-739172636-1489167904-519","ObjectType":"Base"},{"ObjectIdentifier":"S-1-5-21-1032618810-739172636-1489167904-518","ObjectType":"Group"},{"ObjectIdentifier":"S-1-5-21-1252223512-2665318757-2669098637-521","ObjectType":"Group"},{"ObjectIdentifier":"S-1-5-21-1252223512-2665318757-2669098637-520","ObjectType":"Group"},{"ObjectIdentifier":"S-1-5-21-1252223512-2665318757-2669098637-512","ObjectType":"Group"},{"ObjectIdentifier":"S-1-5-21-1252223512-2665318757-2669098637-517","ObjectType":"Group"},{"ObjectIdentifier":"S-1-5-21-1252223512-2665318757-2669098637-516","ObjectType":"Group"},{"ObjectIdentifier":"S-1-5-21-1252223512-2665318757-2669098637-502","ObjectType":"User"}],"Aces":[{"PrincipalSID":"S-1-5-21-1252223512-2665318757-2669098637-512","PrincipalType":"Group","RightName":"Owns","IsInherited":false},{"PrincipalSID":"NORTH.SEVENKINGDOMS.LOCAL-S-1-5-32-548","PrincipalType":"Group","RightName":"GenericAll","IsInherited":false},{"PrincipalSID":"S-1-5-21-1252223512-2665318757-2669098637-512","PrincipalType":"Group","RightName":"GenericAll","IsInherited":false},{"PrincipalSID":"S-1-5-21-1032618810-739172636-1489167904-519","PrincipalType":"Base","RightName":"GenericAll","IsInherited":true},{"PrincipalSID":"NORTH.SEVENKINGDOMS.LOCAL-S-1-5-32-544","PrincipalType":"Group","RightName":"WriteDacl","IsInherited":true},{"PrincipalSID":"NORTH.SEVENKINGDOMS.LOCAL-S-1-5-32-544","PrincipalType":"Group","RightName":"WriteOwner","IsInherited":true},{"PrincipalSID":"NORTH.SEVENKINGDOMS.LOCAL-S-1-5-32-544","PrincipalType":"Group","RightName":"GenericWrite","IsInherited":true}],"ObjectIdentifier":"S-1-5-21-1252223512-2665318757-2669098637-572","IsDeleted":false,"IsACLProtected":false,"ContainedBy":{"ObjectIdentifier":"D7D55C01-6BC2-4792-8503-D41FCE605BBB","ObjectType":"Container"}},{"Properties":{"domain":"NORTH.SEVENKINGDOMS.LOCAL","name":"ACROSSTHESEA@NORTH.SEVENKINGDOMS.LOCAL","distinguishedname":"CN=ACROSSTHESEA,CN=USERS,DC=NORTH,DC=SEVENKINGDOMS,DC=LOCAL","domainsid":"S-1-5-21-1252223512-2665318757-2669098637","samaccountname":"AcrossTheSea","isaclprotected":false,"description":null,"whencreated":1712583423,"admincount":false},"Members":[],"Aces":[{"PrincipalSID":"S-1-5-21-1252223512-2665318757-2669098637-1000","PrincipalType":"User","RightName":"Owns","IsInherited":false},{"PrincipalSID":"NORTH.SEVENKINGDOMS.LOCAL-S-1-5-32-548","PrincipalType":"Group","RightName":"GenericAll","IsInherited":false},{"PrincipalSID":"S-1-5-21-1252223512-2665318757-2669098637-512","PrincipalType":"Group","RightName":"GenericAll","IsInherited":false},{"PrincipalSID":"S-1-5-21-1032618810-739172636-1489167904-519","PrincipalType":"Base","RightName":"GenericAll","IsInherited":true},{"PrincipalSID":"NORTH.SEVENKINGDOMS.LOCAL-S-1-5-32-544","PrincipalType":"Group","RightName":"WriteDacl","IsInherited":true},{"PrincipalSID":"NORTH.SEVENKINGDOMS.LOCAL-S-1-5-32-544","PrincipalType":"Group","RightName":"WriteOwner","IsInherited":true},{"PrincipalSID":"NORTH.SEVENKINGDOMS.LOCAL-S-1-5-32-544","PrincipalType":"Group","RightName":"GenericWrite","IsInherited":true}],"ObjectIdentifier":"S-1-5-21-1252223512-2665318757-2669098637-1109","IsDeleted":false,"IsACLProtected":false,"ContainedBy":{"ObjectIdentifier":"D7D55C01-6BC2-4792-8503-D41FCE605BBB","ObjectType":"Container"}},{"Properties":{"domain":"NORTH.SEVENKINGDOMS.LOCAL","name":"DNSADMINS@NORTH.SEVENKINGDOMS.LOCAL","distinguishedname":"CN=DNSADMINS,CN=USERS,DC=NORTH,DC=SEVENKINGDOMS,DC=LOCAL","domainsid":"S-1-5-21-1252223512-2665318757-2669098637","samaccountname":"DnsAdmins","isaclprotected":false,"description":"DNS Administrators Group","whencreated":1712582135,"admincount":false},"Members":[],"Aces":[{"PrincipalSID":"NORTH.SEVENKINGDOMS.LOCAL-S-1-5-32-548","PrincipalType":"Group","RightName":"GenericAll","IsInherited":false},{"PrincipalSID":"S-1-5-21-1252223512-2665318757-2669098637-512","PrincipalType":"Group","RightName":"GenericAll","IsInherited":false},{"PrincipalSID":"S-1-5-21-1032618810-739172636-1489167904-519","PrincipalType":"Base","RightName":"GenericAll","IsInherited":true},{"PrincipalSID":"NORTH.SEVENKINGDOMS.LOCAL-S-1-5-32-544","PrincipalType":"Group","RightName":"WriteDacl","IsInherited":true},{"PrincipalSID":"NORTH.SEVENKINGDOMS.LOCAL-S-1-5-32-544","PrincipalType":"Group","RightName":"WriteOwner","IsInherited":true},{"PrincipalSID":"NORTH.SEVENKINGDOMS.LOCAL-S-1-5-32-544","PrincipalType":"Group","RightName":"GenericWrite","IsInherited":true}],"ObjectIdentifier":"S-1-5-21-1252223512-2665318757-2669098637-1102","IsDeleted":false,"IsACLProtected":false,"ContainedBy":{"ObjectIdentifier":"D7D55C01-6BC2-4792-8503-D41FCE605BBB","ObjectType":"Container"}},{"Properties":{"domain":"NORTH.SEVENKINGDOMS.LOCAL","name":"KEY ADMINS@NORTH.SEVENKINGDOMS.LOCAL","distinguishedname":"CN=KEY ADMINS,CN=USERS,DC=NORTH,DC=SEVENKINGDOMS,DC=LOCAL","domainsid":"S-1-5-21-1252223512-2665318757-2669098637","samaccountname":"Key Admins","isaclprotected":false,"description":"Members of this group can perform administrative actions on key objects within the domain.","whencreated":1712582086,"admincount":false},"Members":[],"Aces":[{"PrincipalSID":"S-1-5-21-1252223512-2665318757-2669098637-512","PrincipalType":"Group","RightName":"Owns","IsInherited":false},{"PrincipalSID":"NORTH.SEVENKINGDOMS.LOCAL-S-1-5-32-548","PrincipalType":"Group","RightName":"GenericAll","IsInherited":false},{"PrincipalSID":"S-1-5-21-1252223512-2665318757-2669098637-512","PrincipalType":"Group","RightName":"GenericAll","IsInherited":false},{"PrincipalSID":"S-1-5-21-1032618810-739172636-1489167904-519","PrincipalType":"Base","RightName":"GenericAll","IsInherited":true},{"PrincipalSID":"NORTH.SEVENKINGDOMS.LOCAL-S-1-5-32-544","PrincipalType":"Group","RightName":"WriteDacl","IsInherited":true},{"PrincipalSID":"NORTH.SEVENKINGDOMS.LOCAL-S-1-5-32-544","PrincipalType":"Group","RightName":"WriteOwner","IsInherited":true},{"PrincipalSID":"NORTH.SEVENKINGDOMS.LOCAL-S-1-5-32-544","PrincipalType":"Group","RightName":"GenericWrite","IsInherited":true}],"ObjectIdentifier":"S-1-5-21-1252223512-2665318757-2669098637-526","IsDeleted":false,"IsACLProtected":false,"ContainedBy":{"ObjectIdentifier":"D7D55C01-6BC2-4792-8503-D41FCE605BBB","ObjectType":"Container"}},{"Properties":{"domain":"NORTH.SEVENKINGDOMS.LOCAL","name":"PROTECTED USERS@NORTH.SEVENKINGDOMS.LOCAL","distinguishedname":"CN=PROTECTED USERS,CN=USERS,DC=NORTH,DC=SEVENKINGDOMS,DC=LOCAL","domainsid":"S-1-5-21-1252223512-2665318757-2669098637","samaccountname":"Protected Users","isaclprotected":false,"description":"Members of this group are afforded additional protections against authentication security threats. See http://go.microsoft.com/fwlink/?LinkId=298939 for more information.","whencreated":1712582086,"admincount":false},"Members":[],"Aces":[{"PrincipalSID":"S-1-5-21-1252223512-2665318757-2669098637-512","PrincipalType":"Group","RightName":"Owns","IsInherited":false},{"PrincipalSID":"NORTH.SEVENKINGDOMS.LOCAL-S-1-5-32-548","PrincipalType":"Group","RightName":"GenericAll","IsInherited":false},{"PrincipalSID":"S-1-5-21-1252223512-2665318757-2669098637-512","PrincipalType":"Group","RightName":"GenericAll","IsInherited":false},{"PrincipalSID":"S-1-5-21-1032618810-739172636-1489167904-519","PrincipalType":"Base","RightName":"GenericAll","IsInherited":true},{"PrincipalSID":"NORTH.SEVENKINGDOMS.LOCAL-S-1-5-32-544","PrincipalType":"Group","RightName":"WriteDacl","IsInherited":true},{"PrincipalSID":"NORTH.SEVENKINGDOMS.LOCAL-S-1-5-32-544","PrincipalType":"Group","RightName":"WriteOwner","IsInherited":true},{"PrincipalSID":"NORTH.SEVENKINGDOMS.LOCAL-S-1-5-32-544","PrincipalType":"Group","RightName":"GenericWrite","IsInherited":true}],"ObjectIdentifier":"S-1-5-21-1252223512-2665318757-2669098637-525","IsDeleted":false,"IsACLProtected":false,"ContainedBy":{"ObjectIdentifier":"D7D55C01-6BC2-4792-8503-D41FCE605BBB","ObjectType":"Container"}},{"Properties":{"domain":"NORTH.SEVENKINGDOMS.LOCAL","name":"CLONEABLE DOMAIN CONTROLLERS@NORTH.SEVENKINGDOMS.LOCAL","distinguishedname":"CN=CLONEABLE DOMAIN CONTROLLERS,CN=USERS,DC=NORTH,DC=SEVENKINGDOMS,DC=LOCAL","domainsid":"S-1-5-21-1252223512-2665318757-2669098637","samaccountname":"Cloneable Domain Controllers","isaclprotected":false,"description":"Members of this group that are domain controllers may be cloned.","whencreated":1712582086,"admincount":false},"Members":[],"Aces":[{"PrincipalSID":"S-1-5-21-1252223512-2665318757-2669098637-512","PrincipalType":"Group","RightName":"Owns","IsInherited":false},{"PrincipalSID":"NORTH.SEVENKINGDOMS.LOCAL-S-1-5-32-548","PrincipalType":"Group","RightName":"GenericAll","IsInherited":false},{"PrincipalSID":"S-1-5-21-1252223512-2665318757-2669098637-512","PrincipalType":"Group","RightName":"GenericAll","IsInherited":false},{"PrincipalSID":"S-1-5-21-1032618810-739172636-1489167904-519","PrincipalType":"Base","RightName":"GenericAll","IsInherited":true},{"PrincipalSID":"NORTH.SEVENKINGDOMS.LOCAL-S-1-5-32-544","PrincipalType":"Group","RightName":"WriteDacl","IsInherited":true},{"PrincipalSID":"NORTH.SEVENKINGDOMS.LOCAL-S-1-5-32-544","PrincipalType":"Group","RightName":"WriteOwner","IsInherited":true},{"PrincipalSID":"NORTH.SEVENKINGDOMS.LOCAL-S-1-5-32-544","PrincipalType":"Group","RightName":"GenericWrite","IsInherited":true}],"ObjectIdentifier":"S-1-5-21-1252223512-2665318757-2669098637-522","IsDeleted":false,"IsACLProtected":false,"ContainedBy":{"ObjectIdentifier":"D7D55C01-6BC2-4792-8503-D41FCE605BBB","ObjectType":"Container"}},{"Properties":{"domain":"NORTH.SEVENKINGDOMS.LOCAL","name":"IIS_IUSRS@NORTH.SEVENKINGDOMS.LOCAL","distinguishedname":"CN=IIS_IUSRS,CN=BUILTIN,DC=NORTH,DC=SEVENKINGDOMS,DC=LOCAL","domainsid":"S-1-5-21-1252223512-2665318757-2669098637","samaccountname":"IIS_IUSRS","isaclprotected":false,"description":"Built-in group used by Internet Information Services.","whencreated":1712582046,"admincount":false},"Members":[{"ObjectIdentifier":"NORTH.SEVENKINGDOMS.LOCAL-S-1-5-17","ObjectType":"Group"}],"Aces":[{"PrincipalSID":"NORTH.SEVENKINGDOMS.LOCAL-S-1-5-32-544","PrincipalType":"Group","RightName":"Owns","IsInherited":false},{"PrincipalSID":"NORTH.SEVENKINGDOMS.LOCAL-S-1-5-32-548","PrincipalType":"Group","RightName":"GenericAll","IsInherited":false},{"PrincipalSID":"S-1-5-21-1252223512-2665318757-2669098637-512","PrincipalType":"Group","RightName":"GenericAll","IsInherited":false},{"PrincipalSID":"S-1-5-21-1032618810-739172636-1489167904-519","PrincipalType":"Base","RightName":"GenericAll","IsInherited":true},{"PrincipalSID":"NORTH.SEVENKINGDOMS.LOCAL-S-1-5-32-544","PrincipalType":"Group","RightName":"WriteDacl","IsInherited":true},{"PrincipalSID":"NORTH.SEVENKINGDOMS.LOCAL-S-1-5-32-544","PrincipalType":"Group","RightName":"WriteOwner","IsInherited":true},{"PrincipalSID":"NORTH.SEVENKINGDOMS.LOCAL-S-1-5-32-544","PrincipalType":"Group","RightName":"GenericWrite","IsInherited":true}],"ObjectIdentifier":"NORTH.SEVENKINGDOMS.LOCAL-S-1-5-32-568","IsDeleted":false,"IsACLProtected":false,"ContainedBy":{"ObjectIdentifier":"S-1-5-32","ObjectType":"Base"}},{"Properties":{"domain":"NORTH.SEVENKINGDOMS.LOCAL","name":"STARK@NORTH.SEVENKINGDOMS.LOCAL","distinguishedname":"CN=STARK,CN=USERS,DC=NORTH,DC=SEVENKINGDOMS,DC=LOCAL","domainsid":"S-1-5-21-1252223512-2665318757-2669098637","samaccountname":"Stark","isaclprotected":false,"description":null,"whencreated":1712583402,"admincount":false},"Members":[{"ObjectIdentifier":"S-1-5-21-1252223512-2665318757-2669098637-1118","ObjectType":"User"},{"ObjectIdentifier":"S-1-5-21-1252223512-2665318757-2669098637-1117","ObjectType":"User"},{"ObjectIdentifier":"S-1-5-21-1252223512-2665318757-2669098637-1116","ObjectType":"User"},{"ObjectIdentifier":"S-1-5-21-1252223512-2665318757-2669098637-1115","ObjectType":"User"},{"ObjectIdentifier":"S-1-5-21-1252223512-2665318757-2669098637-1114","ObjectType":"User"},{"ObjectIdentifier":"S-1-5-21-1252223512-2665318757-2669098637-1113","ObjectType":"User"},{"ObjectIdentifier":"S-1-5-21-1252223512-2665318757-2669098637-1112","ObjectType":"User"},{"ObjectIdentifier":"S-1-5-21-1252223512-2665318757-2669098637-1111","ObjectType":"User"},{"ObjectIdentifier":"S-1-5-21-1252223512-2665318757-2669098637-1110","ObjectType":"User"}],"Aces":[{"PrincipalSID":"S-1-5-21-1252223512-2665318757-2669098637-1000","PrincipalType":"User","RightName":"Owns","IsInherited":false},{"PrincipalSID":"NORTH.SEVENKINGDOMS.LOCAL-S-1-5-32-548","PrincipalType":"Group","RightName":"GenericAll","IsInherited":false},{"PrincipalSID":"S-1-5-21-1252223512-2665318757-2669098637-512","PrincipalType":"Group","RightName":"GenericAll","IsInherited":false},{"PrincipalSID":"S-1-5-21-1032618810-739172636-1489167904-519","PrincipalType":"Group","RightName":"GenericAll","IsInherited":true},{"PrincipalSID":"NORTH.SEVENKINGDOMS.LOCAL-S-1-5-32-544","PrincipalType":"Group","RightName":"WriteDacl","IsInherited":true},{"PrincipalSID":"NORTH.SEVENKINGDOMS.LOCAL-S-1-5-32-544","PrincipalType":"Group","RightName":"WriteOwner","IsInherited":true},{"PrincipalSID":"NORTH.SEVENKINGDOMS.LOCAL-S-1-5-32-544","PrincipalType":"Group","RightName":"GenericWrite","IsInherited":true}],"ObjectIdentifier":"S-1-5-21-1252223512-2665318757-2669098637-1106","IsDeleted":false,"IsACLProtected":false,"ContainedBy":{"ObjectIdentifier":"D7D55C01-6BC2-4792-8503-D41FCE605BBB","ObjectType":"Container"}},{"Properties":{"domain":"NORTH.SEVENKINGDOMS.LOCAL","name":"STORAGE REPLICA ADMINISTRATORS@NORTH.SEVENKINGDOMS.LOCAL","distinguishedname":"CN=STORAGE REPLICA ADMINISTRATORS,CN=BUILTIN,DC=NORTH,DC=SEVENKINGDOMS,DC=LOCAL","domainsid":"S-1-5-21-1252223512-2665318757-2669098637","samaccountname":"Storage Replica Administrators","isaclprotected":false,"description":"Members of this group have complete and unrestricted access to all features of Storage Replica.","whencreated":1712582046,"admincount":false},"Members":[],"Aces":[{"PrincipalSID":"NORTH.SEVENKINGDOMS.LOCAL-S-1-5-32-544","PrincipalType":"Group","RightName":"Owns","IsInherited":false},{"PrincipalSID":"NORTH.SEVENKINGDOMS.LOCAL-S-1-5-32-548","PrincipalType":"Group","RightName":"GenericAll","IsInherited":false},{"PrincipalSID":"S-1-5-21-1252223512-2665318757-2669098637-512","PrincipalType":"Group","RightName":"GenericAll","IsInherited":false},{"PrincipalSID":"S-1-5-21-1032618810-739172636-1489167904-519","PrincipalType":"Base","RightName":"GenericAll","IsInherited":true},{"PrincipalSID":"NORTH.SEVENKINGDOMS.LOCAL-S-1-5-32-544","PrincipalType":"Group","RightName":"WriteDacl","IsInherited":true},{"PrincipalSID":"NORTH.SEVENKINGDOMS.LOCAL-S-1-5-32-544","PrincipalType":"Group","RightName":"WriteOwner","IsInherited":true},{"PrincipalSID":"NORTH.SEVENKINGDOMS.LOCAL-S-1-5-32-544","PrincipalType":"Group","RightName":"GenericWrite","IsInherited":true}],"ObjectIdentifier":"NORTH.SEVENKINGDOMS.LOCAL-S-1-5-32-582","IsDeleted":false,"IsACLProtected":false,"ContainedBy":{"ObjectIdentifier":"S-1-5-32","ObjectType":"Base"}},{"Properties":{"domain":"NORTH.SEVENKINGDOMS.LOCAL","name":"ACCESS CONTROL ASSISTANCE OPERATORS@NORTH.SEVENKINGDOMS.LOCAL","distinguishedname":"CN=ACCESS CONTROL ASSISTANCE OPERATORS,CN=BUILTIN,DC=NORTH,DC=SEVENKINGDOMS,DC=LOCAL","domainsid":"S-1-5-21-1252223512-2665318757-2669098637","samaccountname":"Access Control Assistance Operators","isaclprotected":false,"description":"Members of this group can remotely query authorization attributes and permissions for resources on this computer.","whencreated":1712582046,"admincount":false},"Members":[],"Aces":[{"PrincipalSID":"NORTH.SEVENKINGDOMS.LOCAL-S-1-5-32-544","PrincipalType":"Group","RightName":"Owns","IsInherited":false},{"PrincipalSID":"NORTH.SEVENKINGDOMS.LOCAL-S-1-5-32-548","PrincipalType":"Group","RightName":"GenericAll","IsInherited":false},{"PrincipalSID":"S-1-5-21-1252223512-2665318757-2669098637-512","PrincipalType":"Group","RightName":"GenericAll","IsInherited":false},{"PrincipalSID":"S-1-5-21-1032618810-739172636-1489167904-519","PrincipalType":"Base","RightName":"GenericAll","IsInherited":true},{"PrincipalSID":"NORTH.SEVENKINGDOMS.LOCAL-S-1-5-32-544","PrincipalType":"Group","RightName":"WriteDacl","IsInherited":true},{"PrincipalSID":"NORTH.SEVENKINGDOMS.LOCAL-S-1-5-32-544","PrincipalType":"Group","RightName":"WriteOwner","IsInherited":true},{"PrincipalSID":"NORTH.SEVENKINGDOMS.LOCAL-S-1-5-32-544","PrincipalType":"Group","RightName":"GenericWrite","IsInherited":true}],"ObjectIdentifier":"NORTH.SEVENKINGDOMS.LOCAL-S-1-5-32-579","IsDeleted":false,"IsACLProtected":false,"ContainedBy":{"ObjectIdentifier":"S-1-5-32","ObjectType":"Base"}},{"Properties":{"domain":"NORTH.SEVENKINGDOMS.LOCAL","name":"RDS ENDPOINT SERVERS@NORTH.SEVENKINGDOMS.LOCAL","distinguishedname":"CN=RDS ENDPOINT SERVERS,CN=BUILTIN,DC=NORTH,DC=SEVENKINGDOMS,DC=LOCAL","domainsid":"S-1-5-21-1252223512-2665318757-2669098637","samaccountname":"RDS Endpoint Servers","isaclprotected":false,"description":"Servers in this group run virtual machines and host sessions where users RemoteApp programs and personal virtual desktops run. This group needs to be populated on servers running RD Connection Broker. RD Session Host servers and RD Virtualization Host servers used in the deployment need to be in this group.","whencreated":1712582046,"admincount":false},"Members":[],"Aces":[{"PrincipalSID":"NORTH.SEVENKINGDOMS.LOCAL-S-1-5-32-544","PrincipalType":"Group","RightName":"Owns","IsInherited":false},{"PrincipalSID":"NORTH.SEVENKINGDOMS.LOCAL-S-1-5-32-548","PrincipalType":"Group","RightName":"GenericAll","IsInherited":false},{"PrincipalSID":"S-1-5-21-1252223512-2665318757-2669098637-512","PrincipalType":"Group","RightName":"GenericAll","IsInherited":false},{"PrincipalSID":"S-1-5-21-1032618810-739172636-1489167904-519","PrincipalType":"Base","RightName":"GenericAll","IsInherited":true},{"PrincipalSID":"NORTH.SEVENKINGDOMS.LOCAL-S-1-5-32-544","PrincipalType":"Group","RightName":"WriteDacl","IsInherited":true},{"PrincipalSID":"NORTH.SEVENKINGDOMS.LOCAL-S-1-5-32-544","PrincipalType":"Group","RightName":"WriteOwner","IsInherited":true},{"PrincipalSID":"NORTH.SEVENKINGDOMS.LOCAL-S-1-5-32-544","PrincipalType":"Group","RightName":"GenericWrite","IsInherited":true}],"ObjectIdentifier":"NORTH.SEVENKINGDOMS.LOCAL-S-1-5-32-576","IsDeleted":false,"IsACLProtected":false,"ContainedBy":{"ObjectIdentifier":"S-1-5-32","ObjectType":"Base"}},{"Properties":{"domain":"NORTH.SEVENKINGDOMS.LOCAL","name":"DOMAIN COMPUTERS@NORTH.SEVENKINGDOMS.LOCAL","distinguishedname":"CN=DOMAIN COMPUTERS,CN=USERS,DC=NORTH,DC=SEVENKINGDOMS,DC=LOCAL","domainsid":"S-1-5-21-1252223512-2665318757-2669098637","samaccountname":"Domain Computers","isaclprotected":false,"description":"All workstations and servers joined to the domain","whencreated":1712582086,"admincount":false},"Members":[],"Aces":[{"PrincipalSID":"S-1-5-21-1252223512-2665318757-2669098637-512","PrincipalType":"Group","RightName":"Owns","IsInherited":false},{"PrincipalSID":"NORTH.SEVENKINGDOMS.LOCAL-S-1-5-32-548","PrincipalType":"Group","RightName":"GenericAll","IsInherited":false},{"PrincipalSID":"S-1-5-21-1252223512-2665318757-2669098637-512","PrincipalType":"Group","RightName":"GenericAll","IsInherited":false},{"PrincipalSID":"S-1-5-21-1032618810-739172636-1489167904-519","PrincipalType":"Base","RightName":"GenericAll","IsInherited":true},{"PrincipalSID":"NORTH.SEVENKINGDOMS.LOCAL-S-1-5-32-544","PrincipalType":"Group","RightName":"WriteDacl","IsInherited":true},{"PrincipalSID":"NORTH.SEVENKINGDOMS.LOCAL-S-1-5-32-544","PrincipalType":"Group","RightName":"WriteOwner","IsInherited":true},{"PrincipalSID":"NORTH.SEVENKINGDOMS.LOCAL-S-1-5-32-544","PrincipalType":"Group","RightName":"GenericWrite","IsInherited":true}],"ObjectIdentifier":"S-1-5-21-1252223512-2665318757-2669098637-515","IsDeleted":false,"IsACLProtected":false,"ContainedBy":{"ObjectIdentifier":"D7D55C01-6BC2-4792-8503-D41FCE605BBB","ObjectType":"Container"}},{"Properties":{"domain":"NORTH.SEVENKINGDOMS.LOCAL","name":"DOMAIN CONTROLLERS@NORTH.SEVENKINGDOMS.LOCAL","distinguishedname":"CN=DOMAIN CONTROLLERS,CN=USERS,DC=NORTH,DC=SEVENKINGDOMS,DC=LOCAL","domainsid":"S-1-5-21-1252223512-2665318757-2669098637","samaccountname":"Domain Controllers","isaclprotected":true,"description":"All domain controllers in the domain","whencreated":1712582086,"admincount":true},"Members":[],"Aces":[{"PrincipalSID":"S-1-5-21-1252223512-2665318757-2669098637-512","PrincipalType":"Group","RightName":"Owns","IsInherited":false},{"PrincipalSID":"NORTH.SEVENKINGDOMS.LOCAL-S-1-5-32-544","PrincipalType":"Group","RightName":"WriteDacl","IsInherited":false},{"PrincipalSID":"NORTH.SEVENKINGDOMS.LOCAL-S-1-5-32-544","PrincipalType":"Group","RightName":"WriteOwner","IsInherited":false},{"PrincipalSID":"NORTH.SEVENKINGDOMS.LOCAL-S-1-5-32-544","PrincipalType":"Group","RightName":"GenericWrite","IsInherited":false},{"PrincipalSID":"S-1-5-21-1032618810-739172636-1489167904-519","PrincipalType":"Group","RightName":"WriteDacl","IsInherited":false},{"PrincipalSID":"S-1-5-21-1032618810-739172636-1489167904-519","PrincipalType":"Group","RightName":"WriteOwner","IsInherited":false},{"PrincipalSID":"S-1-5-21-1032618810-739172636-1489167904-519","PrincipalType":"Group","RightName":"GenericWrite","IsInherited":false},{"PrincipalSID":"S-1-5-21-1252223512-2665318757-2669098637-512","PrincipalType":"Group","RightName":"WriteDacl","IsInherited":false},{"PrincipalSID":"S-1-5-21-1252223512-2665318757-2669098637-512","PrincipalType":"Group","RightName":"WriteOwner","IsInherited":false},{"PrincipalSID":"S-1-5-21-1252223512-2665318757-2669098637-512","PrincipalType":"Group","RightName":"GenericWrite","IsInherited":false}],"ObjectIdentifier":"S-1-5-21-1252223512-2665318757-2669098637-516","IsDeleted":false,"IsACLProtected":true,"ContainedBy":{"ObjectIdentifier":"D7D55C01-6BC2-4792-8503-D41FCE605BBB","ObjectType":"Container"}},{"Properties":{"domain":"NORTH.SEVENKINGDOMS.LOCAL","name":"REMOTE DESKTOP USERS@NORTH.SEVENKINGDOMS.LOCAL","distinguishedname":"CN=REMOTE DESKTOP USERS,CN=BUILTIN,DC=NORTH,DC=SEVENKINGDOMS,DC=LOCAL","domainsid":"S-1-5-21-1252223512-2665318757-2669098637","samaccountname":"Remote Desktop Users","isaclprotected":false,"description":"Members in this group are granted the right to logon remotely","whencreated":1712582046,"admincount":false},"Members":[{"ObjectIdentifier":"S-1-5-21-1252223512-2665318757-2669098637-1106","ObjectType":"Group"}],"Aces":[{"PrincipalSID":"NORTH.SEVENKINGDOMS.LOCAL-S-1-5-32-544","PrincipalType":"Group","RightName":"Owns","IsInherited":false},{"PrincipalSID":"NORTH.SEVENKINGDOMS.LOCAL-S-1-5-32-548","PrincipalType":"Group","RightName":"GenericAll","IsInherited":false},{"PrincipalSID":"S-1-5-21-1252223512-2665318757-2669098637-512","PrincipalType":"Group","RightName":"GenericAll","IsInherited":false},{"PrincipalSID":"S-1-5-21-1032618810-739172636-1489167904-519","PrincipalType":"Base","RightName":"GenericAll","IsInherited":true},{"PrincipalSID":"NORTH.SEVENKINGDOMS.LOCAL-S-1-5-32-544","PrincipalType":"Group","RightName":"WriteDacl","IsInherited":true},{"PrincipalSID":"NORTH.SEVENKINGDOMS.LOCAL-S-1-5-32-544","PrincipalType":"Group","RightName":"WriteOwner","IsInherited":true},{"PrincipalSID":"NORTH.SEVENKINGDOMS.LOCAL-S-1-5-32-544","PrincipalType":"Group","RightName":"GenericWrite","IsInherited":true}],"ObjectIdentifier":"NORTH.SEVENKINGDOMS.LOCAL-S-1-5-32-555","IsDeleted":false,"IsACLProtected":false,"ContainedBy":{"ObjectIdentifier":"S-1-5-32","ObjectType":"Base"}},{"Properties":{"domain":"NORTH.SEVENKINGDOMS.LOCAL","name":"HYPER-V ADMINISTRATORS@NORTH.SEVENKINGDOMS.LOCAL","distinguishedname":"CN=HYPER-V ADMINISTRATORS,CN=BUILTIN,DC=NORTH,DC=SEVENKINGDOMS,DC=LOCAL","domainsid":"S-1-5-21-1252223512-2665318757-2669098637","samaccountname":"Hyper-V Administrators","isaclprotected":false,"description":"Members of this group have complete and unrestricted access to all features of Hyper-V.","whencreated":1712582046,"admincount":false},"Members":[],"Aces":[{"PrincipalSID":"NORTH.SEVENKINGDOMS.LOCAL-S-1-5-32-544","PrincipalType":"Group","RightName":"Owns","IsInherited":false},{"PrincipalSID":"NORTH.SEVENKINGDOMS.LOCAL-S-1-5-32-548","PrincipalType":"Group","RightName":"GenericAll","IsInherited":false},{"PrincipalSID":"S-1-5-21-1252223512-2665318757-2669098637-512","PrincipalType":"Group","RightName":"GenericAll","IsInherited":false},{"PrincipalSID":"S-1-5-21-1032618810-739172636-1489167904-519","PrincipalType":"Base","RightName":"GenericAll","IsInherited":true},{"PrincipalSID":"NORTH.SEVENKINGDOMS.LOCAL-S-1-5-32-544","PrincipalType":"Group","RightName":"WriteDacl","IsInherited":true},{"PrincipalSID":"NORTH.SEVENKINGDOMS.LOCAL-S-1-5-32-544","PrincipalType":"Group","RightName":"WriteOwner","IsInherited":true},{"PrincipalSID":"NORTH.SEVENKINGDOMS.LOCAL-S-1-5-32-544","PrincipalType":"Group","RightName":"GenericWrite","IsInherited":true}],"ObjectIdentifier":"NORTH.SEVENKINGDOMS.LOCAL-S-1-5-32-578","IsDeleted":false,"IsACLProtected":false,"ContainedBy":{"ObjectIdentifier":"S-1-5-32","ObjectType":"Base"}},{"Properties":{"domain":"NORTH.SEVENKINGDOMS.LOCAL","name":"ADMINISTRATORS@NORTH.SEVENKINGDOMS.LOCAL","distinguishedname":"CN=ADMINISTRATORS,CN=BUILTIN,DC=NORTH,DC=SEVENKINGDOMS,DC=LOCAL","domainsid":"S-1-5-21-1252223512-2665318757-2669098637","samaccountname":"Administrators","isaclprotected":true,"description":"Administrators have complete and unrestricted access to the computer/domain","whencreated":1712582046,"admincount":true},"Members":[{"ObjectIdentifier":"S-1-5-21-1252223512-2665318757-2669098637-1113","ObjectType":"User"},{"ObjectIdentifier":"S-1-5-21-1252223512-2665318757-2669098637-1112","ObjectType":"User"},{"ObjectIdentifier":"S-1-5-21-1252223512-2665318757-2669098637-1111","ObjectType":"User"},{"ObjectIdentifier":"S-1-5-21-1032618810-739172636-1489167904-519","ObjectType":"Base"},{"ObjectIdentifier":"S-1-5-21-1252223512-2665318757-2669098637-512","ObjectType":"Group"},{"ObjectIdentifier":"S-1-5-21-1252223512-2665318757-2669098637-1000","ObjectType":"User"},{"ObjectIdentifier":"S-1-5-21-1252223512-2665318757-2669098637-500","ObjectType":"User"}],"Aces":[{"PrincipalSID":"S-1-5-21-1252223512-2665318757-2669098637-512","PrincipalType":"Group","RightName":"Owns","IsInherited":false},{"PrincipalSID":"NORTH.SEVENKINGDOMS.LOCAL-S-1-5-32-544","PrincipalType":"Group","RightName":"WriteDacl","IsInherited":false},{"PrincipalSID":"NORTH.SEVENKINGDOMS.LOCAL-S-1-5-32-544","PrincipalType":"Group","RightName":"WriteOwner","IsInherited":false},{"PrincipalSID":"NORTH.SEVENKINGDOMS.LOCAL-S-1-5-32-544","PrincipalType":"Group","RightName":"GenericWrite","IsInherited":false},{"PrincipalSID":"S-1-5-21-1032618810-739172636-1489167904-519","PrincipalType":"Base","RightName":"WriteDacl","IsInherited":false},{"PrincipalSID":"S-1-5-21-1032618810-739172636-1489167904-519","PrincipalType":"Base","RightName":"WriteOwner","IsInherited":false},{"PrincipalSID":"S-1-5-21-1032618810-739172636-1489167904-519","PrincipalType":"Base","RightName":"GenericWrite","IsInherited":false},{"PrincipalSID":"S-1-5-21-1252223512-2665318757-2669098637-512","PrincipalType":"Group","RightName":"WriteDacl","IsInherited":false},{"PrincipalSID":"S-1-5-21-1252223512-2665318757-2669098637-512","PrincipalType":"Group","RightName":"WriteOwner","IsInherited":false},{"PrincipalSID":"S-1-5-21-1252223512-2665318757-2669098637-512","PrincipalType":"Group","RightName":"GenericWrite","IsInherited":false}],"ObjectIdentifier":"NORTH.SEVENKINGDOMS.LOCAL-S-1-5-32-544","IsDeleted":false,"IsACLProtected":true,"ContainedBy":{"ObjectIdentifier":"S-1-5-32","ObjectType":"Base"}},{"Properties":{"domain":"NORTH.SEVENKINGDOMS.LOCAL","name":"NETWORK CONFIGURATION OPERATORS@NORTH.SEVENKINGDOMS.LOCAL","distinguishedname":"CN=NETWORK CONFIGURATION OPERATORS,CN=BUILTIN,DC=NORTH,DC=SEVENKINGDOMS,DC=LOCAL","domainsid":"S-1-5-21-1252223512-2665318757-2669098637","samaccountname":"Network Configuration Operators","isaclprotected":false,"description":"Members in this group can have some administrative privileges to manage configuration of networking features","whencreated":1712582046,"admincount":false},"Members":[],"Aces":[{"PrincipalSID":"NORTH.SEVENKINGDOMS.LOCAL-S-1-5-32-544","PrincipalType":"Group","RightName":"Owns","IsInherited":false},{"PrincipalSID":"NORTH.SEVENKINGDOMS.LOCAL-S-1-5-32-548","PrincipalType":"Group","RightName":"GenericAll","IsInherited":false},{"PrincipalSID":"S-1-5-21-1252223512-2665318757-2669098637-512","PrincipalType":"Group","RightName":"GenericAll","IsInherited":false},{"PrincipalSID":"S-1-5-21-1032618810-739172636-1489167904-519","PrincipalType":"Base","RightName":"GenericAll","IsInherited":true},{"PrincipalSID":"NORTH.SEVENKINGDOMS.LOCAL-S-1-5-32-544","PrincipalType":"Group","RightName":"WriteDacl","IsInherited":true},{"PrincipalSID":"NORTH.SEVENKINGDOMS.LOCAL-S-1-5-32-544","PrincipalType":"Group","RightName":"WriteOwner","IsInherited":true},{"PrincipalSID":"NORTH.SEVENKINGDOMS.LOCAL-S-1-5-32-544","PrincipalType":"Group","RightName":"GenericWrite","IsInherited":true}],"ObjectIdentifier":"NORTH.SEVENKINGDOMS.LOCAL-S-1-5-32-556","IsDeleted":false,"IsACLProtected":false,"ContainedBy":{"ObjectIdentifier":"S-1-5-32","ObjectType":"Base"}},{"Properties":{"domain":"NORTH.SEVENKINGDOMS.LOCAL","name":"RDS MANAGEMENT SERVERS@NORTH.SEVENKINGDOMS.LOCAL","distinguishedname":"CN=RDS MANAGEMENT SERVERS,CN=BUILTIN,DC=NORTH,DC=SEVENKINGDOMS,DC=LOCAL","domainsid":"S-1-5-21-1252223512-2665318757-2669098637","samaccountname":"RDS Management Servers","isaclprotected":false,"description":"Servers in this group can perform routine administrative actions on servers running Remote Desktop Services. This group needs to be populated on all servers in a Remote Desktop Services deployment. The servers running the RDS Central Management service must be included in this group.","whencreated":1712582046,"admincount":false},"Members":[],"Aces":[{"PrincipalSID":"NORTH.SEVENKINGDOMS.LOCAL-S-1-5-32-544","PrincipalType":"Group","RightName":"Owns","IsInherited":false},{"PrincipalSID":"NORTH.SEVENKINGDOMS.LOCAL-S-1-5-32-548","PrincipalType":"Group","RightName":"GenericAll","IsInherited":false},{"PrincipalSID":"S-1-5-21-1252223512-2665318757-2669098637-512","PrincipalType":"Group","RightName":"GenericAll","IsInherited":false},{"PrincipalSID":"S-1-5-21-1032618810-739172636-1489167904-519","PrincipalType":"Base","RightName":"GenericAll","IsInherited":true},{"PrincipalSID":"NORTH.SEVENKINGDOMS.LOCAL-S-1-5-32-544","PrincipalType":"Group","RightName":"WriteDacl","IsInherited":true},{"PrincipalSID":"NORTH.SEVENKINGDOMS.LOCAL-S-1-5-32-544","PrincipalType":"Group","RightName":"WriteOwner","IsInherited":true},{"PrincipalSID":"NORTH.SEVENKINGDOMS.LOCAL-S-1-5-32-544","PrincipalType":"Group","RightName":"GenericWrite","IsInherited":true}],"ObjectIdentifier":"NORTH.SEVENKINGDOMS.LOCAL-S-1-5-32-577","IsDeleted":false,"IsACLProtected":false,"ContainedBy":{"ObjectIdentifier":"S-1-5-32","ObjectType":"Base"}},{"Properties":{"domain":"NORTH.SEVENKINGDOMS.LOCAL","name":"GUESTS@NORTH.SEVENKINGDOMS.LOCAL","distinguishedname":"CN=GUESTS,CN=BUILTIN,DC=NORTH,DC=SEVENKINGDOMS,DC=LOCAL","domainsid":"S-1-5-21-1252223512-2665318757-2669098637","samaccountname":"Guests","isaclprotected":false,"description":"Guests have the same access as members of the Users group by default, except for the Guest account which is further restricted","whencreated":1712582046,"admincount":false},"Members":[{"ObjectIdentifier":"S-1-5-21-1252223512-2665318757-2669098637-514","ObjectType":"Group"},{"ObjectIdentifier":"S-1-5-21-1252223512-2665318757-2669098637-501","ObjectType":"User"}],"Aces":[{"PrincipalSID":"NORTH.SEVENKINGDOMS.LOCAL-S-1-5-32-544","PrincipalType":"Group","RightName":"Owns","IsInherited":false},{"PrincipalSID":"NORTH.SEVENKINGDOMS.LOCAL-S-1-5-32-548","PrincipalType":"Group","RightName":"GenericAll","IsInherited":false},{"PrincipalSID":"S-1-5-21-1252223512-2665318757-2669098637-512","PrincipalType":"Group","RightName":"GenericAll","IsInherited":false},{"PrincipalSID":"S-1-5-21-1032618810-739172636-1489167904-519","PrincipalType":"Base","RightName":"GenericAll","IsInherited":true},{"PrincipalSID":"NORTH.SEVENKINGDOMS.LOCAL-S-1-5-32-544","PrincipalType":"Group","RightName":"WriteDacl","IsInherited":true},{"PrincipalSID":"NORTH.SEVENKINGDOMS.LOCAL-S-1-5-32-544","PrincipalType":"Group","RightName":"WriteOwner","IsInherited":true},{"PrincipalSID":"NORTH.SEVENKINGDOMS.LOCAL-S-1-5-32-544","PrincipalType":"Group","RightName":"GenericWrite","IsInherited":true}],"ObjectIdentifier":"NORTH.SEVENKINGDOMS.LOCAL-S-1-5-32-546","IsDeleted":false,"IsACLProtected":false,"ContainedBy":{"ObjectIdentifier":"S-1-5-32","ObjectType":"Base"}},{"Properties":{"domain":"NORTH.SEVENKINGDOMS.LOCAL","name":"PERFORMANCE MONITOR USERS@NORTH.SEVENKINGDOMS.LOCAL","distinguishedname":"CN=PERFORMANCE MONITOR USERS,CN=BUILTIN,DC=NORTH,DC=SEVENKINGDOMS,DC=LOCAL","domainsid":"S-1-5-21-1252223512-2665318757-2669098637","samaccountname":"Performance Monitor Users","isaclprotected":false,"description":"Members of this group can access performance counter data locally and remotely","whencreated":1712582046,"admincount":false},"Members":[],"Aces":[{"PrincipalSID":"NORTH.SEVENKINGDOMS.LOCAL-S-1-5-32-544","PrincipalType":"Group","RightName":"Owns","IsInherited":false},{"PrincipalSID":"NORTH.SEVENKINGDOMS.LOCAL-S-1-5-32-548","PrincipalType":"Group","RightName":"GenericAll","IsInherited":false},{"PrincipalSID":"S-1-5-21-1252223512-2665318757-2669098637-512","PrincipalType":"Group","RightName":"GenericAll","IsInherited":false},{"PrincipalSID":"S-1-5-21-1032618810-739172636-1489167904-519","PrincipalType":"Base","RightName":"GenericAll","IsInherited":true},{"PrincipalSID":"NORTH.SEVENKINGDOMS.LOCAL-S-1-5-32-544","PrincipalType":"Group","RightName":"WriteDacl","IsInherited":true},{"PrincipalSID":"NORTH.SEVENKINGDOMS.LOCAL-S-1-5-32-544","PrincipalType":"Group","RightName":"WriteOwner","IsInherited":true},{"PrincipalSID":"NORTH.SEVENKINGDOMS.LOCAL-S-1-5-32-544","PrincipalType":"Group","RightName":"GenericWrite","IsInherited":true}],"ObjectIdentifier":"NORTH.SEVENKINGDOMS.LOCAL-S-1-5-32-558","IsDeleted":false,"IsACLProtected":false,"ContainedBy":{"ObjectIdentifier":"S-1-5-32","ObjectType":"Base"}},{"Properties":{"domain":"NORTH.SEVENKINGDOMS.LOCAL","name":"ALLOWED RODC PASSWORD REPLICATION GROUP@NORTH.SEVENKINGDOMS.LOCAL","distinguishedname":"CN=ALLOWED RODC PASSWORD REPLICATION GROUP,CN=USERS,DC=NORTH,DC=SEVENKINGDOMS,DC=LOCAL","domainsid":"S-1-5-21-1252223512-2665318757-2669098637","samaccountname":"Allowed RODC Password Replication Group","isaclprotected":false,"description":"Members in this group can have their passwords replicated to all read-only domain controllers in the domain","whencreated":1712582086,"admincount":false},"Members":[],"Aces":[{"PrincipalSID":"S-1-5-21-1252223512-2665318757-2669098637-512","PrincipalType":"Group","RightName":"Owns","IsInherited":false},{"PrincipalSID":"NORTH.SEVENKINGDOMS.LOCAL-S-1-5-32-548","PrincipalType":"Group","RightName":"GenericAll","IsInherited":false},{"PrincipalSID":"S-1-5-21-1252223512-2665318757-2669098637-512","PrincipalType":"Group","RightName":"GenericAll","IsInherited":false},{"PrincipalSID":"S-1-5-21-1032618810-739172636-1489167904-519","PrincipalType":"Base","RightName":"GenericAll","IsInherited":true},{"PrincipalSID":"NORTH.SEVENKINGDOMS.LOCAL-S-1-5-32-544","PrincipalType":"Group","RightName":"WriteDacl","IsInherited":true},{"PrincipalSID":"NORTH.SEVENKINGDOMS.LOCAL-S-1-5-32-544","PrincipalType":"Group","RightName":"WriteOwner","IsInherited":true},{"PrincipalSID":"NORTH.SEVENKINGDOMS.LOCAL-S-1-5-32-544","PrincipalType":"Group","RightName":"GenericWrite","IsInherited":true}],"ObjectIdentifier":"S-1-5-21-1252223512-2665318757-2669098637-571","IsDeleted":false,"IsACLProtected":false,"ContainedBy":{"ObjectIdentifier":"D7D55C01-6BC2-4792-8503-D41FCE605BBB","ObjectType":"Container"}},{"Properties":{"domain":"NORTH.SEVENKINGDOMS.LOCAL","name":"DISTRIBUTED COM USERS@NORTH.SEVENKINGDOMS.LOCAL","distinguishedname":"CN=DISTRIBUTED COM USERS,CN=BUILTIN,DC=NORTH,DC=SEVENKINGDOMS,DC=LOCAL","domainsid":"S-1-5-21-1252223512-2665318757-2669098637","samaccountname":"Distributed COM Users","isaclprotected":false,"description":"Members are allowed to launch, activate and use Distributed COM objects on this machine.","whencreated":1712582046,"admincount":false},"Members":[],"Aces":[{"PrincipalSID":"NORTH.SEVENKINGDOMS.LOCAL-S-1-5-32-544","PrincipalType":"Group","RightName":"Owns","IsInherited":false},{"PrincipalSID":"NORTH.SEVENKINGDOMS.LOCAL-S-1-5-32-548","PrincipalType":"Group","RightName":"GenericAll","IsInherited":false},{"PrincipalSID":"S-1-5-21-1252223512-2665318757-2669098637-512","PrincipalType":"Group","RightName":"GenericAll","IsInherited":false},{"PrincipalSID":"S-1-5-21-1032618810-739172636-1489167904-519","PrincipalType":"Base","RightName":"GenericAll","IsInherited":true},{"PrincipalSID":"NORTH.SEVENKINGDOMS.LOCAL-S-1-5-32-544","PrincipalType":"Group","RightName":"WriteDacl","IsInherited":true},{"PrincipalSID":"NORTH.SEVENKINGDOMS.LOCAL-S-1-5-32-544","PrincipalType":"Group","RightName":"WriteOwner","IsInherited":true},{"PrincipalSID":"NORTH.SEVENKINGDOMS.LOCAL-S-1-5-32-544","PrincipalType":"Group","RightName":"GenericWrite","IsInherited":true}],"ObjectIdentifier":"NORTH.SEVENKINGDOMS.LOCAL-S-1-5-32-562","IsDeleted":false,"IsACLProtected":false,"ContainedBy":{"ObjectIdentifier":"S-1-5-32","ObjectType":"Base"}},{"Properties":{"domain":"NORTH.SEVENKINGDOMS.LOCAL","name":"CERTIFICATE SERVICE DCOM ACCESS@NORTH.SEVENKINGDOMS.LOCAL","distinguishedname":"CN=CERTIFICATE SERVICE DCOM ACCESS,CN=BUILTIN,DC=NORTH,DC=SEVENKINGDOMS,DC=LOCAL","domainsid":"S-1-5-21-1252223512-2665318757-2669098637","samaccountname":"Certificate Service DCOM Access","isaclprotected":false,"description":"Members of this group are allowed to connect to Certification Authorities in the enterprise","whencreated":1712582046,"admincount":false},"Members":[],"Aces":[{"PrincipalSID":"NORTH.SEVENKINGDOMS.LOCAL-S-1-5-32-544","PrincipalType":"Group","RightName":"Owns","IsInherited":false},{"PrincipalSID":"NORTH.SEVENKINGDOMS.LOCAL-S-1-5-32-548","PrincipalType":"Group","RightName":"GenericAll","IsInherited":false},{"PrincipalSID":"S-1-5-21-1252223512-2665318757-2669098637-512","PrincipalType":"Group","RightName":"GenericAll","IsInherited":false},{"PrincipalSID":"S-1-5-21-1032618810-739172636-1489167904-519","PrincipalType":"Base","RightName":"GenericAll","IsInherited":true},{"PrincipalSID":"NORTH.SEVENKINGDOMS.LOCAL-S-1-5-32-544","PrincipalType":"Group","RightName":"WriteDacl","IsInherited":true},{"PrincipalSID":"NORTH.SEVENKINGDOMS.LOCAL-S-1-5-32-544","PrincipalType":"Group","RightName":"WriteOwner","IsInherited":true},{"PrincipalSID":"NORTH.SEVENKINGDOMS.LOCAL-S-1-5-32-544","PrincipalType":"Group","RightName":"GenericWrite","IsInherited":true}],"ObjectIdentifier":"NORTH.SEVENKINGDOMS.LOCAL-S-1-5-32-574","IsDeleted":false,"IsACLProtected":false,"ContainedBy":{"ObjectIdentifier":"S-1-5-32","ObjectType":"Base"}},{"Properties":{"domain":"NORTH.SEVENKINGDOMS.LOCAL","name":"BACKUP OPERATORS@NORTH.SEVENKINGDOMS.LOCAL","distinguishedname":"CN=BACKUP OPERATORS,CN=BUILTIN,DC=NORTH,DC=SEVENKINGDOMS,DC=LOCAL","domainsid":"S-1-5-21-1252223512-2665318757-2669098637","samaccountname":"Backup Operators","isaclprotected":true,"description":"Backup Operators can override security restrictions for the sole purpose of backing up or restoring files","whencreated":1712582046,"admincount":true},"Members":[],"Aces":[{"PrincipalSID":"S-1-5-21-1252223512-2665318757-2669098637-512","PrincipalType":"Group","RightName":"Owns","IsInherited":false},{"PrincipalSID":"NORTH.SEVENKINGDOMS.LOCAL-S-1-5-32-544","PrincipalType":"Group","RightName":"WriteDacl","IsInherited":false},{"PrincipalSID":"NORTH.SEVENKINGDOMS.LOCAL-S-1-5-32-544","PrincipalType":"Group","RightName":"WriteOwner","IsInherited":false},{"PrincipalSID":"NORTH.SEVENKINGDOMS.LOCAL-S-1-5-32-544","PrincipalType":"Group","RightName":"GenericWrite","IsInherited":false},{"PrincipalSID":"S-1-5-21-1032618810-739172636-1489167904-519","PrincipalType":"Base","RightName":"WriteDacl","IsInherited":false},{"PrincipalSID":"S-1-5-21-1032618810-739172636-1489167904-519","PrincipalType":"Base","RightName":"WriteOwner","IsInherited":false},{"PrincipalSID":"S-1-5-21-1032618810-739172636-1489167904-519","PrincipalType":"Base","RightName":"GenericWrite","IsInherited":false},{"PrincipalSID":"S-1-5-21-1252223512-2665318757-2669098637-512","PrincipalType":"Group","RightName":"WriteDacl","IsInherited":false},{"PrincipalSID":"S-1-5-21-1252223512-2665318757-2669098637-512","PrincipalType":"Group","RightName":"WriteOwner","IsInherited":false},{"PrincipalSID":"S-1-5-21-1252223512-2665318757-2669098637-512","PrincipalType":"Group","RightName":"GenericWrite","IsInherited":false}],"ObjectIdentifier":"NORTH.SEVENKINGDOMS.LOCAL-S-1-5-32-551","IsDeleted":false,"IsACLProtected":true,"ContainedBy":{"ObjectIdentifier":"S-1-5-32","ObjectType":"Base"}},{"Properties":{"domain":"NORTH.SEVENKINGDOMS.LOCAL","name":"CERT PUBLISHERS@NORTH.SEVENKINGDOMS.LOCAL","distinguishedname":"CN=CERT PUBLISHERS,CN=USERS,DC=NORTH,DC=SEVENKINGDOMS,DC=LOCAL","domainsid":"S-1-5-21-1252223512-2665318757-2669098637","samaccountname":"Cert Publishers","isaclprotected":false,"description":"Members of this group are permitted to publish certificates to the directory","whencreated":1712582086,"admincount":false},"Members":[],"Aces":[{"PrincipalSID":"S-1-5-21-1252223512-2665318757-2669098637-512","PrincipalType":"Group","RightName":"Owns","IsInherited":false},{"PrincipalSID":"NORTH.SEVENKINGDOMS.LOCAL-S-1-5-32-548","PrincipalType":"Group","RightName":"GenericAll","IsInherited":false},{"PrincipalSID":"S-1-5-21-1252223512-2665318757-2669098637-512","PrincipalType":"Group","RightName":"GenericAll","IsInherited":false},{"PrincipalSID":"S-1-5-21-1032618810-739172636-1489167904-519","PrincipalType":"Base","RightName":"GenericAll","IsInherited":true},{"PrincipalSID":"NORTH.SEVENKINGDOMS.LOCAL-S-1-5-32-544","PrincipalType":"Group","RightName":"WriteDacl","IsInherited":true},{"PrincipalSID":"NORTH.SEVENKINGDOMS.LOCAL-S-1-5-32-544","PrincipalType":"Group","RightName":"WriteOwner","IsInherited":true},{"PrincipalSID":"NORTH.SEVENKINGDOMS.LOCAL-S-1-5-32-544","PrincipalType":"Group","RightName":"GenericWrite","IsInherited":true}],"ObjectIdentifier":"S-1-5-21-1252223512-2665318757-2669098637-517","IsDeleted":false,"IsACLProtected":false,"ContainedBy":{"ObjectIdentifier":"D7D55C01-6BC2-4792-8503-D41FCE605BBB","ObjectType":"Container"}},{"Properties":{"domain":"NORTH.SEVENKINGDOMS.LOCAL","name":"CRYPTOGRAPHIC OPERATORS@NORTH.SEVENKINGDOMS.LOCAL","distinguishedname":"CN=CRYPTOGRAPHIC OPERATORS,CN=BUILTIN,DC=NORTH,DC=SEVENKINGDOMS,DC=LOCAL","domainsid":"S-1-5-21-1252223512-2665318757-2669098637","samaccountname":"Cryptographic Operators","isaclprotected":false,"description":"Members are authorized to perform cryptographic operations.","whencreated":1712582046,"admincount":false},"Members":[],"Aces":[{"PrincipalSID":"NORTH.SEVENKINGDOMS.LOCAL-S-1-5-32-544","PrincipalType":"Group","RightName":"Owns","IsInherited":false},{"PrincipalSID":"NORTH.SEVENKINGDOMS.LOCAL-S-1-5-32-548","PrincipalType":"Group","RightName":"GenericAll","IsInherited":false},{"PrincipalSID":"S-1-5-21-1252223512-2665318757-2669098637-512","PrincipalType":"Group","RightName":"GenericAll","IsInherited":false},{"PrincipalSID":"S-1-5-21-1032618810-739172636-1489167904-519","PrincipalType":"Base","RightName":"GenericAll","IsInherited":true},{"PrincipalSID":"NORTH.SEVENKINGDOMS.LOCAL-S-1-5-32-544","PrincipalType":"Group","RightName":"WriteDacl","IsInherited":true},{"PrincipalSID":"NORTH.SEVENKINGDOMS.LOCAL-S-1-5-32-544","PrincipalType":"Group","RightName":"WriteOwner","IsInherited":true},{"PrincipalSID":"NORTH.SEVENKINGDOMS.LOCAL-S-1-5-32-544","PrincipalType":"Group","RightName":"GenericWrite","IsInherited":true}],"ObjectIdentifier":"NORTH.SEVENKINGDOMS.LOCAL-S-1-5-32-569","IsDeleted":false,"IsACLProtected":false,"ContainedBy":{"ObjectIdentifier":"S-1-5-32","ObjectType":"Base"}},{"Properties":{"domain":"NORTH.SEVENKINGDOMS.LOCAL","name":"REMOTE MANAGEMENT USERS@NORTH.SEVENKINGDOMS.LOCAL","distinguishedname":"CN=REMOTE MANAGEMENT USERS,CN=BUILTIN,DC=NORTH,DC=SEVENKINGDOMS,DC=LOCAL","domainsid":"S-1-5-21-1252223512-2665318757-2669098637","samaccountname":"Remote Management Users","isaclprotected":false,"description":"Members of this group can access WMI resources over management protocols (such as WS-Management via the Windows Remote Management service). This applies only to WMI namespaces that grant access to the user.","whencreated":1712582046,"admincount":false},"Members":[],"Aces":[{"PrincipalSID":"NORTH.SEVENKINGDOMS.LOCAL-S-1-5-32-544","PrincipalType":"Group","RightName":"Owns","IsInherited":false},{"PrincipalSID":"NORTH.SEVENKINGDOMS.LOCAL-S-1-5-32-548","PrincipalType":"Group","RightName":"GenericAll","IsInherited":false},{"PrincipalSID":"S-1-5-21-1252223512-2665318757-2669098637-512","PrincipalType":"Group","RightName":"GenericAll","IsInherited":false},{"PrincipalSID":"S-1-5-21-1032618810-739172636-1489167904-519","PrincipalType":"Base","RightName":"GenericAll","IsInherited":true},{"PrincipalSID":"NORTH.SEVENKINGDOMS.LOCAL-S-1-5-32-544","PrincipalType":"Group","RightName":"WriteDacl","IsInherited":true},{"PrincipalSID":"NORTH.SEVENKINGDOMS.LOCAL-S-1-5-32-544","PrincipalType":"Group","RightName":"WriteOwner","IsInherited":true},{"PrincipalSID":"NORTH.SEVENKINGDOMS.LOCAL-S-1-5-32-544","PrincipalType":"Group","RightName":"GenericWrite","IsInherited":true}],"ObjectIdentifier":"NORTH.SEVENKINGDOMS.LOCAL-S-1-5-32-580","IsDeleted":false,"IsACLProtected":false,"ContainedBy":{"ObjectIdentifier":"S-1-5-32","ObjectType":"Base"}},{"Properties":{"domain":"NORTH.SEVENKINGDOMS.LOCAL","name":"DOMAIN GUESTS@NORTH.SEVENKINGDOMS.LOCAL","distinguishedname":"CN=DOMAIN GUESTS,CN=USERS,DC=NORTH,DC=SEVENKINGDOMS,DC=LOCAL","domainsid":"S-1-5-21-1252223512-2665318757-2669098637","samaccountname":"Domain Guests","isaclprotected":false,"description":"All domain guests","whencreated":1712582086,"admincount":false},"Members":[],"Aces":[{"PrincipalSID":"S-1-5-21-1252223512-2665318757-2669098637-512","PrincipalType":"Group","RightName":"Owns","IsInherited":false},{"PrincipalSID":"NORTH.SEVENKINGDOMS.LOCAL-S-1-5-32-548","PrincipalType":"Group","RightName":"GenericAll","IsInherited":false},{"PrincipalSID":"S-1-5-21-1252223512-2665318757-2669098637-512","PrincipalType":"Group","RightName":"GenericAll","IsInherited":false},{"PrincipalSID":"S-1-5-21-1032618810-739172636-1489167904-519","PrincipalType":"Base","RightName":"GenericAll","IsInherited":true},{"PrincipalSID":"NORTH.SEVENKINGDOMS.LOCAL-S-1-5-32-544","PrincipalType":"Group","RightName":"WriteDacl","IsInherited":true},{"PrincipalSID":"NORTH.SEVENKINGDOMS.LOCAL-S-1-5-32-544","PrincipalType":"Group","RightName":"WriteOwner","IsInherited":true},{"PrincipalSID":"NORTH.SEVENKINGDOMS.LOCAL-S-1-5-32-544","PrincipalType":"Group","RightName":"GenericWrite","IsInherited":true}],"ObjectIdentifier":"S-1-5-21-1252223512-2665318757-2669098637-514","IsDeleted":false,"IsACLProtected":false,"ContainedBy":{"ObjectIdentifier":"D7D55C01-6BC2-4792-8503-D41FCE605BBB","ObjectType":"Container"}},{"Properties":{"domain":"NORTH.SEVENKINGDOMS.LOCAL","name":"DNSUPDATEPROXY@NORTH.SEVENKINGDOMS.LOCAL","distinguishedname":"CN=DNSUPDATEPROXY,CN=USERS,DC=NORTH,DC=SEVENKINGDOMS,DC=LOCAL","domainsid":"S-1-5-21-1252223512-2665318757-2669098637","samaccountname":"DnsUpdateProxy","isaclprotected":false,"description":"DNS clients who are permitted to perform dynamic updates on behalf of some other clients (such as DHCP servers).","whencreated":1712582145,"admincount":false},"Members":[],"Aces":[{"PrincipalSID":"NORTH.SEVENKINGDOMS.LOCAL-S-1-5-32-548","PrincipalType":"Group","RightName":"GenericAll","IsInherited":false},{"PrincipalSID":"S-1-5-21-1252223512-2665318757-2669098637-512","PrincipalType":"Group","RightName":"GenericAll","IsInherited":false},{"PrincipalSID":"S-1-5-21-1032618810-739172636-1489167904-519","PrincipalType":"Base","RightName":"GenericAll","IsInherited":true},{"PrincipalSID":"NORTH.SEVENKINGDOMS.LOCAL-S-1-5-32-544","PrincipalType":"Group","RightName":"WriteDacl","IsInherited":true},{"PrincipalSID":"NORTH.SEVENKINGDOMS.LOCAL-S-1-5-32-544","PrincipalType":"Group","RightName":"WriteOwner","IsInherited":true},{"PrincipalSID":"NORTH.SEVENKINGDOMS.LOCAL-S-1-5-32-544","PrincipalType":"Group","RightName":"GenericWrite","IsInherited":true}],"ObjectIdentifier":"S-1-5-21-1252223512-2665318757-2669098637-1103","IsDeleted":false,"IsACLProtected":false,"ContainedBy":{"ObjectIdentifier":"D7D55C01-6BC2-4792-8503-D41FCE605BBB","ObjectType":"Container"}},{"Properties":{"domain":"NORTH.SEVENKINGDOMS.LOCAL","name":"DOMAIN USERS@NORTH.SEVENKINGDOMS.LOCAL","distinguishedname":"CN=DOMAIN USERS,CN=USERS,DC=NORTH,DC=SEVENKINGDOMS,DC=LOCAL","domainsid":"S-1-5-21-1252223512-2665318757-2669098637","samaccountname":"Domain Users","isaclprotected":false,"description":"All domain users","whencreated":1712582086,"admincount":false},"Members":[],"Aces":[{"PrincipalSID":"S-1-5-21-1252223512-2665318757-2669098637-512","PrincipalType":"Group","RightName":"Owns","IsInherited":false},{"PrincipalSID":"NORTH.SEVENKINGDOMS.LOCAL-S-1-5-32-548","PrincipalType":"Group","RightName":"GenericAll","IsInherited":false},{"PrincipalSID":"S-1-5-21-1252223512-2665318757-2669098637-512","PrincipalType":"Group","RightName":"GenericAll","IsInherited":false},{"PrincipalSID":"S-1-5-21-1032618810-739172636-1489167904-519","PrincipalType":"Base","RightName":"GenericAll","IsInherited":true},{"PrincipalSID":"NORTH.SEVENKINGDOMS.LOCAL-S-1-5-32-544","PrincipalType":"Group","RightName":"WriteDacl","IsInherited":true},{"PrincipalSID":"NORTH.SEVENKINGDOMS.LOCAL-S-1-5-32-544","PrincipalType":"Group","RightName":"WriteOwner","IsInherited":true},{"PrincipalSID":"NORTH.SEVENKINGDOMS.LOCAL-S-1-5-32-544","PrincipalType":"Group","RightName":"GenericWrite","IsInherited":true}],"ObjectIdentifier":"S-1-5-21-1252223512-2665318757-2669098637-513","IsDeleted":false,"IsACLProtected":false,"ContainedBy":{"ObjectIdentifier":"D7D55C01-6BC2-4792-8503-D41FCE605BBB","ObjectType":"Container"}},{"Properties":{"domain":"NORTH.SEVENKINGDOMS.LOCAL","name":"REPLICATORS@NORTH.SEVENKINGDOMS.LOCAL","distinguishedname":"CN=REPLICATOR,CN=BUILTIN,DC=NORTH,DC=SEVENKINGDOMS,DC=LOCAL","domainsid":"S-1-5-21-1252223512-2665318757-2669098637","samaccountname":"Replicator","isaclprotected":true,"description":"Supports file replication in a domain","whencreated":1712582046,"admincount":true},"Members":[],"Aces":[{"PrincipalSID":"S-1-5-21-1252223512-2665318757-2669098637-512","PrincipalType":"Group","RightName":"Owns","IsInherited":false},{"PrincipalSID":"NORTH.SEVENKINGDOMS.LOCAL-S-1-5-32-544","PrincipalType":"Group","RightName":"WriteDacl","IsInherited":false},{"PrincipalSID":"NORTH.SEVENKINGDOMS.LOCAL-S-1-5-32-544","PrincipalType":"Group","RightName":"WriteOwner","IsInherited":false},{"PrincipalSID":"NORTH.SEVENKINGDOMS.LOCAL-S-1-5-32-544","PrincipalType":"Group","RightName":"GenericWrite","IsInherited":false},{"PrincipalSID":"S-1-5-21-1032618810-739172636-1489167904-519","PrincipalType":"Base","RightName":"WriteDacl","IsInherited":false},{"PrincipalSID":"S-1-5-21-1032618810-739172636-1489167904-519","PrincipalType":"Base","RightName":"WriteOwner","IsInherited":false},{"PrincipalSID":"S-1-5-21-1032618810-739172636-1489167904-519","PrincipalType":"Base","RightName":"GenericWrite","IsInherited":false},{"PrincipalSID":"S-1-5-21-1252223512-2665318757-2669098637-512","PrincipalType":"Group","RightName":"WriteDacl","IsInherited":false},{"PrincipalSID":"S-1-5-21-1252223512-2665318757-2669098637-512","PrincipalType":"Group","RightName":"WriteOwner","IsInherited":false},{"PrincipalSID":"S-1-5-21-1252223512-2665318757-2669098637-512","PrincipalType":"Group","RightName":"GenericWrite","IsInherited":false}],"ObjectIdentifier":"NORTH.SEVENKINGDOMS.LOCAL-S-1-5-32-552","IsDeleted":false,"IsACLProtected":true,"ContainedBy":{"ObjectIdentifier":"S-1-5-32","ObjectType":"Base"}},{"Properties":{"domain":"NORTH.SEVENKINGDOMS.LOCAL","name":"READ-ONLY DOMAIN CONTROLLERS@NORTH.SEVENKINGDOMS.LOCAL","distinguishedname":"CN=READ-ONLY DOMAIN CONTROLLERS,CN=USERS,DC=NORTH,DC=SEVENKINGDOMS,DC=LOCAL","domainsid":"S-1-5-21-1252223512-2665318757-2669098637","samaccountname":"Read-only Domain Controllers","isaclprotected":true,"description":"Members of this group are Read-Only Domain Controllers in the domain","whencreated":1712582086,"admincount":true},"Members":[],"Aces":[{"PrincipalSID":"S-1-5-21-1252223512-2665318757-2669098637-512","PrincipalType":"Group","RightName":"Owns","IsInherited":false},{"PrincipalSID":"NORTH.SEVENKINGDOMS.LOCAL-S-1-5-32-544","PrincipalType":"Group","RightName":"WriteDacl","IsInherited":false},{"PrincipalSID":"NORTH.SEVENKINGDOMS.LOCAL-S-1-5-32-544","PrincipalType":"Group","RightName":"WriteOwner","IsInherited":false},{"PrincipalSID":"NORTH.SEVENKINGDOMS.LOCAL-S-1-5-32-544","PrincipalType":"Group","RightName":"GenericWrite","IsInherited":false},{"PrincipalSID":"S-1-5-21-1032618810-739172636-1489167904-519","PrincipalType":"Group","RightName":"WriteDacl","IsInherited":false},{"PrincipalSID":"S-1-5-21-1032618810-739172636-1489167904-519","PrincipalType":"Group","RightName":"WriteOwner","IsInherited":false},{"PrincipalSID":"S-1-5-21-1032618810-739172636-1489167904-519","PrincipalType":"Group","RightName":"GenericWrite","IsInherited":false},{"PrincipalSID":"S-1-5-21-1252223512-2665318757-2669098637-512","PrincipalType":"Group","RightName":"WriteDacl","IsInherited":false},{"PrincipalSID":"S-1-5-21-1252223512-2665318757-2669098637-512","PrincipalType":"Group","RightName":"WriteOwner","IsInherited":false},{"PrincipalSID":"S-1-5-21-1252223512-2665318757-2669098637-512","PrincipalType":"Group","RightName":"GenericWrite","IsInherited":false}],"ObjectIdentifier":"S-1-5-21-1252223512-2665318757-2669098637-521","IsDeleted":false,"IsACLProtected":true,"ContainedBy":{"ObjectIdentifier":"D7D55C01-6BC2-4792-8503-D41FCE605BBB","ObjectType":"Container"}},{"Properties":{"domain":"NORTH.SEVENKINGDOMS.LOCAL","name":"RAS AND IAS SERVERS@NORTH.SEVENKINGDOMS.LOCAL","distinguishedname":"CN=RAS AND IAS SERVERS,CN=USERS,DC=NORTH,DC=SEVENKINGDOMS,DC=LOCAL","domainsid":"S-1-5-21-1252223512-2665318757-2669098637","samaccountname":"RAS and IAS Servers","isaclprotected":false,"description":"Servers in this group can access remote access properties of users","whencreated":1712582086,"admincount":false},"Members":[],"Aces":[{"PrincipalSID":"S-1-5-21-1252223512-2665318757-2669098637-512","PrincipalType":"Group","RightName":"Owns","IsInherited":false},{"PrincipalSID":"NORTH.SEVENKINGDOMS.LOCAL-S-1-5-32-548","PrincipalType":"Group","RightName":"GenericAll","IsInherited":false},{"PrincipalSID":"S-1-5-21-1252223512-2665318757-2669098637-512","PrincipalType":"Group","RightName":"GenericAll","IsInherited":false},{"PrincipalSID":"S-1-5-21-1032618810-739172636-1489167904-519","PrincipalType":"Base","RightName":"GenericAll","IsInherited":true},{"PrincipalSID":"NORTH.SEVENKINGDOMS.LOCAL-S-1-5-32-544","PrincipalType":"Group","RightName":"WriteDacl","IsInherited":true},{"PrincipalSID":"NORTH.SEVENKINGDOMS.LOCAL-S-1-5-32-544","PrincipalType":"Group","RightName":"WriteOwner","IsInherited":true},{"PrincipalSID":"NORTH.SEVENKINGDOMS.LOCAL-S-1-5-32-544","PrincipalType":"Group","RightName":"GenericWrite","IsInherited":true}],"ObjectIdentifier":"S-1-5-21-1252223512-2665318757-2669098637-553","IsDeleted":false,"IsACLProtected":false,"ContainedBy":{"ObjectIdentifier":"D7D55C01-6BC2-4792-8503-D41FCE605BBB","ObjectType":"Container"}},{"Properties":{"domain":"NORTH.SEVENKINGDOMS.LOCAL","name":"WINDOWS AUTHORIZATION ACCESS GROUP@NORTH.SEVENKINGDOMS.LOCAL","distinguishedname":"CN=WINDOWS AUTHORIZATION ACCESS GROUP,CN=BUILTIN,DC=NORTH,DC=SEVENKINGDOMS,DC=LOCAL","domainsid":"S-1-5-21-1252223512-2665318757-2669098637","samaccountname":"Windows Authorization Access Group","isaclprotected":false,"description":"Members of this group have access to the computed tokenGroupsGlobalAndUniversal attribute on User objects","whencreated":1712582086,"admincount":false},"Members":[{"ObjectIdentifier":"SEVENKINGDOMS.LOCAL-S-1-5-9","ObjectType":"Group"}],"Aces":[{"PrincipalSID":"S-1-5-21-1252223512-2665318757-2669098637-512","PrincipalType":"Group","RightName":"Owns","IsInherited":false},{"PrincipalSID":"NORTH.SEVENKINGDOMS.LOCAL-S-1-5-32-548","PrincipalType":"Group","RightName":"GenericAll","IsInherited":false},{"PrincipalSID":"S-1-5-21-1252223512-2665318757-2669098637-512","PrincipalType":"Group","RightName":"GenericAll","IsInherited":false},{"PrincipalSID":"S-1-5-21-1032618810-739172636-1489167904-519","PrincipalType":"Base","RightName":"GenericAll","IsInherited":true},{"PrincipalSID":"NORTH.SEVENKINGDOMS.LOCAL-S-1-5-32-544","PrincipalType":"Group","RightName":"WriteDacl","IsInherited":true},{"PrincipalSID":"NORTH.SEVENKINGDOMS.LOCAL-S-1-5-32-544","PrincipalType":"Group","RightName":"WriteOwner","IsInherited":true},{"PrincipalSID":"NORTH.SEVENKINGDOMS.LOCAL-S-1-5-32-544","PrincipalType":"Group","RightName":"GenericWrite","IsInherited":true}],"ObjectIdentifier":"NORTH.SEVENKINGDOMS.LOCAL-S-1-5-32-560","IsDeleted":false,"IsACLProtected":false,"ContainedBy":{"ObjectIdentifier":"S-1-5-32","ObjectType":"Base"}},{"Properties":{"domain":"NORTH.SEVENKINGDOMS.LOCAL","name":"TERMINAL SERVER LICENSE SERVERS@NORTH.SEVENKINGDOMS.LOCAL","distinguishedname":"CN=TERMINAL SERVER LICENSE SERVERS,CN=BUILTIN,DC=NORTH,DC=SEVENKINGDOMS,DC=LOCAL","domainsid":"S-1-5-21-1252223512-2665318757-2669098637","samaccountname":"Terminal Server License Servers","isaclprotected":false,"description":"Members of this group can update user accounts in Active Directory with information about license issuance, for the purpose of tracking and reporting TS Per User CAL usage","whencreated":1712582086,"admincount":false},"Members":[],"Aces":[{"PrincipalSID":"S-1-5-21-1252223512-2665318757-2669098637-512","PrincipalType":"Group","RightName":"Owns","IsInherited":false},{"PrincipalSID":"NORTH.SEVENKINGDOMS.LOCAL-S-1-5-32-548","PrincipalType":"Group","RightName":"GenericAll","IsInherited":false},{"PrincipalSID":"S-1-5-21-1252223512-2665318757-2669098637-512","PrincipalType":"Group","RightName":"GenericAll","IsInherited":false},{"PrincipalSID":"S-1-5-21-1032618810-739172636-1489167904-519","PrincipalType":"Base","RightName":"GenericAll","IsInherited":true},{"PrincipalSID":"NORTH.SEVENKINGDOMS.LOCAL-S-1-5-32-544","PrincipalType":"Group","RightName":"WriteDacl","IsInherited":true},{"PrincipalSID":"NORTH.SEVENKINGDOMS.LOCAL-S-1-5-32-544","PrincipalType":"Group","RightName":"WriteOwner","IsInherited":true},{"PrincipalSID":"NORTH.SEVENKINGDOMS.LOCAL-S-1-5-32-544","PrincipalType":"Group","RightName":"GenericWrite","IsInherited":true}],"ObjectIdentifier":"NORTH.SEVENKINGDOMS.LOCAL-S-1-5-32-561","IsDeleted":false,"IsACLProtected":false,"ContainedBy":{"ObjectIdentifier":"S-1-5-32","ObjectType":"Base"}},{"Properties":{"domain":"NORTH.SEVENKINGDOMS.LOCAL","name":"PERFORMANCE LOG USERS@NORTH.SEVENKINGDOMS.LOCAL","distinguishedname":"CN=PERFORMANCE LOG USERS,CN=BUILTIN,DC=NORTH,DC=SEVENKINGDOMS,DC=LOCAL","domainsid":"S-1-5-21-1252223512-2665318757-2669098637","samaccountname":"Performance Log Users","isaclprotected":false,"description":"Members of this group may schedule logging of performance counters, enable trace providers, and collect event traces both locally and via remote access to this computer","whencreated":1712582046,"admincount":false},"Members":[],"Aces":[{"PrincipalSID":"NORTH.SEVENKINGDOMS.LOCAL-S-1-5-32-544","PrincipalType":"Group","RightName":"Owns","IsInherited":false},{"PrincipalSID":"NORTH.SEVENKINGDOMS.LOCAL-S-1-5-32-548","PrincipalType":"Group","RightName":"GenericAll","IsInherited":false},{"PrincipalSID":"S-1-5-21-1252223512-2665318757-2669098637-512","PrincipalType":"Group","RightName":"GenericAll","IsInherited":false},{"PrincipalSID":"S-1-5-21-1032618810-739172636-1489167904-519","PrincipalType":"Base","RightName":"GenericAll","IsInherited":true},{"PrincipalSID":"NORTH.SEVENKINGDOMS.LOCAL-S-1-5-32-544","PrincipalType":"Group","RightName":"WriteDacl","IsInherited":true},{"PrincipalSID":"NORTH.SEVENKINGDOMS.LOCAL-S-1-5-32-544","PrincipalType":"Group","RightName":"WriteOwner","IsInherited":true},{"PrincipalSID":"NORTH.SEVENKINGDOMS.LOCAL-S-1-5-32-544","PrincipalType":"Group","RightName":"GenericWrite","IsInherited":true}],"ObjectIdentifier":"NORTH.SEVENKINGDOMS.LOCAL-S-1-5-32-559","IsDeleted":false,"IsACLProtected":false,"ContainedBy":{"ObjectIdentifier":"S-1-5-32","ObjectType":"Base"}},{"Properties":{"domain":"NORTH.SEVENKINGDOMS.LOCAL","name":"EVENT LOG READERS@NORTH.SEVENKINGDOMS.LOCAL","distinguishedname":"CN=EVENT LOG READERS,CN=BUILTIN,DC=NORTH,DC=SEVENKINGDOMS,DC=LOCAL","domainsid":"S-1-5-21-1252223512-2665318757-2669098637","samaccountname":"Event Log Readers","isaclprotected":false,"description":"Members of this group can read event logs from local machine","whencreated":1712582046,"admincount":false},"Members":[],"Aces":[{"PrincipalSID":"NORTH.SEVENKINGDOMS.LOCAL-S-1-5-32-544","PrincipalType":"Group","RightName":"Owns","IsInherited":false},{"PrincipalSID":"NORTH.SEVENKINGDOMS.LOCAL-S-1-5-32-548","PrincipalType":"Group","RightName":"GenericAll","IsInherited":false},{"PrincipalSID":"S-1-5-21-1252223512-2665318757-2669098637-512","PrincipalType":"Group","RightName":"GenericAll","IsInherited":false},{"PrincipalSID":"S-1-5-21-1032618810-739172636-1489167904-519","PrincipalType":"Base","RightName":"GenericAll","IsInherited":true},{"PrincipalSID":"NORTH.SEVENKINGDOMS.LOCAL-S-1-5-32-544","PrincipalType":"Group","RightName":"WriteDacl","IsInherited":true},{"PrincipalSID":"NORTH.SEVENKINGDOMS.LOCAL-S-1-5-32-544","PrincipalType":"Group","RightName":"WriteOwner","IsInherited":true},{"PrincipalSID":"NORTH.SEVENKINGDOMS.LOCAL-S-1-5-32-544","PrincipalType":"Group","RightName":"GenericWrite","IsInherited":true}],"ObjectIdentifier":"NORTH.SEVENKINGDOMS.LOCAL-S-1-5-32-573","IsDeleted":false,"IsACLProtected":false,"ContainedBy":{"ObjectIdentifier":"S-1-5-32","ObjectType":"Base"}},{"Properties":{"domain":"NORTH.SEVENKINGDOMS.LOCAL","name":"SERVER OPERATORS@NORTH.SEVENKINGDOMS.LOCAL","distinguishedname":"CN=SERVER OPERATORS,CN=BUILTIN,DC=NORTH,DC=SEVENKINGDOMS,DC=LOCAL","domainsid":"S-1-5-21-1252223512-2665318757-2669098637","samaccountname":"Server Operators","isaclprotected":true,"description":"Members can administer domain servers","whencreated":1712582086,"admincount":true},"Members":[],"Aces":[{"PrincipalSID":"S-1-5-21-1252223512-2665318757-2669098637-512","PrincipalType":"Group","RightName":"Owns","IsInherited":false},{"PrincipalSID":"NORTH.SEVENKINGDOMS.LOCAL-S-1-5-32-544","PrincipalType":"Group","RightName":"WriteDacl","IsInherited":false},{"PrincipalSID":"NORTH.SEVENKINGDOMS.LOCAL-S-1-5-32-544","PrincipalType":"Group","RightName":"WriteOwner","IsInherited":false},{"PrincipalSID":"NORTH.SEVENKINGDOMS.LOCAL-S-1-5-32-544","PrincipalType":"Group","RightName":"GenericWrite","IsInherited":false},{"PrincipalSID":"S-1-5-21-1032618810-739172636-1489167904-519","PrincipalType":"Base","RightName":"WriteDacl","IsInherited":false},{"PrincipalSID":"S-1-5-21-1032618810-739172636-1489167904-519","PrincipalType":"Base","RightName":"WriteOwner","IsInherited":false},{"PrincipalSID":"S-1-5-21-1032618810-739172636-1489167904-519","PrincipalType":"Base","RightName":"GenericWrite","IsInherited":false},{"PrincipalSID":"S-1-5-21-1252223512-2665318757-2669098637-512","PrincipalType":"Group","RightName":"WriteDacl","IsInherited":false},{"PrincipalSID":"S-1-5-21-1252223512-2665318757-2669098637-512","PrincipalType":"Group","RightName":"WriteOwner","IsInherited":false},{"PrincipalSID":"S-1-5-21-1252223512-2665318757-2669098637-512","PrincipalType":"Group","RightName":"GenericWrite","IsInherited":false}],"ObjectIdentifier":"NORTH.SEVENKINGDOMS.LOCAL-S-1-5-32-549","IsDeleted":false,"IsACLProtected":true,"ContainedBy":{"ObjectIdentifier":"S-1-5-32","ObjectType":"Base"}},{"Properties":{"domain":"NORTH.SEVENKINGDOMS.LOCAL","name":"PRE-WINDOWS 2000 COMPATIBLE ACCESS@NORTH.SEVENKINGDOMS.LOCAL","distinguishedname":"CN=PRE-WINDOWS 2000 COMPATIBLE ACCESS,CN=BUILTIN,DC=NORTH,DC=SEVENKINGDOMS,DC=LOCAL","domainsid":"S-1-5-21-1252223512-2665318757-2669098637","samaccountname":"Pre-Windows 2000 Compatible Access","isaclprotected":false,"description":"A backward compatibility group which allows read access on all users and groups in the domain","whencreated":1712582086,"admincount":false},"Members":[{"ObjectIdentifier":"NORTH.SEVENKINGDOMS.LOCAL-S-1-5-11","ObjectType":"Group"}],"Aces":[{"PrincipalSID":"S-1-5-21-1252223512-2665318757-2669098637-512","PrincipalType":"Group","RightName":"Owns","IsInherited":false},{"PrincipalSID":"NORTH.SEVENKINGDOMS.LOCAL-S-1-5-32-548","PrincipalType":"Group","RightName":"GenericAll","IsInherited":false},{"PrincipalSID":"S-1-5-21-1252223512-2665318757-2669098637-512","PrincipalType":"Group","RightName":"GenericAll","IsInherited":false},{"PrincipalSID":"S-1-5-21-1032618810-739172636-1489167904-519","PrincipalType":"Base","RightName":"GenericAll","IsInherited":true},{"PrincipalSID":"NORTH.SEVENKINGDOMS.LOCAL-S-1-5-32-544","PrincipalType":"Group","RightName":"WriteDacl","IsInherited":true},{"PrincipalSID":"NORTH.SEVENKINGDOMS.LOCAL-S-1-5-32-544","PrincipalType":"Group","RightName":"WriteOwner","IsInherited":true},{"PrincipalSID":"NORTH.SEVENKINGDOMS.LOCAL-S-1-5-32-544","PrincipalType":"Group","RightName":"GenericWrite","IsInherited":true}],"ObjectIdentifier":"NORTH.SEVENKINGDOMS.LOCAL-S-1-5-32-554","IsDeleted":false,"IsACLProtected":false,"ContainedBy":{"ObjectIdentifier":"S-1-5-32","ObjectType":"Base"}},{"Properties":{"domain":"NORTH.SEVENKINGDOMS.LOCAL","name":"ACCOUNT OPERATORS@NORTH.SEVENKINGDOMS.LOCAL","distinguishedname":"CN=ACCOUNT OPERATORS,CN=BUILTIN,DC=NORTH,DC=SEVENKINGDOMS,DC=LOCAL","domainsid":"S-1-5-21-1252223512-2665318757-2669098637","samaccountname":"Account Operators","isaclprotected":true,"description":"Members can administer domain user and group accounts","whencreated":1712582086,"admincount":true},"Members":[],"Aces":[{"PrincipalSID":"S-1-5-21-1252223512-2665318757-2669098637-512","PrincipalType":"Group","RightName":"Owns","IsInherited":false},{"PrincipalSID":"NORTH.SEVENKINGDOMS.LOCAL-S-1-5-32-544","PrincipalType":"Group","RightName":"WriteDacl","IsInherited":false},{"PrincipalSID":"NORTH.SEVENKINGDOMS.LOCAL-S-1-5-32-544","PrincipalType":"Group","RightName":"WriteOwner","IsInherited":false},{"PrincipalSID":"NORTH.SEVENKINGDOMS.LOCAL-S-1-5-32-544","PrincipalType":"Group","RightName":"GenericWrite","IsInherited":false},{"PrincipalSID":"S-1-5-21-1032618810-739172636-1489167904-519","PrincipalType":"Base","RightName":"WriteDacl","IsInherited":false},{"PrincipalSID":"S-1-5-21-1032618810-739172636-1489167904-519","PrincipalType":"Base","RightName":"WriteOwner","IsInherited":false},{"PrincipalSID":"S-1-5-21-1032618810-739172636-1489167904-519","PrincipalType":"Base","RightName":"GenericWrite","IsInherited":false},{"PrincipalSID":"S-1-5-21-1252223512-2665318757-2669098637-512","PrincipalType":"Group","RightName":"WriteDacl","IsInherited":false},{"PrincipalSID":"S-1-5-21-1252223512-2665318757-2669098637-512","PrincipalType":"Group","RightName":"WriteOwner","IsInherited":false},{"PrincipalSID":"S-1-5-21-1252223512-2665318757-2669098637-512","PrincipalType":"Group","RightName":"GenericWrite","IsInherited":false}],"ObjectIdentifier":"NORTH.SEVENKINGDOMS.LOCAL-S-1-5-32-548","IsDeleted":false,"IsACLProtected":true,"ContainedBy":{"ObjectIdentifier":"S-1-5-32","ObjectType":"Base"}},{"Properties":{"domain":"NORTH.SEVENKINGDOMS.LOCAL","name":"RDS REMOTE ACCESS SERVERS@NORTH.SEVENKINGDOMS.LOCAL","distinguishedname":"CN=RDS REMOTE ACCESS SERVERS,CN=BUILTIN,DC=NORTH,DC=SEVENKINGDOMS,DC=LOCAL","domainsid":"S-1-5-21-1252223512-2665318757-2669098637","samaccountname":"RDS Remote Access Servers","isaclprotected":false,"description":"Servers in this group enable users of RemoteApp programs and personal virtual desktops access to these resources. In Internet-facing deployments, these servers are typically deployed in an edge network. This group needs to be populated on servers running RD Connection Broker. RD Gateway servers and RD Web Access servers used in the deployment need to be in this group.","whencreated":1712582046,"admincount":false},"Members":[],"Aces":[{"PrincipalSID":"NORTH.SEVENKINGDOMS.LOCAL-S-1-5-32-544","PrincipalType":"Group","RightName":"Owns","IsInherited":false},{"PrincipalSID":"NORTH.SEVENKINGDOMS.LOCAL-S-1-5-32-548","PrincipalType":"Group","RightName":"GenericAll","IsInherited":false},{"PrincipalSID":"S-1-5-21-1252223512-2665318757-2669098637-512","PrincipalType":"Group","RightName":"GenericAll","IsInherited":false},{"PrincipalSID":"S-1-5-21-1032618810-739172636-1489167904-519","PrincipalType":"Base","RightName":"GenericAll","IsInherited":true},{"PrincipalSID":"NORTH.SEVENKINGDOMS.LOCAL-S-1-5-32-544","PrincipalType":"Group","RightName":"WriteDacl","IsInherited":true},{"PrincipalSID":"NORTH.SEVENKINGDOMS.LOCAL-S-1-5-32-544","PrincipalType":"Group","RightName":"WriteOwner","IsInherited":true},{"PrincipalSID":"NORTH.SEVENKINGDOMS.LOCAL-S-1-5-32-544","PrincipalType":"Group","RightName":"GenericWrite","IsInherited":true}],"ObjectIdentifier":"NORTH.SEVENKINGDOMS.LOCAL-S-1-5-32-575","IsDeleted":false,"IsACLProtected":false,"ContainedBy":{"ObjectIdentifier":"S-1-5-32","ObjectType":"Base"}},{"Properties":{"domain":"NORTH.SEVENKINGDOMS.LOCAL","name":"USERS@NORTH.SEVENKINGDOMS.LOCAL","distinguishedname":"CN=USERS,CN=BUILTIN,DC=NORTH,DC=SEVENKINGDOMS,DC=LOCAL","domainsid":"S-1-5-21-1252223512-2665318757-2669098637","samaccountname":"Users","isaclprotected":false,"description":"Users are prevented from making accidental or intentional system-wide changes and can run most applications","whencreated":1712582046,"admincount":false},"Members":[{"ObjectIdentifier":"S-1-5-21-1252223512-2665318757-2669098637-513","ObjectType":"Group"},{"ObjectIdentifier":"NORTH.SEVENKINGDOMS.LOCAL-S-1-5-11","ObjectType":"Group"},{"ObjectIdentifier":"NORTH.SEVENKINGDOMS.LOCAL-S-1-5-4","ObjectType":"Group"},{"ObjectIdentifier":"S-1-5-21-1252223512-2665318757-2669098637-1000","ObjectType":"User"}],"Aces":[{"PrincipalSID":"NORTH.SEVENKINGDOMS.LOCAL-S-1-5-32-544","PrincipalType":"Group","RightName":"Owns","IsInherited":false},{"PrincipalSID":"NORTH.SEVENKINGDOMS.LOCAL-S-1-5-32-548","PrincipalType":"Group","RightName":"GenericAll","IsInherited":false},{"PrincipalSID":"S-1-5-21-1252223512-2665318757-2669098637-512","PrincipalType":"Group","RightName":"GenericAll","IsInherited":false},{"PrincipalSID":"S-1-5-21-1032618810-739172636-1489167904-519","PrincipalType":"Base","RightName":"GenericAll","IsInherited":true},{"PrincipalSID":"NORTH.SEVENKINGDOMS.LOCAL-S-1-5-32-544","PrincipalType":"Group","RightName":"WriteDacl","IsInherited":true},{"PrincipalSID":"NORTH.SEVENKINGDOMS.LOCAL-S-1-5-32-544","PrincipalType":"Group","RightName":"WriteOwner","IsInherited":true},{"PrincipalSID":"NORTH.SEVENKINGDOMS.LOCAL-S-1-5-32-544","PrincipalType":"Group","RightName":"GenericWrite","IsInherited":true}],"ObjectIdentifier":"NORTH.SEVENKINGDOMS.LOCAL-S-1-5-32-545","IsDeleted":false,"IsACLProtected":false,"ContainedBy":{"ObjectIdentifier":"S-1-5-32","ObjectType":"Base"}},{"Properties":{"domain":"NORTH.SEVENKINGDOMS.LOCAL","name":"PRINT OPERATORS@NORTH.SEVENKINGDOMS.LOCAL","distinguishedname":"CN=PRINT OPERATORS,CN=BUILTIN,DC=NORTH,DC=SEVENKINGDOMS,DC=LOCAL","domainsid":"S-1-5-21-1252223512-2665318757-2669098637","samaccountname":"Print Operators","isaclprotected":true,"description":"Members can administer printers installed on domain controllers","whencreated":1712582046,"admincount":true},"Members":[],"Aces":[{"PrincipalSID":"S-1-5-21-1252223512-2665318757-2669098637-512","PrincipalType":"Group","RightName":"Owns","IsInherited":false},{"PrincipalSID":"NORTH.SEVENKINGDOMS.LOCAL-S-1-5-32-544","PrincipalType":"Group","RightName":"WriteDacl","IsInherited":false},{"PrincipalSID":"NORTH.SEVENKINGDOMS.LOCAL-S-1-5-32-544","PrincipalType":"Group","RightName":"WriteOwner","IsInherited":false},{"PrincipalSID":"NORTH.SEVENKINGDOMS.LOCAL-S-1-5-32-544","PrincipalType":"Group","RightName":"GenericWrite","IsInherited":false},{"PrincipalSID":"S-1-5-21-1032618810-739172636-1489167904-519","PrincipalType":"Base","RightName":"WriteDacl","IsInherited":false},{"PrincipalSID":"S-1-5-21-1032618810-739172636-1489167904-519","PrincipalType":"Base","RightName":"WriteOwner","IsInherited":false},{"PrincipalSID":"S-1-5-21-1032618810-739172636-1489167904-519","PrincipalType":"Base","RightName":"GenericWrite","IsInherited":false},{"PrincipalSID":"S-1-5-21-1252223512-2665318757-2669098637-512","PrincipalType":"Group","RightName":"WriteDacl","IsInherited":false},{"PrincipalSID":"S-1-5-21-1252223512-2665318757-2669098637-512","PrincipalType":"Group","RightName":"WriteOwner","IsInherited":false},{"PrincipalSID":"S-1-5-21-1252223512-2665318757-2669098637-512","PrincipalType":"Group","RightName":"GenericWrite","IsInherited":false}],"ObjectIdentifier":"NORTH.SEVENKINGDOMS.LOCAL-S-1-5-32-550","IsDeleted":false,"IsACLProtected":true,"ContainedBy":{"ObjectIdentifier":"S-1-5-32","ObjectType":"Base"}},{"Properties":{"name":"PRE-WINDOWS 2000 COMPATIBLE ACCESS@NORTH.SEVENKINGDOMS.LOCAL","domainsid":"S-1-5-21-1252223512-2665318757-2669098637","domain":"NORTH.SEVENKINGDOMS.LOCAL","reconcile":false},"Members":[],"Aces":[],"ObjectIdentifier":"NORTH.SEVENKINGDOMS.LOCAL-S-1-5-32-554","IsDeleted":false,"IsACLProtected":false,"ContainedBy":null},{"Properties":{"name":"ADMINISTRATORS@SEVENKINGDOMS.LOCAL","domainsid":"S-1-5-21-1032618810-739172636-1489167904","domain":"SEVENKINGDOMS.LOCAL","reconcile":false},"Members":[],"Aces":[],"ObjectIdentifier":"SEVENKINGDOMS.LOCAL-S-1-5-32-544","IsDeleted":false,"IsACLProtected":false,"ContainedBy":null},{"Properties":{"name":"TERMINAL SERVER LICENSE SERVERS@NORTH.SEVENKINGDOMS.LOCAL","domainsid":"S-1-5-21-1252223512-2665318757-2669098637","domain":"NORTH.SEVENKINGDOMS.LOCAL","reconcile":false},"Members":[],"Aces":[],"ObjectIdentifier":"NORTH.SEVENKINGDOMS.LOCAL-S-1-5-32-561","IsDeleted":false,"IsACLProtected":false,"ContainedBy":null},{"Properties":{"name":"EVERYONE@SEVENKINGDOMS.LOCAL","domainsid":"S-1-5-21-1032618810-739172636-1489167904","domain":"SEVENKINGDOMS.LOCAL","reconcile":false},"Members":[],"Aces":[],"ObjectIdentifier":"SEVENKINGDOMS.LOCAL-S-1-1-0","IsDeleted":false,"IsACLProtected":false,"ContainedBy":null},{"Properties":{"name":"BACKUP OPERATORS@NORTH.SEVENKINGDOMS.LOCAL","domainsid":"S-1-5-21-1252223512-2665318757-2669098637","domain":"NORTH.SEVENKINGDOMS.LOCAL","reconcile":false},"Members":[],"Aces":[],"ObjectIdentifier":"NORTH.SEVENKINGDOMS.LOCAL-S-1-5-32-551","IsDeleted":false,"IsACLProtected":false,"ContainedBy":null},{"Properties":{"name":"CRYPTOGRAPHIC OPERATORS@NORTH.SEVENKINGDOMS.LOCAL","domainsid":"S-1-5-21-1252223512-2665318757-2669098637","domain":"NORTH.SEVENKINGDOMS.LOCAL","reconcile":false},"Members":[],"Aces":[],"ObjectIdentifier":"NORTH.SEVENKINGDOMS.LOCAL-S-1-5-32-569","IsDeleted":false,"IsACLProtected":false,"ContainedBy":null},{"Properties":{"name":"ACCESS CONTROL ASSISTANCE OPERATORS@NORTH.SEVENKINGDOMS.LOCAL","domainsid":"S-1-5-21-1252223512-2665318757-2669098637","domain":"NORTH.SEVENKINGDOMS.LOCAL","reconcile":false},"Members":[],"Aces":[],"ObjectIdentifier":"NORTH.SEVENKINGDOMS.LOCAL-S-1-5-32-579","IsDeleted":false,"IsACLProtected":false,"ContainedBy":null},{"Properties":{"name":"RDS ENDPOINT SERVERS@NORTH.SEVENKINGDOMS.LOCAL","domainsid":"S-1-5-21-1252223512-2665318757-2669098637","domain":"NORTH.SEVENKINGDOMS.LOCAL","reconcile":false},"Members":[],"Aces":[],"ObjectIdentifier":"NORTH.SEVENKINGDOMS.LOCAL-S-1-5-32-576","IsDeleted":false,"IsACLProtected":false,"ContainedBy":null},{"Properties":{"name":"SERVER OPERATORS@NORTH.SEVENKINGDOMS.LOCAL","domainsid":"S-1-5-21-1252223512-2665318757-2669098637","domain":"NORTH.SEVENKINGDOMS.LOCAL","reconcile":false},"Members":[],"Aces":[],"ObjectIdentifier":"NORTH.SEVENKINGDOMS.LOCAL-S-1-5-32-549","IsDeleted":false,"IsACLProtected":false,"ContainedBy":null},{"Properties":{"name":"GUESTS@NORTH.SEVENKINGDOMS.LOCAL","domainsid":"S-1-5-21-1252223512-2665318757-2669098637","domain":"NORTH.SEVENKINGDOMS.LOCAL","reconcile":false},"Members":[],"Aces":[],"ObjectIdentifier":"NORTH.SEVENKINGDOMS.LOCAL-S-1-5-32-546","IsDeleted":false,"IsACLProtected":false,"ContainedBy":null},{"Properties":{"name":"NETWORK CONFIGURATION OPERATORS@NORTH.SEVENKINGDOMS.LOCAL","domainsid":"S-1-5-21-1252223512-2665318757-2669098637","domain":"NORTH.SEVENKINGDOMS.LOCAL","reconcile":false},"Members":[],"Aces":[],"ObjectIdentifier":"NORTH.SEVENKINGDOMS.LOCAL-S-1-5-32-556","IsDeleted":false,"IsACLProtected":false,"ContainedBy":null},{"Properties":{"name":"PERFORMANCE LOG USERS@NORTH.SEVENKINGDOMS.LOCAL","domainsid":"S-1-5-21-1252223512-2665318757-2669098637","domain":"NORTH.SEVENKINGDOMS.LOCAL","reconcile":false},"Members":[],"Aces":[],"ObjectIdentifier":"NORTH.SEVENKINGDOMS.LOCAL-S-1-5-32-559","IsDeleted":false,"IsACLProtected":false,"ContainedBy":null},{"Properties":{"name":"EVENT LOG READERS@NORTH.SEVENKINGDOMS.LOCAL","domainsid":"S-1-5-21-1252223512-2665318757-2669098637","domain":"NORTH.SEVENKINGDOMS.LOCAL","reconcile":false},"Members":[],"Aces":[],"ObjectIdentifier":"NORTH.SEVENKINGDOMS.LOCAL-S-1-5-32-573","IsDeleted":false,"IsACLProtected":false,"ContainedBy":null},{"Properties":{"name":"INTERACTIVE@NORTH.SEVENKINGDOMS.LOCAL","domainsid":"S-1-5-21-1252223512-2665318757-2669098637","domain":"NORTH.SEVENKINGDOMS.LOCAL","reconcile":false},"Members":[],"Aces":[],"ObjectIdentifier":"NORTH.SEVENKINGDOMS.LOCAL-S-1-5-4","IsDeleted":false,"IsACLProtected":false,"ContainedBy":null},{"Properties":{"name":"ANONYMOUS@NORTH.SEVENKINGDOMS.LOCAL","domainsid":"S-1-5-21-1252223512-2665318757-2669098637","domain":"NORTH.SEVENKINGDOMS.LOCAL","reconcile":false},"Members":[],"Aces":[],"ObjectIdentifier":"NORTH.SEVENKINGDOMS.LOCAL-S-1-5-7","IsDeleted":false,"IsACLProtected":false,"ContainedBy":null},{"Properties":{"name":"AUTHENTICATED USERS@NORTH.SEVENKINGDOMS.LOCAL","domainsid":"S-1-5-21-1252223512-2665318757-2669098637","domain":"NORTH.SEVENKINGDOMS.LOCAL","reconcile":false},"Members":[],"Aces":[],"ObjectIdentifier":"NORTH.SEVENKINGDOMS.LOCAL-S-1-5-11","IsDeleted":false,"IsACLProtected":false,"ContainedBy":null},{"Properties":{"name":"EVERYONE@NORTH.SEVENKINGDOMS.LOCAL","domainsid":"S-1-5-21-1252223512-2665318757-2669098637","domain":"NORTH.SEVENKINGDOMS.LOCAL","reconcile":false},"Members":[],"Aces":[],"ObjectIdentifier":"NORTH.SEVENKINGDOMS.LOCAL-S-1-1-0","IsDeleted":false,"IsACLProtected":false,"ContainedBy":null},{"Properties":{"name":"WINDOWS AUTHORIZATION ACCESS GROUP@NORTH.SEVENKINGDOMS.LOCAL","domainsid":"S-1-5-21-1252223512-2665318757-2669098637","domain":"NORTH.SEVENKINGDOMS.LOCAL","reconcile":false},"Members":[],"Aces":[],"ObjectIdentifier":"NORTH.SEVENKINGDOMS.LOCAL-S-1-5-32-560","IsDeleted":false,"IsACLProtected":false,"ContainedBy":null},{"Properties":{"name":"IIS_IUSRS@NORTH.SEVENKINGDOMS.LOCAL","domainsid":"S-1-5-21-1252223512-2665318757-2669098637","domain":"NORTH.SEVENKINGDOMS.LOCAL","reconcile":false},"Members":[],"Aces":[],"ObjectIdentifier":"NORTH.SEVENKINGDOMS.LOCAL-S-1-5-32-568","IsDeleted":false,"IsACLProtected":false,"ContainedBy":null},{"Properties":{"name":"IUSR@NORTH.SEVENKINGDOMS.LOCAL","domainsid":"S-1-5-21-1252223512-2665318757-2669098637","domain":"NORTH.SEVENKINGDOMS.LOCAL","reconcile":false},"Members":[],"Aces":[],"ObjectIdentifier":"NORTH.SEVENKINGDOMS.LOCAL-S-1-5-17","IsDeleted":false,"IsACLProtected":false,"ContainedBy":null},{"Properties":{"name":"PRINT OPERATORS@NORTH.SEVENKINGDOMS.LOCAL","domainsid":"S-1-5-21-1252223512-2665318757-2669098637","domain":"NORTH.SEVENKINGDOMS.LOCAL","reconcile":false},"Members":[],"Aces":[],"ObjectIdentifier":"NORTH.SEVENKINGDOMS.LOCAL-S-1-5-32-550","IsDeleted":false,"IsACLProtected":false,"ContainedBy":null},{"Properties":{"name":"HYPER-V ADMINISTRATORS@NORTH.SEVENKINGDOMS.LOCAL","domainsid":"S-1-5-21-1252223512-2665318757-2669098637","domain":"NORTH.SEVENKINGDOMS.LOCAL","reconcile":false},"Members":[],"Aces":[],"ObjectIdentifier":"NORTH.SEVENKINGDOMS.LOCAL-S-1-5-32-578","IsDeleted":false,"IsACLProtected":false,"ContainedBy":null},{"Properties":{"name":"RDS REMOTE ACCESS SERVERS@NORTH.SEVENKINGDOMS.LOCAL","domainsid":"S-1-5-21-1252223512-2665318757-2669098637","domain":"NORTH.SEVENKINGDOMS.LOCAL","reconcile":false},"Members":[],"Aces":[],"ObjectIdentifier":"NORTH.SEVENKINGDOMS.LOCAL-S-1-5-32-575","IsDeleted":false,"IsACLProtected":false,"ContainedBy":null},{"Properties":{"name":"USERS@NORTH.SEVENKINGDOMS.LOCAL","domainsid":"S-1-5-21-1252223512-2665318757-2669098637","domain":"NORTH.SEVENKINGDOMS.LOCAL","reconcile":false},"Members":[],"Aces":[],"ObjectIdentifier":"NORTH.SEVENKINGDOMS.LOCAL-S-1-5-32-545","IsDeleted":false,"IsACLProtected":false,"ContainedBy":null},{"Properties":{"name":"ACCOUNT OPERATORS@NORTH.SEVENKINGDOMS.LOCAL","domainsid":"S-1-5-21-1252223512-2665318757-2669098637","domain":"NORTH.SEVENKINGDOMS.LOCAL","reconcile":false},"Members":[],"Aces":[],"ObjectIdentifier":"NORTH.SEVENKINGDOMS.LOCAL-S-1-5-32-548","IsDeleted":false,"IsACLProtected":false,"ContainedBy":null},{"Properties":{"name":"REMOTE MANAGEMENT USERS@NORTH.SEVENKINGDOMS.LOCAL","domainsid":"S-1-5-21-1252223512-2665318757-2669098637","domain":"NORTH.SEVENKINGDOMS.LOCAL","reconcile":false},"Members":[],"Aces":[],"ObjectIdentifier":"NORTH.SEVENKINGDOMS.LOCAL-S-1-5-32-580","IsDeleted":false,"IsACLProtected":false,"ContainedBy":null},{"Properties":{"name":"REMOTE DESKTOP USERS@NORTH.SEVENKINGDOMS.LOCAL","domainsid":"S-1-5-21-1252223512-2665318757-2669098637","domain":"NORTH.SEVENKINGDOMS.LOCAL","reconcile":false},"Members":[],"Aces":[],"ObjectIdentifier":"NORTH.SEVENKINGDOMS.LOCAL-S-1-5-32-555","IsDeleted":false,"IsACLProtected":false,"ContainedBy":null},{"Properties":{"name":"PERFORMANCE MONITOR USERS@NORTH.SEVENKINGDOMS.LOCAL","domainsid":"S-1-5-21-1252223512-2665318757-2669098637","domain":"NORTH.SEVENKINGDOMS.LOCAL","reconcile":false},"Members":[],"Aces":[],"ObjectIdentifier":"NORTH.SEVENKINGDOMS.LOCAL-S-1-5-32-558","IsDeleted":false,"IsACLProtected":false,"ContainedBy":null},{"Properties":{"name":"AUTHENTICATED USERS@SEVENKINGDOMS.LOCAL","domainsid":"S-1-5-21-1032618810-739172636-1489167904","domain":"SEVENKINGDOMS.LOCAL","reconcile":false},"Members":[],"Aces":[],"ObjectIdentifier":"SEVENKINGDOMS.LOCAL-S-1-5-11","IsDeleted":false,"IsACLProtected":false,"ContainedBy":null},{"Properties":{"name":"DISTRIBUTED COM USERS@NORTH.SEVENKINGDOMS.LOCAL","domainsid":"S-1-5-21-1252223512-2665318757-2669098637","domain":"NORTH.SEVENKINGDOMS.LOCAL","reconcile":false},"Members":[],"Aces":[],"ObjectIdentifier":"NORTH.SEVENKINGDOMS.LOCAL-S-1-5-32-562","IsDeleted":false,"IsACLProtected":false,"ContainedBy":null},{"Properties":{"name":"REPLICATORS@NORTH.SEVENKINGDOMS.LOCAL","domainsid":"S-1-5-21-1252223512-2665318757-2669098637","domain":"NORTH.SEVENKINGDOMS.LOCAL","reconcile":false},"Members":[],"Aces":[],"ObjectIdentifier":"NORTH.SEVENKINGDOMS.LOCAL-S-1-5-32-552","IsDeleted":false,"IsACLProtected":false,"ContainedBy":null},{"Properties":{"name":"RDS MANAGEMENT SERVERS@NORTH.SEVENKINGDOMS.LOCAL","domainsid":"S-1-5-21-1252223512-2665318757-2669098637","domain":"NORTH.SEVENKINGDOMS.LOCAL","reconcile":false},"Members":[],"Aces":[],"ObjectIdentifier":"NORTH.SEVENKINGDOMS.LOCAL-S-1-5-32-577","IsDeleted":false,"IsACLProtected":false,"ContainedBy":null},{"Properties":{"name":"STORAGE REPLICA ADMINISTRATORS@NORTH.SEVENKINGDOMS.LOCAL","domainsid":"S-1-5-21-1252223512-2665318757-2669098637","domain":"NORTH.SEVENKINGDOMS.LOCAL","reconcile":false},"Members":[],"Aces":[],"ObjectIdentifier":"NORTH.SEVENKINGDOMS.LOCAL-S-1-5-32-582","IsDeleted":false,"IsACLProtected":false,"ContainedBy":null},{"Properties":{"name":"INCOMING FOREST TRUST BUILDERS@NORTH.SEVENKINGDOMS.LOCAL","domainsid":"S-1-5-21-1252223512-2665318757-2669098637","domain":"NORTH.SEVENKINGDOMS.LOCAL","reconcile":false},"Members":[],"Aces":[],"ObjectIdentifier":"NORTH.SEVENKINGDOMS.LOCAL-S-1-5-32-557","IsDeleted":false,"IsACLProtected":false,"ContainedBy":null},{"Properties":{"name":"CERTIFICATE SERVICE DCOM ACCESS@NORTH.SEVENKINGDOMS.LOCAL","domainsid":"S-1-5-21-1252223512-2665318757-2669098637","domain":"NORTH.SEVENKINGDOMS.LOCAL","reconcile":false},"Members":[],"Aces":[],"ObjectIdentifier":"NORTH.SEVENKINGDOMS.LOCAL-S-1-5-32-574","IsDeleted":false,"IsACLProtected":false,"ContainedBy":null},{"Properties":{"name":"ADMINISTRATORS@NORTH.SEVENKINGDOMS.LOCAL","domainsid":"S-1-5-21-1252223512-2665318757-2669098637","domain":"NORTH.SEVENKINGDOMS.LOCAL","reconcile":false},"Members":[],"Aces":[],"ObjectIdentifier":"NORTH.SEVENKINGDOMS.LOCAL-S-1-5-32-544","IsDeleted":false,"IsACLProtected":false,"ContainedBy":null},{"Properties":{"name":"ENTERPRISE DOMAIN CONTROLLERS@SEVENKINGDOMS.LOCAL","domainsid":"S-1-5-21-1032618810-739172636-1489167904","domain":"sevenkingdoms.local"},"Members":[{"ObjectIdentifier":"S-1-5-21-1252223512-2665318757-2669098637-1001","ObjectType":"Computer"}],"Aces":[],"ObjectIdentifier":"SEVENKINGDOMS.LOCAL-S-1-5-9","IsDeleted":false,"IsACLProtected":false,"ContainedBy":null}],"meta":{"methods":521215,"type":"groups","count":84,"version":6}}