{"data":[{"Properties":{"domain":"SEVENKINGDOMS.LOCAL","name":"SEVENKINGDOMS-CA@SEVENKINGDOMS.LOCAL","distinguishedname":"CN=SEVENKINGDOMS-CA,CN=CERTIFICATION AUTHORITIES,CN=PUBLIC KEY SERVICES,CN=SERVICES,CN=CONFIGURATION,DC=SEVENKINGDOMS,DC=LOCAL","domainsid":"S-1-5-21-1032618810-739172636-1489167904","isaclprotected":false,"description":null,"whencreated":1712584265,"certthumbprint":"DEBCCEB7B4BF849875D9B7CDB4285D3A81A4AB8D","certname":"DEBCCEB7B4BF849875D9B7CDB4285D3A81A4AB8D","certchain":["DEBCCEB7B4BF849875D9B7CDB4285D3A81A4AB8D"],"hasbasicconstraints":false,"basicconstraintpathlength":0},"DomainSID":"S-1-5-21-1032618810-739172636-1489167904","Aces":[{"PrincipalSID":"S-1-5-21-1032618810-739172636-1489167904-519","PrincipalType":"Base","RightName":"Owns","IsInherited":false},{"PrincipalSID":"SEVENKINGDOMS.LOCAL-S-1-5-32-544","PrincipalType":"Group","RightName":"GenericAll","IsInherited":false},{"PrincipalSID":"S-1-5-21-1032618810-739172636-1489167904-512","PrincipalType":"Group","RightName":"GenericAll","IsInherited":false},{"PrincipalSID":"S-1-5-21-1032618810-739172636-1489167904-517","PrincipalType":"Group","RightName":"GenericAll","IsInherited":false},{"PrincipalSID":"S-1-5-21-1032618810-739172636-1489167904-519","PrincipalType":"Base","RightName":"GenericAll","IsInherited":false},{"PrincipalSID":"S-1-5-21-1032618810-739172636-1489167904-519","PrincipalType":"Base","RightName":"GenericAll","IsInherited":true},{"PrincipalSID":"S-1-5-21-1032618810-739172636-1489167904-512","PrincipalType":"Group","RightName":"WriteDacl","IsInherited":true},{"PrincipalSID":"S-1-5-21-1032618810-739172636-1489167904-512","PrincipalType":"Group","RightName":"WriteOwner","IsInherited":true}],"ObjectIdentifier":"A0007139-0155-4BC2-8BE9-65F2FD470277","IsDeleted":false,"IsACLProtected":false,"ContainedBy":{"ObjectIdentifier":"513F960C-0E43-4206-B2A4-58502263996E","ObjectType":"Container"}}],"meta":{"methods":521215,"type":"rootcas","count":1,"version":6}}