{"data":[{"ObjectIdentifier": "242BC506-E3AF-440A-AC01-456C773CADD0", "Properties": {"domain": "SEVENKINGDOMS.LOCAL", "name": "DEFAULT DOMAIN CONTROLLERS POLICY@SEVENKINGDOMS.LOCAL", "distinguishedname": "CN={6AC1786C-016F-11D2-945F-00C04FB984F9},CN=POLICIES,CN=SYSTEM,DC=SEVENKINGDOMS,DC=LOCAL", "domainsid": "S-1-5-21-1032618810-739172636-1489167904", "highvalue": false, "gpcpath": "\\\\SEVENKINGDOMS.LOCAL\\SYSVOL\\SEVENKINGDOMS.LOCAL\\POLICIES\\{6AC1786C-016F-11D2-945F-00C04FB984F9}", "description": null, "whencreated": 1712606208, "isaclprotected": true}, "IsDeleted": false, "IsACLProtected": true, "Aces": [{"RightName": "Owns", "IsInherited": false, "PrincipalSID": "S-1-5-21-1032618810-739172636-1489167904-512", "PrincipalType": "Group"}, {"RightName": "GenericWrite", "IsInherited": false, "PrincipalSID": "S-1-5-21-1032618810-739172636-1489167904-512", "PrincipalType": "Group"}, {"RightName": "WriteOwner", "IsInherited": false, "PrincipalSID": "S-1-5-21-1032618810-739172636-1489167904-512", "PrincipalType": "Group"}, {"RightName": "WriteDacl", "IsInherited": false, "PrincipalSID": "S-1-5-21-1032618810-739172636-1489167904-512", "PrincipalType": "Group"}, {"RightName": "GenericWrite", "IsInherited": false, "PrincipalSID": "S-1-5-21-1032618810-739172636-1489167904-519", "PrincipalType": "Group"}, {"RightName": "WriteOwner", "IsInherited": false, "PrincipalSID": "S-1-5-21-1032618810-739172636-1489167904-519", "PrincipalType": "Group"}, {"RightName": "WriteDacl", "IsInherited": false, "PrincipalSID": "S-1-5-21-1032618810-739172636-1489167904-519", "PrincipalType": "Group"}, {"RightName": "GenericWrite", "IsInherited": false, "PrincipalSID": "S-1-5-21-1032618810-739172636-1489167904-512", "PrincipalType": "Group"}, {"RightName": "WriteOwner", "IsInherited": false, "PrincipalSID": "S-1-5-21-1032618810-739172636-1489167904-512", "PrincipalType": "Group"}, {"RightName": "WriteDacl", "IsInherited": false, "PrincipalSID": "S-1-5-21-1032618810-739172636-1489167904-512", "PrincipalType": "Group"}]},{"ObjectIdentifier": "C5FDDAAC-402A-4AD1-A891-2F96E10C0374", "Properties": {"domain": "SEVENKINGDOMS.LOCAL", "name": "DEFAULT DOMAIN POLICY@SEVENKINGDOMS.LOCAL", "distinguishedname": "CN={31B2F340-016D-11D2-945F-00C04FB984F9},CN=POLICIES,CN=SYSTEM,DC=SEVENKINGDOMS,DC=LOCAL", "domainsid": "S-1-5-21-1032618810-739172636-1489167904", "highvalue": false, "gpcpath": "\\\\SEVENKINGDOMS.LOCAL\\SYSVOL\\SEVENKINGDOMS.LOCAL\\POLICIES\\{31B2F340-016D-11D2-945F-00C04FB984F9}", "description": null, "whencreated": 1712606208, "isaclprotected": true}, "IsDeleted": false, "IsACLProtected": true, "Aces": [{"RightName": "Owns", "IsInherited": false, "PrincipalSID": "S-1-5-21-1032618810-739172636-1489167904-512", "PrincipalType": "Group"}, {"RightName": "GenericWrite", "IsInherited": false, "PrincipalSID": "S-1-5-21-1032618810-739172636-1489167904-512", "PrincipalType": "Group"}, {"RightName": "WriteOwner", "IsInherited": false, "PrincipalSID": "S-1-5-21-1032618810-739172636-1489167904-512", "PrincipalType": "Group"}, {"RightName": "WriteDacl", "IsInherited": false, "PrincipalSID": "S-1-5-21-1032618810-739172636-1489167904-512", "PrincipalType": "Group"}, {"RightName": "GenericWrite", "IsInherited": false, "PrincipalSID": "S-1-5-21-1032618810-739172636-1489167904-519", "PrincipalType": "Group"}, {"RightName": "WriteOwner", "IsInherited": false, "PrincipalSID": "S-1-5-21-1032618810-739172636-1489167904-519", "PrincipalType": "Group"}, {"RightName": "WriteDacl", "IsInherited": false, "PrincipalSID": "S-1-5-21-1032618810-739172636-1489167904-519", "PrincipalType": "Group"}, {"RightName": "GenericWrite", "IsInherited": false, "PrincipalSID": "S-1-5-21-1032618810-739172636-1489167904-512", "PrincipalType": "Group"}, {"RightName": "WriteOwner", "IsInherited": false, "PrincipalSID": "S-1-5-21-1032618810-739172636-1489167904-512", "PrincipalType": "Group"}, {"RightName": "WriteDacl", "IsInherited": false, "PrincipalSID": "S-1-5-21-1032618810-739172636-1489167904-512", "PrincipalType": "Group"}]}],"meta":{"methods":0,"type":"gpos","count":2, "version":6}}