{"data":[{"ObjectIdentifier": "S-1-5-21-1032618810-739172636-1489167904-1001", "AllowedToAct": [], "PrimaryGroupSID": "S-1-5-21-1032618810-739172636-1489167904-516", "ContainedBy": null, "DumpSMSAPassword": [], "Properties": {"name": "KINGSLANDING.SEVENKINGDOMS.LOCAL", "domainsid": "S-1-5-21-1032618810-739172636-1489167904", "domain": "SEVENKINGDOMS.LOCAL", "highvalue": false, "distinguishedname": "CN=KINGSLANDING,OU=DOMAIN CONTROLLERS,DC=SEVENKINGDOMS,DC=LOCAL", "unconstraineddelegation": true, "enabled": true, "trustedtoauth": false, "samaccountname": "KINGSLANDING$", "haslaps": false, "lastlogon": 1712785519, "lastlogontimestamp": 1712606563, "pwdlastset": 1712606539, "whencreated": 1712606523, "serviceprincipalnames": ["Dfsr-12F9A27C-BF97-4787-9364-D31B6C55EB04/kingslanding.sevenkingdoms.local", "ldap/kingslanding.sevenkingdoms.local/ForestDnsZones.sevenkingdoms.local", "ldap/kingslanding.sevenkingdoms.local/DomainDnsZones.sevenkingdoms.local", "TERMSRV/KINGSLANDING", "TERMSRV/kingslanding.sevenkingdoms.local", "DNS/kingslanding.sevenkingdoms.local", "GC/kingslanding.sevenkingdoms.local/sevenkingdoms.local", "RestrictedKrbHost/kingslanding.sevenkingdoms.local", "RestrictedKrbHost/KINGSLANDING", "RPC/b2654cbd-098c-4971-9b47-fef0fdfbb3e5._msdcs.sevenkingdoms.local", "HOST/KINGSLANDING/SEVENKINGDOMS", "HOST/kingslanding.sevenkingdoms.local/SEVENKINGDOMS", "HOST/KINGSLANDING", "HOST/kingslanding.sevenkingdoms.local", "HOST/kingslanding.sevenkingdoms.local/sevenkingdoms.local", "E3514235-4B06-11D1-AB04-00C04FC2DCD2/b2654cbd-098c-4971-9b47-fef0fdfbb3e5/sevenkingdoms.local", "ldap/KINGSLANDING/SEVENKINGDOMS", "ldap/b2654cbd-098c-4971-9b47-fef0fdfbb3e5._msdcs.sevenkingdoms.local", "ldap/kingslanding.sevenkingdoms.local/SEVENKINGDOMS", "ldap/KINGSLANDING", "ldap/kingslanding.sevenkingdoms.local", "ldap/kingslanding.sevenkingdoms.local/sevenkingdoms.local"], "description": null, "operatingsystem": "Windows Server 2019 Datacenter Evaluation", "sidhistory": [], "isaclprotected": false}, "LocalGroups": [], "UserRights": [], "AllowedToDelegate": [], "Sessions": {"Collected": true, "FailureReason": null, "Results": []}, "PrivilegedSessions": {"Collected": false, "FailureReason": null, "Results": []}, "RegistrySessions": {"Collected": false, "FailureReason": null, "Results": []}, "Aces": [{"RightName": "Owns", "IsInherited": false, "PrincipalSID": "S-1-5-21-1032618810-739172636-1489167904-512", "PrincipalType": "Group"}, {"RightName": "GenericAll", "IsInherited": false, "PrincipalSID": "S-1-5-21-1032618810-739172636-1489167904-512", "PrincipalType": "Group"}, {"RightName": "GenericAll", "IsInherited": false, "PrincipalSID": "S-1-5-21-1032618810-739172636-1489167904-1112", "PrincipalType": "Group"}, {"RightName": "GenericAll", "IsInherited": false, "PrincipalSID": "S-1-5-21-1032618810-739172636-1489167904-1120", "PrincipalType": "User"}, {"RightName": "AddKeyCredentialLink", "IsInherited": true, "PrincipalSID": "S-1-5-21-1032618810-739172636-1489167904-526", "PrincipalType": "Group"}, {"RightName": "AddKeyCredentialLink", "IsInherited": true, "PrincipalSID": "S-1-5-21-1032618810-739172636-1489167904-527", "PrincipalType": "Group"}, {"RightName": "GenericAll", "IsInherited": true, "PrincipalSID": "S-1-5-21-1032618810-739172636-1489167904-519", "PrincipalType": "Group"}, {"RightName": "GenericWrite", "IsInherited": true, "PrincipalSID": "SEVENKINGDOMS.LOCAL-S-1-5-32-544", "PrincipalType": "Group"}, {"RightName": "WriteOwner", "IsInherited": true, "PrincipalSID": "SEVENKINGDOMS.LOCAL-S-1-5-32-544", "PrincipalType": "Group"}, {"RightName": "WriteDacl", "IsInherited": true, "PrincipalSID": "SEVENKINGDOMS.LOCAL-S-1-5-32-544", "PrincipalType": "Group"}], "HasSIDHistory": [], "IsDeleted": false, "Status": null, "IsACLProtected": false}],"meta":{"methods":0,"type":"computers","count":1, "version":6}}