{"data":[{"ObjectIdentifier": "03D30693-84E5-47F1-A96D-5A42964CEEBB", "Properties": {"domain": "SEVENKINGDOMS.LOCAL", "name": "DORNE@SEVENKINGDOMS.LOCAL", "distinguishedname": "OU=DORNE,DC=SEVENKINGDOMS,DC=LOCAL", "domainsid": "S-1-5-21-1032618810-739172636-1489167904", "highvalue": false, "blocksinheritance": false, "description": null, "whencreated": 1712608597, "isaclprotected": false}, "IsDeleted": false, "IsACLProtected": false, "Aces": [{"RightName": "GenericAll", "IsInherited": false, "PrincipalSID": "S-1-5-21-1032618810-739172636-1489167904-512", "PrincipalType": "Group"}, {"RightName": "GenericAll", "IsInherited": true, "PrincipalSID": "S-1-5-21-1032618810-739172636-1489167904-519", "PrincipalType": "Group"}, {"RightName": "WriteOwner", "IsInherited": true, "PrincipalSID": "SEVENKINGDOMS.LOCAL-S-1-5-32-544", "PrincipalType": "Group"}, {"RightName": "WriteDacl", "IsInherited": true, "PrincipalSID": "SEVENKINGDOMS.LOCAL-S-1-5-32-544", "PrincipalType": "Group"}], "Links": [], "ChildObjects": [], "GPOChanges": {"AffectedComputers": [], "DcomUsers": [], "LocalAdmins": [], "PSRemoteUsers": [], "RemoteDesktopUsers": []}},{"ObjectIdentifier": "678C514B-0363-4226-9312-7ACE45A0ED4D", "Properties": {"domain": "SEVENKINGDOMS.LOCAL", "name": "REACH@SEVENKINGDOMS.LOCAL", "distinguishedname": "OU=REACH,DC=SEVENKINGDOMS,DC=LOCAL", "domainsid": "S-1-5-21-1032618810-739172636-1489167904", "highvalue": false, "blocksinheritance": false, "description": null, "whencreated": 1712608590, "isaclprotected": false}, "IsDeleted": false, "IsACLProtected": false, "Aces": [{"RightName": "GenericAll", "IsInherited": false, "PrincipalSID": "S-1-5-21-1032618810-739172636-1489167904-512", "PrincipalType": "Group"}, {"RightName": "GenericAll", "IsInherited": true, "PrincipalSID": "S-1-5-21-1032618810-739172636-1489167904-519", "PrincipalType": "Group"}, {"RightName": "WriteOwner", "IsInherited": true, "PrincipalSID": "SEVENKINGDOMS.LOCAL-S-1-5-32-544", "PrincipalType": "Group"}, {"RightName": "WriteDacl", "IsInherited": true, "PrincipalSID": "SEVENKINGDOMS.LOCAL-S-1-5-32-544", "PrincipalType": "Group"}], "Links": [], "ChildObjects": [], "GPOChanges": {"AffectedComputers": [], "DcomUsers": [], "LocalAdmins": [], "PSRemoteUsers": [], "RemoteDesktopUsers": []}},{"ObjectIdentifier": "A2830C52-0F55-4431-B18F-074B61F9062D", "Properties": {"domain": "SEVENKINGDOMS.LOCAL", "name": "WESTERLANDS@SEVENKINGDOMS.LOCAL", "distinguishedname": "OU=WESTERLANDS,DC=SEVENKINGDOMS,DC=LOCAL", "domainsid": "S-1-5-21-1032618810-739172636-1489167904", "highvalue": false, "blocksinheritance": false, "description": null, "whencreated": 1712608582, "isaclprotected": false}, "IsDeleted": false, "IsACLProtected": false, "Aces": [{"RightName": "GenericAll", "IsInherited": false, "PrincipalSID": "S-1-5-21-1032618810-739172636-1489167904-512", "PrincipalType": "Group"}, {"RightName": "GenericAll", "IsInherited": true, "PrincipalSID": "S-1-5-21-1032618810-739172636-1489167904-519", "PrincipalType": "Group"}, {"RightName": "WriteOwner", "IsInherited": true, "PrincipalSID": "SEVENKINGDOMS.LOCAL-S-1-5-32-544", "PrincipalType": "Group"}, {"RightName": "WriteDacl", "IsInherited": true, "PrincipalSID": "SEVENKINGDOMS.LOCAL-S-1-5-32-544", "PrincipalType": "Group"}], "Links": [], "ChildObjects": [{"ObjectIdentifier": "S-1-5-21-1032618810-739172636-1489167904-1116", "ObjectType": "User"}, {"ObjectIdentifier": "S-1-5-21-1032618810-739172636-1489167904-1106", "ObjectType": "Group"}], "GPOChanges": {"AffectedComputers": [], "DcomUsers": [], "LocalAdmins": [], "PSRemoteUsers": [], "RemoteDesktopUsers": []}},{"ObjectIdentifier": "A8E77C7D-BBD3-41B8-82B8-62D92B9C75A2", "Properties": {"domain": "SEVENKINGDOMS.LOCAL", "name": "STORMLANDS@SEVENKINGDOMS.LOCAL", "distinguishedname": "OU=STORMLANDS,DC=SEVENKINGDOMS,DC=LOCAL", "domainsid": "S-1-5-21-1032618810-739172636-1489167904", "highvalue": false, "blocksinheritance": false, "description": null, "whencreated": 1712608574, "isaclprotected": false}, "IsDeleted": false, "IsACLProtected": false, "Aces": [{"RightName": "GenericAll", "IsInherited": false, "PrincipalSID": "S-1-5-21-1032618810-739172636-1489167904-512", "PrincipalType": "Group"}, {"RightName": "GenericAll", "IsInherited": true, "PrincipalSID": "S-1-5-21-1032618810-739172636-1489167904-519", "PrincipalType": "Group"}, {"RightName": "WriteOwner", "IsInherited": true, "PrincipalSID": "SEVENKINGDOMS.LOCAL-S-1-5-32-544", "PrincipalType": "Group"}, {"RightName": "WriteDacl", "IsInherited": true, "PrincipalSID": "SEVENKINGDOMS.LOCAL-S-1-5-32-544", "PrincipalType": "Group"}], "Links": [], "ChildObjects": [{"ObjectIdentifier": "S-1-5-21-1032618810-739172636-1489167904-1107", "ObjectType": "Group"}], "GPOChanges": {"AffectedComputers": [], "DcomUsers": [], "LocalAdmins": [], "PSRemoteUsers": [], "RemoteDesktopUsers": []}},{"ObjectIdentifier": "41460FD0-B289-4178-8589-489F06D752A3", "Properties": {"domain": "SEVENKINGDOMS.LOCAL", "name": "CROWNLANDS@SEVENKINGDOMS.LOCAL", "distinguishedname": "OU=CROWNLANDS,DC=SEVENKINGDOMS,DC=LOCAL", "domainsid": "S-1-5-21-1032618810-739172636-1489167904", "highvalue": false, "blocksinheritance": false, "description": null, "whencreated": 1712608566, "isaclprotected": false}, "IsDeleted": false, "IsACLProtected": false, "Aces": [{"RightName": "WriteDacl", "IsInherited": false, "PrincipalSID": "S-1-5-21-1032618810-739172636-1489167904-1119", "PrincipalType": "User"}, {"RightName": "GenericAll", "IsInherited": false, "PrincipalSID": "S-1-5-21-1032618810-739172636-1489167904-512", "PrincipalType": "Group"}, {"RightName": "GenericAll", "IsInherited": true, "PrincipalSID": "S-1-5-21-1032618810-739172636-1489167904-519", "PrincipalType": "Group"}, {"RightName": "WriteOwner", "IsInherited": true, "PrincipalSID": "SEVENKINGDOMS.LOCAL-S-1-5-32-544", "PrincipalType": "Group"}, {"RightName": "WriteDacl", "IsInherited": true, "PrincipalSID": "SEVENKINGDOMS.LOCAL-S-1-5-32-544", "PrincipalType": "Group"}], "Links": [], "ChildObjects": [{"ObjectIdentifier": "S-1-5-21-1032618810-739172636-1489167904-1113", "ObjectType": "User"}, {"ObjectIdentifier": "S-1-5-21-1032618810-739172636-1489167904-1120", "ObjectType": "User"}, {"ObjectIdentifier": "S-1-5-21-1032618810-739172636-1489167904-1108", "ObjectType": "Group"}, {"ObjectIdentifier": "S-1-5-21-1032618810-739172636-1489167904-1117", "ObjectType": "User"}, {"ObjectIdentifier": "S-1-5-21-1032618810-739172636-1489167904-1119", "ObjectType": "User"}, {"ObjectIdentifier": "S-1-5-21-1032618810-739172636-1489167904-1121", "ObjectType": "User"}, {"ObjectIdentifier": "S-1-5-21-1032618810-739172636-1489167904-1123", "ObjectType": "User"}, {"ObjectIdentifier": "S-1-5-21-1032618810-739172636-1489167904-1122", "ObjectType": "User"}, {"ObjectIdentifier": "S-1-5-21-1032618810-739172636-1489167904-1110", "ObjectType": "Group"}, {"ObjectIdentifier": "S-1-5-21-1032618810-739172636-1489167904-1118", "ObjectType": "User"}, {"ObjectIdentifier": "S-1-5-21-1032618810-739172636-1489167904-1114", "ObjectType": "User"}, {"ObjectIdentifier": "S-1-5-21-1032618810-739172636-1489167904-1109", "ObjectType": "Group"}, {"ObjectIdentifier": "S-1-5-21-1032618810-739172636-1489167904-1111", "ObjectType": "Group"}, {"ObjectIdentifier": "S-1-5-21-1032618810-739172636-1489167904-1115", "ObjectType": "User"}], "GPOChanges": {"AffectedComputers": [], "DcomUsers": [], "LocalAdmins": [], "PSRemoteUsers": [], "RemoteDesktopUsers": []}},{"ObjectIdentifier": "EEB1DFE3-E473-4C18-8398-A02FE1936703", "Properties": {"domain": "SEVENKINGDOMS.LOCAL", "name": "RIVERLANDS@SEVENKINGDOMS.LOCAL", "distinguishedname": "OU=RIVERLANDS,DC=SEVENKINGDOMS,DC=LOCAL", "domainsid": "S-1-5-21-1032618810-739172636-1489167904", "highvalue": false, "blocksinheritance": false, "description": null, "whencreated": 1712608558, "isaclprotected": false}, "IsDeleted": false, "IsACLProtected": false, "Aces": [{"RightName": "GenericAll", "IsInherited": false, "PrincipalSID": "S-1-5-21-1032618810-739172636-1489167904-512", "PrincipalType": "Group"}, {"RightName": "GenericAll", "IsInherited": true, "PrincipalSID": "S-1-5-21-1032618810-739172636-1489167904-519", "PrincipalType": "Group"}, {"RightName": "WriteOwner", "IsInherited": true, "PrincipalSID": "SEVENKINGDOMS.LOCAL-S-1-5-32-544", "PrincipalType": "Group"}, {"RightName": "WriteDacl", "IsInherited": true, "PrincipalSID": "SEVENKINGDOMS.LOCAL-S-1-5-32-544", "PrincipalType": "Group"}], "Links": [], "ChildObjects": [], "GPOChanges": {"AffectedComputers": [], "DcomUsers": [], "LocalAdmins": [], "PSRemoteUsers": [], "RemoteDesktopUsers": []}},{"ObjectIdentifier": "23331BF8-E445-4765-A8DF-57249FDD087D", "Properties": {"domain": "SEVENKINGDOMS.LOCAL", "name": "IRONISLANDS@SEVENKINGDOMS.LOCAL", "distinguishedname": "OU=IRONISLANDS,DC=SEVENKINGDOMS,DC=LOCAL", "domainsid": "S-1-5-21-1032618810-739172636-1489167904", "highvalue": false, "blocksinheritance": false, "description": null, "whencreated": 1712608551, "isaclprotected": false}, "IsDeleted": false, "IsACLProtected": false, "Aces": [{"RightName": "GenericAll", "IsInherited": false, "PrincipalSID": "S-1-5-21-1032618810-739172636-1489167904-512", "PrincipalType": "Group"}, {"RightName": "GenericAll", "IsInherited": true, "PrincipalSID": "S-1-5-21-1032618810-739172636-1489167904-519", "PrincipalType": "Group"}, {"RightName": "WriteOwner", "IsInherited": true, "PrincipalSID": "SEVENKINGDOMS.LOCAL-S-1-5-32-544", "PrincipalType": "Group"}, {"RightName": "WriteDacl", "IsInherited": true, "PrincipalSID": "SEVENKINGDOMS.LOCAL-S-1-5-32-544", "PrincipalType": "Group"}], "Links": [], "ChildObjects": [], "GPOChanges": {"AffectedComputers": [], "DcomUsers": [], "LocalAdmins": [], "PSRemoteUsers": [], "RemoteDesktopUsers": []}},{"ObjectIdentifier": "28DCAFA4-015E-47FD-99E4-C37FE0B933E8", "Properties": {"domain": "SEVENKINGDOMS.LOCAL", "name": "VALE@SEVENKINGDOMS.LOCAL", "distinguishedname": "OU=VALE,DC=SEVENKINGDOMS,DC=LOCAL", "domainsid": "S-1-5-21-1032618810-739172636-1489167904", "highvalue": false, "blocksinheritance": false, "description": null, "whencreated": 1712608543, "isaclprotected": false}, "IsDeleted": false, "IsACLProtected": false, "Aces": [{"RightName": "GenericAll", "IsInherited": false, "PrincipalSID": "S-1-5-21-1032618810-739172636-1489167904-512", "PrincipalType": "Group"}, {"RightName": "GenericAll", "IsInherited": true, "PrincipalSID": "S-1-5-21-1032618810-739172636-1489167904-519", "PrincipalType": "Group"}, {"RightName": "WriteOwner", "IsInherited": true, "PrincipalSID": "SEVENKINGDOMS.LOCAL-S-1-5-32-544", "PrincipalType": "Group"}, {"RightName": "WriteDacl", "IsInherited": true, "PrincipalSID": "SEVENKINGDOMS.LOCAL-S-1-5-32-544", "PrincipalType": "Group"}], "Links": [], "ChildObjects": [], "GPOChanges": {"AffectedComputers": [], "DcomUsers": [], "LocalAdmins": [], "PSRemoteUsers": [], "RemoteDesktopUsers": []}},{"ObjectIdentifier": "9752D645-5CB2-4C29-816A-16004F72596D", "Properties": {"domain": "SEVENKINGDOMS.LOCAL", "name": "DOMAIN CONTROLLERS@SEVENKINGDOMS.LOCAL", "distinguishedname": "OU=DOMAIN CONTROLLERS,DC=SEVENKINGDOMS,DC=LOCAL", "domainsid": "S-1-5-21-1032618810-739172636-1489167904", "highvalue": false, "blocksinheritance": false, "description": "Default container for domain controllers", "whencreated": 1712606209, "isaclprotected": false}, "IsDeleted": false, "IsACLProtected": false, "Aces": [{"RightName": "Owns", "IsInherited": false, "PrincipalSID": "S-1-5-21-1032618810-739172636-1489167904-512", "PrincipalType": "Group"}, {"RightName": "WriteOwner", "IsInherited": false, "PrincipalSID": "S-1-5-21-1032618810-739172636-1489167904-512", "PrincipalType": "Group"}, {"RightName": "WriteDacl", "IsInherited": false, "PrincipalSID": "S-1-5-21-1032618810-739172636-1489167904-512", "PrincipalType": "Group"}, {"RightName": "GenericAll", "IsInherited": true, "PrincipalSID": "S-1-5-21-1032618810-739172636-1489167904-519", "PrincipalType": "Group"}, {"RightName": "WriteOwner", "IsInherited": true, "PrincipalSID": "SEVENKINGDOMS.LOCAL-S-1-5-32-544", "PrincipalType": "Group"}, {"RightName": "WriteDacl", "IsInherited": true, "PrincipalSID": "SEVENKINGDOMS.LOCAL-S-1-5-32-544", "PrincipalType": "Group"}], "Links": [{"IsEnforced": false, "GUID": "242BC506-E3AF-440A-AC01-456C773CADD0"}], "ChildObjects": [{"ObjectIdentifier": "S-1-5-21-1032618810-739172636-1489167904-1001", "ObjectType": "Computer"}], "GPOChanges": {"AffectedComputers": [], "DcomUsers": [], "LocalAdmins": [], "PSRemoteUsers": [], "RemoteDesktopUsers": []}}],"meta":{"methods":0,"type":"ous","count":9, "version":6}}