{"data": [{"ObjectIdentifier": "S-1-5-21-1032618810-739172636-1489167904", "Properties": {"name": "SEVENKINGDOMS.LOCAL", "domain": "SEVENKINGDOMS.LOCAL", "domainsid": "S-1-5-21-1032618810-739172636-1489167904", "distinguishedname": "DC=SEVENKINGDOMS,DC=LOCAL", "description": "", "functionallevel": "2016", "highvalue": true, "isaclprotected": false, "collected": true, "whencreated": 1712606198}, "Trusts": [{"TargetDomainName": "ESSOS.LOCAL", "TargetDomainSid": "S-1-5-21-2158876063-2930955257-1391117225", "IsTransitive": true, "TrustDirection": "Bidirectional", "TrustType": "Forest", "SidFilteringEnabled": false}, {"TargetDomainName": "NORTH.SEVENKINGDOMS.LOCAL", "TargetDomainSid": "S-1-5-21-1252223512-2665318757-2669098637", "IsTransitive": true, "TrustDirection": "Bidirectional", "TrustType": "ParentChild", "SidFilteringEnabled": false}], "Aces": [{"RightName": "Owns", "IsInherited": false, "PrincipalSID": "SEVENKINGDOMS.LOCAL-S-1-5-32-544", "PrincipalType": "Group"}, {"RightName": "GetChanges", "IsInherited": false, "PrincipalSID": "S-1-5-21-1032618810-739172636-1489167904-498", "PrincipalType": "Group"}, {"RightName": "GetChangesAll", "IsInherited": false, "PrincipalSID": "S-1-5-21-1032618810-739172636-1489167904-516", "PrincipalType": "Group"}, {"RightName": "GetChangesInFilteredSet", "IsInherited": false, "PrincipalSID": "SEVENKINGDOMS.LOCAL-S-1-5-32-544", "PrincipalType": "Group"}, {"RightName": "GetChanges", "IsInherited": false, "PrincipalSID": "SEVENKINGDOMS.LOCAL-S-1-5-32-544", "PrincipalType": "Group"}, {"RightName": "GetChangesAll", "IsInherited": false, "PrincipalSID": "SEVENKINGDOMS.LOCAL-S-1-5-32-544", "PrincipalType": "Group"}, {"RightName": "GetChangesInFilteredSet", "IsInherited": false, "PrincipalSID": "SEVENKINGDOMS.LOCAL-S-1-5-9", "PrincipalType": "Group"}, {"RightName": "GetChanges", "IsInherited": false, "PrincipalSID": "SEVENKINGDOMS.LOCAL-S-1-5-9", "PrincipalType": "Group"}, {"RightName": "WriteOwner", "IsInherited": false, "PrincipalSID": "S-1-5-21-1032618810-739172636-1489167904-512", "PrincipalType": "Group"}, {"RightName": "AllExtendedRights", "IsInherited": false, "PrincipalSID": "S-1-5-21-1032618810-739172636-1489167904-512", "PrincipalType": "Group"}, {"RightName": "WriteDacl", "IsInherited": false, "PrincipalSID": "S-1-5-21-1032618810-739172636-1489167904-512", "PrincipalType": "Group"}, {"RightName": "GenericAll", "IsInherited": false, "PrincipalSID": "S-1-5-21-1032618810-739172636-1489167904-519", "PrincipalType": "Group"}, {"RightName": "WriteOwner", "IsInherited": false, "PrincipalSID": "SEVENKINGDOMS.LOCAL-S-1-5-32-544", "PrincipalType": "Group"}, {"RightName": "AllExtendedRights", "IsInherited": false, "PrincipalSID": "SEVENKINGDOMS.LOCAL-S-1-5-32-544", "PrincipalType": "Group"}, {"RightName": "WriteDacl", "IsInherited": false, "PrincipalSID": "SEVENKINGDOMS.LOCAL-S-1-5-32-544", "PrincipalType": "Group"}], "Links": [{"IsEnforced": false, "GUID": "C5FDDAAC-402A-4AD1-A891-2F96E10C0374"}], "ChildObjects": [{"ObjectIdentifier": "A2830C52-0F55-4431-B18F-074B61F9062D", "ObjectType": "OU"}, {"ObjectIdentifier": "28DCAFA4-015E-47FD-99E4-C37FE0B933E8", "ObjectType": "OU"}, {"ObjectIdentifier": "3C072C82-ABA8-487D-866D-CEC2FA507DAB", "ObjectType": "Container"}, {"ObjectIdentifier": "A8E77C7D-BBD3-41B8-82B8-62D92B9C75A2", "ObjectType": "OU"}, {"ObjectIdentifier": "EEB1DFE3-E473-4C18-8398-A02FE1936703", "ObjectType": "OU"}, {"ObjectIdentifier": "678C514B-0363-4226-9312-7ACE45A0ED4D", "ObjectType": "OU"}, {"ObjectIdentifier": "5F84BB43-710C-4B2E-8A35-881F05275A10", "ObjectType": "Container"}, {"ObjectIdentifier": "23331BF8-E445-4765-A8DF-57249FDD087D", "ObjectType": "OU"}, {"ObjectIdentifier": "39D10D7B-85A9-48B1-83F5-84056F2C7F83", "ObjectType": "Container"}, {"ObjectIdentifier": "03D30693-84E5-47F1-A96D-5A42964CEEBB", "ObjectType": "OU"}, {"ObjectIdentifier": "9752D645-5CB2-4C29-816A-16004F72596D", "ObjectType": "OU"}, {"ObjectIdentifier": "41460FD0-B289-4178-8589-489F06D752A3", "ObjectType": "OU"}, {"ObjectIdentifier": "01E0E542-36D8-42FA-AD1B-E8C106B974DF", "ObjectType": "Container"}], "GPOChanges": {"AffectedComputers": [], "DcomUsers": [], "LocalAdmins": [], "PSRemoteUsers": [], "RemoteDesktopUsers": []}, "IsDeleted": false, "IsACLProtected": false}], "meta": {"type": "domains", "count": 1, "version": 6}}