{"data":[{"ObjectIdentifier": "9AA977C5-5917-4A43-93EE-227D478415FC", "Properties": {"domain": "SEVENKINGDOMS.LOCAL", "name": "WMIGPO@SEVENKINGDOMS.LOCAL", "distinguishedname": "CN=WMIGPO,CN=WMIPOLICY,CN=SYSTEM,DC=SEVENKINGDOMS,DC=LOCAL", "domainsid": "S-1-5-21-1032618810-739172636-1489167904", "highvalue": false, "description": "", "whencreated": 1712606208, "isaclprotected": false}, "IsDeleted": false, "IsACLProtected": false, "ContainedBy": null, "Aces": [{"RightName": "Owns", "IsInherited": false, "PrincipalSID": "S-1-5-21-1032618810-739172636-1489167904-512", "PrincipalType": "Group"}, {"RightName": "WriteOwner", "IsInherited": false, "PrincipalSID": "S-1-5-21-1032618810-739172636-1489167904-512", "PrincipalType": "Group"}, {"RightName": "WriteDacl", "IsInherited": false, "PrincipalSID": "S-1-5-21-1032618810-739172636-1489167904-512", "PrincipalType": "Group"}, {"RightName": "GenericAll", "IsInherited": true, "PrincipalSID": "S-1-5-21-1032618810-739172636-1489167904-519", "PrincipalType": "Group"}, {"RightName": "GenericAll", "IsInherited": true, "PrincipalSID": "S-1-5-21-1032618810-739172636-1489167904-512", "PrincipalType": "Group"}], "ChildObjects": []},{"ObjectIdentifier": "E84D9F5A-784E-46BB-9544-D6F6F08833E6", "Properties": {"domain": "SEVENKINGDOMS.LOCAL", "name": "POLICYTYPE@SEVENKINGDOMS.LOCAL", "distinguishedname": "CN=POLICYTYPE,CN=WMIPOLICY,CN=SYSTEM,DC=SEVENKINGDOMS,DC=LOCAL", "domainsid": "S-1-5-21-1032618810-739172636-1489167904", "highvalue": false, "description": "", "whencreated": 1712606208, "isaclprotected": false}, "IsDeleted": false, "IsACLProtected": false, "ContainedBy": null, "Aces": [{"RightName": "Owns", "IsInherited": false, "PrincipalSID": "S-1-5-21-1032618810-739172636-1489167904-512", "PrincipalType": "Group"}, {"RightName": "WriteOwner", "IsInherited": false, "PrincipalSID": "S-1-5-21-1032618810-739172636-1489167904-512", "PrincipalType": "Group"}, {"RightName": "WriteDacl", "IsInherited": false, "PrincipalSID": "S-1-5-21-1032618810-739172636-1489167904-512", "PrincipalType": "Group"}, {"RightName": "GenericAll", "IsInherited": true, "PrincipalSID": "S-1-5-21-1032618810-739172636-1489167904-519", "PrincipalType": "Group"}, {"RightName": "GenericAll", "IsInherited": true, "PrincipalSID": "S-1-5-21-1032618810-739172636-1489167904-512", "PrincipalType": "Group"}], "ChildObjects": []},{"ObjectIdentifier": "C53B527A-BF91-4E00-9F70-F267D4E156C8", "Properties": {"domain": "SEVENKINGDOMS.LOCAL", "name": "SOM@SEVENKINGDOMS.LOCAL", "distinguishedname": "CN=SOM,CN=WMIPOLICY,CN=SYSTEM,DC=SEVENKINGDOMS,DC=LOCAL", "domainsid": "S-1-5-21-1032618810-739172636-1489167904", "highvalue": false, "description": "", "whencreated": 1712606208, "isaclprotected": true}, "IsDeleted": false, "IsACLProtected": true, "ContainedBy": null, "Aces": [{"RightName": "Owns", "IsInherited": false, "PrincipalSID": "S-1-5-21-1032618810-739172636-1489167904-512", "PrincipalType": "Group"}, {"RightName": "GenericAll", "IsInherited": false, "PrincipalSID": "S-1-5-21-1032618810-739172636-1489167904-512", "PrincipalType": "Group"}, {"RightName": "GenericAll", "IsInherited": false, "PrincipalSID": "S-1-5-21-1032618810-739172636-1489167904-519", "PrincipalType": "Group"}], "ChildObjects": []},{"ObjectIdentifier": "5873E4C7-3D50-4D76-B513-30A06614612D", "Properties": {"domain": "SEVENKINGDOMS.LOCAL", "name": "POLICYTEMPLATE@SEVENKINGDOMS.LOCAL", "distinguishedname": "CN=POLICYTEMPLATE,CN=WMIPOLICY,CN=SYSTEM,DC=SEVENKINGDOMS,DC=LOCAL", "domainsid": "S-1-5-21-1032618810-739172636-1489167904", "highvalue": false, "description": "", "whencreated": 1712606208, "isaclprotected": false}, "IsDeleted": false, "IsACLProtected": false, "ContainedBy": null, "Aces": [{"RightName": "Owns", "IsInherited": false, "PrincipalSID": "S-1-5-21-1032618810-739172636-1489167904-512", "PrincipalType": "Group"}, {"RightName": "WriteOwner", "IsInherited": false, "PrincipalSID": "S-1-5-21-1032618810-739172636-1489167904-512", "PrincipalType": "Group"}, {"RightName": "WriteDacl", "IsInherited": false, "PrincipalSID": "S-1-5-21-1032618810-739172636-1489167904-512", "PrincipalType": "Group"}, {"RightName": "GenericAll", "IsInherited": true, "PrincipalSID": "S-1-5-21-1032618810-739172636-1489167904-519", "PrincipalType": "Group"}, {"RightName": "GenericAll", "IsInherited": true, "PrincipalSID": "S-1-5-21-1032618810-739172636-1489167904-512", "PrincipalType": "Group"}], "ChildObjects": []},{"ObjectIdentifier": "542197B5-1BA6-4568-ACD1-8CDE7F6BB331", "Properties": {"domain": "SEVENKINGDOMS.LOCAL", "name": "WMIPOLICY@SEVENKINGDOMS.LOCAL", "distinguishedname": "CN=WMIPOLICY,CN=SYSTEM,DC=SEVENKINGDOMS,DC=LOCAL", "domainsid": "S-1-5-21-1032618810-739172636-1489167904", "highvalue": false, "description": "", "whencreated": 1712606208, "isaclprotected": true}, "IsDeleted": false, "IsACLProtected": true, "ContainedBy": null, "Aces": [{"RightName": "Owns", "IsInherited": false, "PrincipalSID": "S-1-5-21-1032618810-739172636-1489167904-512", "PrincipalType": "Group"}, {"RightName": "GenericAll", "IsInherited": false, "PrincipalSID": "S-1-5-21-1032618810-739172636-1489167904-519", "PrincipalType": "Group"}, {"RightName": "GenericAll", "IsInherited": false, "PrincipalSID": "S-1-5-21-1032618810-739172636-1489167904-512", "PrincipalType": "Group"}], "ChildObjects": []},{"ObjectIdentifier": "1761B01E-BCB4-4FDA-BCA5-E288E58E455E", "Properties": {"domain": "SEVENKINGDOMS.LOCAL", "name": "COMPARTITIONSETS@SEVENKINGDOMS.LOCAL", "distinguishedname": "CN=COMPARTITIONSETS,CN=SYSTEM,DC=SEVENKINGDOMS,DC=LOCAL", "domainsid": "S-1-5-21-1032618810-739172636-1489167904", "highvalue": false, "description": "", "whencreated": 1712606208, "isaclprotected": false}, "IsDeleted": false, "IsACLProtected": false, "ContainedBy": null, "Aces": [{"RightName": "Owns", "IsInherited": false, "PrincipalSID": "S-1-5-21-1032618810-739172636-1489167904-512", "PrincipalType": "Group"}, {"RightName": "WriteOwner", "IsInherited": false, "PrincipalSID": "S-1-5-21-1032618810-739172636-1489167904-512", "PrincipalType": "Group"}, {"RightName": "WriteDacl", "IsInherited": false, "PrincipalSID": "S-1-5-21-1032618810-739172636-1489167904-512", "PrincipalType": "Group"}, {"RightName": "GenericAll", "IsInherited": true, "PrincipalSID": "S-1-5-21-1032618810-739172636-1489167904-519", "PrincipalType": "Group"}, {"RightName": "WriteOwner", "IsInherited": true, "PrincipalSID": "SEVENKINGDOMS.LOCAL-S-1-5-32-544", "PrincipalType": "Group"}, {"RightName": "WriteDacl", "IsInherited": true, "PrincipalSID": "SEVENKINGDOMS.LOCAL-S-1-5-32-544", "PrincipalType": "Group"}], "ChildObjects": []},{"ObjectIdentifier": "CCB7EB94-699F-4230-A1D9-FDF9F8E1DB83", "Properties": {"domain": "SEVENKINGDOMS.LOCAL", "name": "COMPARTITIONS@SEVENKINGDOMS.LOCAL", "distinguishedname": "CN=COMPARTITIONS,CN=SYSTEM,DC=SEVENKINGDOMS,DC=LOCAL", "domainsid": "S-1-5-21-1032618810-739172636-1489167904", "highvalue": false, "description": "", "whencreated": 1712606208, "isaclprotected": false}, "IsDeleted": false, "IsACLProtected": false, "ContainedBy": null, "Aces": [{"RightName": "Owns", "IsInherited": false, "PrincipalSID": "S-1-5-21-1032618810-739172636-1489167904-512", "PrincipalType": "Group"}, {"RightName": "WriteOwner", "IsInherited": false, "PrincipalSID": "S-1-5-21-1032618810-739172636-1489167904-512", "PrincipalType": "Group"}, {"RightName": "WriteDacl", "IsInherited": false, "PrincipalSID": "S-1-5-21-1032618810-739172636-1489167904-512", "PrincipalType": "Group"}, {"RightName": "GenericAll", "IsInherited": true, "PrincipalSID": "S-1-5-21-1032618810-739172636-1489167904-519", "PrincipalType": "Group"}, {"RightName": "WriteOwner", "IsInherited": true, "PrincipalSID": "SEVENKINGDOMS.LOCAL-S-1-5-32-544", "PrincipalType": "Group"}, {"RightName": "WriteDacl", "IsInherited": true, "PrincipalSID": "SEVENKINGDOMS.LOCAL-S-1-5-32-544", "PrincipalType": "Group"}], "ChildObjects": []},{"ObjectIdentifier": "D9D48962-6F4B-4EB4-ACE8-9D1AA169F50A", "Properties": {"domain": "SEVENKINGDOMS.LOCAL", "name": "ADMINSDHOLDER@SEVENKINGDOMS.LOCAL", "distinguishedname": "CN=ADMINSDHOLDER,CN=SYSTEM,DC=SEVENKINGDOMS,DC=LOCAL", "domainsid": "S-1-5-21-1032618810-739172636-1489167904", "highvalue": false, "description": "", "whencreated": 1712606208, "isaclprotected": true}, "IsDeleted": false, "IsACLProtected": true, "ContainedBy": null, "Aces": [{"RightName": "Owns", "IsInherited": false, "PrincipalSID": "S-1-5-21-1032618810-739172636-1489167904-512", "PrincipalType": "Group"}, {"RightName": "WriteOwner", "IsInherited": false, "PrincipalSID": "S-1-5-21-1032618810-739172636-1489167904-512", "PrincipalType": "Group"}, {"RightName": "WriteDacl", "IsInherited": false, "PrincipalSID": "S-1-5-21-1032618810-739172636-1489167904-512", "PrincipalType": "Group"}, {"RightName": "WriteOwner", "IsInherited": false, "PrincipalSID": "S-1-5-21-1032618810-739172636-1489167904-519", "PrincipalType": "Group"}, {"RightName": "WriteDacl", "IsInherited": false, "PrincipalSID": "S-1-5-21-1032618810-739172636-1489167904-519", "PrincipalType": "Group"}, {"RightName": "GenericAll", "IsInherited": false, "PrincipalSID": "S-1-5-21-1032618810-739172636-1489167904-1122", "PrincipalType": "User"}, {"RightName": "WriteOwner", "IsInherited": false, "PrincipalSID": "SEVENKINGDOMS.LOCAL-S-1-5-32-544", "PrincipalType": "Group"}, {"RightName": "WriteDacl", "IsInherited": false, "PrincipalSID": "SEVENKINGDOMS.LOCAL-S-1-5-32-544", "PrincipalType": "Group"}], "ChildObjects": []},{"ObjectIdentifier": "45074251-A310-411E-80F9-2E0B30B28C22", "Properties": {"domain": "SEVENKINGDOMS.LOCAL", "name": "RAS AND IAS SERVERS ACCESS CHECK@SEVENKINGDOMS.LOCAL", "distinguishedname": "CN=RAS AND IAS SERVERS ACCESS CHECK,CN=SYSTEM,DC=SEVENKINGDOMS,DC=LOCAL", "domainsid": "S-1-5-21-1032618810-739172636-1489167904", "highvalue": false, "description": "", "whencreated": 1712606208, "isaclprotected": false}, "IsDeleted": false, "IsACLProtected": false, "ContainedBy": null, "Aces": [{"RightName": "Owns", "IsInherited": false, "PrincipalSID": "S-1-5-21-1032618810-739172636-1489167904-512", "PrincipalType": "Group"}, {"RightName": "WriteOwner", "IsInherited": false, "PrincipalSID": "S-1-5-21-1032618810-739172636-1489167904-553", "PrincipalType": "Group"}, {"RightName": "WriteDacl", "IsInherited": false, "PrincipalSID": "S-1-5-21-1032618810-739172636-1489167904-553", "PrincipalType": "Group"}, {"RightName": "GenericAll", "IsInherited": true, "PrincipalSID": "S-1-5-21-1032618810-739172636-1489167904-519", "PrincipalType": "Group"}, {"RightName": "WriteOwner", "IsInherited": true, "PrincipalSID": "SEVENKINGDOMS.LOCAL-S-1-5-32-544", "PrincipalType": "Group"}, {"RightName": "WriteDacl", "IsInherited": true, "PrincipalSID": "SEVENKINGDOMS.LOCAL-S-1-5-32-544", "PrincipalType": "Group"}], "ChildObjects": []},{"ObjectIdentifier": "9A56A530-EF01-42EB-9EFC-5F6C81302235", "Properties": {"domain": "SEVENKINGDOMS.LOCAL", "name": "POLICIES@SEVENKINGDOMS.LOCAL", "distinguishedname": "CN=POLICIES,CN=SYSTEM,DC=SEVENKINGDOMS,DC=LOCAL", "domainsid": "S-1-5-21-1032618810-739172636-1489167904", "highvalue": false, "description": "", "whencreated": 1712606208, "isaclprotected": false}, "IsDeleted": false, "IsACLProtected": false, "ContainedBy": null, "Aces": [{"RightName": "Owns", "IsInherited": false, "PrincipalSID": "S-1-5-21-1032618810-739172636-1489167904-512", "PrincipalType": "Group"}, {"RightName": "WriteOwner", "IsInherited": false, "PrincipalSID": "S-1-5-21-1032618810-739172636-1489167904-512", "PrincipalType": "Group"}, {"RightName": "WriteDacl", "IsInherited": false, "PrincipalSID": "S-1-5-21-1032618810-739172636-1489167904-512", "PrincipalType": "Group"}, {"RightName": "GenericAll", "IsInherited": true, "PrincipalSID": "S-1-5-21-1032618810-739172636-1489167904-519", "PrincipalType": "Group"}, {"RightName": "WriteOwner", "IsInherited": true, "PrincipalSID": "SEVENKINGDOMS.LOCAL-S-1-5-32-544", "PrincipalType": "Group"}, {"RightName": "WriteDacl", "IsInherited": true, "PrincipalSID": "SEVENKINGDOMS.LOCAL-S-1-5-32-544", "PrincipalType": "Group"}], "ChildObjects": []},{"ObjectIdentifier": "BD0E220E-7778-4A9D-925F-8C9CDC6E381E", "Properties": {"domain": "SEVENKINGDOMS.LOCAL", "name": "MEETINGS@SEVENKINGDOMS.LOCAL", "distinguishedname": "CN=MEETINGS,CN=SYSTEM,DC=SEVENKINGDOMS,DC=LOCAL", "domainsid": "S-1-5-21-1032618810-739172636-1489167904", "highvalue": false, "description": "", "whencreated": 1712606208, "isaclprotected": false}, "IsDeleted": false, "IsACLProtected": false, "ContainedBy": null, "Aces": [{"RightName": "Owns", "IsInherited": false, "PrincipalSID": "S-1-5-21-1032618810-739172636-1489167904-512", "PrincipalType": "Group"}, {"RightName": "WriteOwner", "IsInherited": false, "PrincipalSID": "S-1-5-21-1032618810-739172636-1489167904-512", "PrincipalType": "Group"}, {"RightName": "WriteDacl", "IsInherited": false, "PrincipalSID": "S-1-5-21-1032618810-739172636-1489167904-512", "PrincipalType": "Group"}, {"RightName": "GenericAll", "IsInherited": true, "PrincipalSID": "S-1-5-21-1032618810-739172636-1489167904-519", "PrincipalType": "Group"}, {"RightName": "WriteOwner", "IsInherited": true, "PrincipalSID": "SEVENKINGDOMS.LOCAL-S-1-5-32-544", "PrincipalType": "Group"}, {"RightName": "WriteDacl", "IsInherited": true, "PrincipalSID": "SEVENKINGDOMS.LOCAL-S-1-5-32-544", "PrincipalType": "Group"}], "ChildObjects": []},{"ObjectIdentifier": "2B2C10A1-8FB6-46C7-9554-361424EE95CD", "Properties": {"domain": "SEVENKINGDOMS.LOCAL", "name": "WINSOCKSERVICES@SEVENKINGDOMS.LOCAL", "distinguishedname": "CN=WINSOCKSERVICES,CN=SYSTEM,DC=SEVENKINGDOMS,DC=LOCAL", "domainsid": "S-1-5-21-1032618810-739172636-1489167904", "highvalue": false, "description": "", "whencreated": 1712606208, "isaclprotected": false}, "IsDeleted": false, "IsACLProtected": false, "ContainedBy": null, "Aces": [{"RightName": "Owns", "IsInherited": false, "PrincipalSID": "S-1-5-21-1032618810-739172636-1489167904-512", "PrincipalType": "Group"}, {"RightName": "WriteOwner", "IsInherited": false, "PrincipalSID": "S-1-5-21-1032618810-739172636-1489167904-512", "PrincipalType": "Group"}, {"RightName": "WriteDacl", "IsInherited": false, "PrincipalSID": "S-1-5-21-1032618810-739172636-1489167904-512", "PrincipalType": "Group"}, {"RightName": "GenericAll", "IsInherited": true, "PrincipalSID": "S-1-5-21-1032618810-739172636-1489167904-519", "PrincipalType": "Group"}, {"RightName": "WriteOwner", "IsInherited": true, "PrincipalSID": "SEVENKINGDOMS.LOCAL-S-1-5-32-544", "PrincipalType": "Group"}, {"RightName": "WriteDacl", "IsInherited": true, "PrincipalSID": "SEVENKINGDOMS.LOCAL-S-1-5-32-544", "PrincipalType": "Group"}], "ChildObjects": []},{"ObjectIdentifier": "5F84BB43-710C-4B2E-8A35-881F05275A10", "Properties": {"domain": "SEVENKINGDOMS.LOCAL", "name": "MANAGED SERVICE ACCOUNTS@SEVENKINGDOMS.LOCAL", "distinguishedname": "CN=MANAGED SERVICE ACCOUNTS,DC=SEVENKINGDOMS,DC=LOCAL", "domainsid": "S-1-5-21-1032618810-739172636-1489167904", "highvalue": false, "description": "Default container for managed service accounts", "whencreated": 1712606209, "isaclprotected": false}, "IsDeleted": false, "IsACLProtected": false, "ContainedBy": null, "Aces": [{"RightName": "Owns", "IsInherited": false, "PrincipalSID": "S-1-5-21-1032618810-739172636-1489167904-512", "PrincipalType": "Group"}, {"RightName": "WriteOwner", "IsInherited": false, "PrincipalSID": "S-1-5-21-1032618810-739172636-1489167904-512", "PrincipalType": "Group"}, {"RightName": "WriteDacl", "IsInherited": false, "PrincipalSID": "S-1-5-21-1032618810-739172636-1489167904-512", "PrincipalType": "Group"}, {"RightName": "GenericAll", "IsInherited": true, "PrincipalSID": "S-1-5-21-1032618810-739172636-1489167904-519", "PrincipalType": "Group"}, {"RightName": "WriteOwner", "IsInherited": true, "PrincipalSID": "SEVENKINGDOMS.LOCAL-S-1-5-32-544", "PrincipalType": "Group"}, {"RightName": "WriteDacl", "IsInherited": true, "PrincipalSID": "SEVENKINGDOMS.LOCAL-S-1-5-32-544", "PrincipalType": "Group"}], "ChildObjects": []},{"ObjectIdentifier": "97252912-35FA-44B3-9D03-DFE695F0EB44", "Properties": {"domain": "SEVENKINGDOMS.LOCAL", "name": "MICROSOFT@SEVENKINGDOMS.LOCAL", "distinguishedname": "CN=MICROSOFT,CN=PROGRAM DATA,DC=SEVENKINGDOMS,DC=LOCAL", "domainsid": "S-1-5-21-1032618810-739172636-1489167904", "highvalue": false, "description": "Default location for storage of Microsoft application data.", "whencreated": 1712606209, "isaclprotected": false}, "IsDeleted": false, "IsACLProtected": false, "ContainedBy": null, "Aces": [{"RightName": "Owns", "IsInherited": false, "PrincipalSID": "S-1-5-21-1032618810-739172636-1489167904-512", "PrincipalType": "Group"}, {"RightName": "GenericAll", "IsInherited": false, "PrincipalSID": "S-1-5-21-1032618810-739172636-1489167904-512", "PrincipalType": "Group"}, {"RightName": "GenericAll", "IsInherited": true, "PrincipalSID": "S-1-5-21-1032618810-739172636-1489167904-519", "PrincipalType": "Group"}, {"RightName": "WriteOwner", "IsInherited": true, "PrincipalSID": "SEVENKINGDOMS.LOCAL-S-1-5-32-544", "PrincipalType": "Group"}, {"RightName": "WriteDacl", "IsInherited": true, "PrincipalSID": "SEVENKINGDOMS.LOCAL-S-1-5-32-544", "PrincipalType": "Group"}], "ChildObjects": []},{"ObjectIdentifier": "4F7B6573-A884-4770-8863-B8017AAAA1F6", "Properties": {"domain": "SEVENKINGDOMS.LOCAL", "name": "PROGRAM DATA@SEVENKINGDOMS.LOCAL", "distinguishedname": "CN=PROGRAM DATA,DC=SEVENKINGDOMS,DC=LOCAL", "domainsid": "S-1-5-21-1032618810-739172636-1489167904", "highvalue": false, "description": "Default location for storage of application data.", "whencreated": 1712606209, "isaclprotected": false}, "IsDeleted": false, "IsACLProtected": false, "ContainedBy": null, "Aces": [{"RightName": "Owns", "IsInherited": false, "PrincipalSID": "S-1-5-21-1032618810-739172636-1489167904-512", "PrincipalType": "Group"}, {"RightName": "GenericAll", "IsInherited": false, "PrincipalSID": "S-1-5-21-1032618810-739172636-1489167904-512", "PrincipalType": "Group"}, {"RightName": "GenericAll", "IsInherited": true, "PrincipalSID": "S-1-5-21-1032618810-739172636-1489167904-519", "PrincipalType": "Group"}, {"RightName": "WriteOwner", "IsInherited": true, "PrincipalSID": "SEVENKINGDOMS.LOCAL-S-1-5-32-544", "PrincipalType": "Group"}, {"RightName": "WriteDacl", "IsInherited": true, "PrincipalSID": "SEVENKINGDOMS.LOCAL-S-1-5-32-544", "PrincipalType": "Group"}], "ChildObjects": []},{"ObjectIdentifier": "39D10D7B-85A9-48B1-83F5-84056F2C7F83", "Properties": {"domain": "SEVENKINGDOMS.LOCAL", "name": "FOREIGNSECURITYPRINCIPALS@SEVENKINGDOMS.LOCAL", "distinguishedname": "CN=FOREIGNSECURITYPRINCIPALS,DC=SEVENKINGDOMS,DC=LOCAL", "domainsid": "S-1-5-21-1032618810-739172636-1489167904", "highvalue": false, "description": "Default container for security identifiers (SIDs) associated with objects from external, trusted domains", "whencreated": 1712606209, "isaclprotected": false}, "IsDeleted": false, "IsACLProtected": false, "ContainedBy": null, "Aces": [{"RightName": "Owns", "IsInherited": false, "PrincipalSID": "S-1-5-21-1032618810-739172636-1489167904-512", "PrincipalType": "Group"}, {"RightName": "GenericAll", "IsInherited": false, "PrincipalSID": "S-1-5-21-1032618810-739172636-1489167904-512", "PrincipalType": "Group"}, {"RightName": "GenericAll", "IsInherited": true, "PrincipalSID": "S-1-5-21-1032618810-739172636-1489167904-519", "PrincipalType": "Group"}, {"RightName": "WriteOwner", "IsInherited": true, "PrincipalSID": "SEVENKINGDOMS.LOCAL-S-1-5-32-544", "PrincipalType": "Group"}, {"RightName": "WriteDacl", "IsInherited": true, "PrincipalSID": "SEVENKINGDOMS.LOCAL-S-1-5-32-544", "PrincipalType": "Group"}], "ChildObjects": []},{"ObjectIdentifier": "DC762B78-69DA-4D77-B9F9-C2F4D4557F00", "Properties": {"domain": "SEVENKINGDOMS.LOCAL", "name": "SYSTEM@SEVENKINGDOMS.LOCAL", "distinguishedname": "CN=SYSTEM,DC=SEVENKINGDOMS,DC=LOCAL", "domainsid": "S-1-5-21-1032618810-739172636-1489167904", "highvalue": false, "description": "Builtin system settings", "whencreated": 1712606208, "isaclprotected": false}, "IsDeleted": false, "IsACLProtected": false, "ContainedBy": null, "Aces": [{"RightName": "Owns", "IsInherited": false, "PrincipalSID": "S-1-5-21-1032618810-739172636-1489167904-512", "PrincipalType": "Group"}, {"RightName": "WriteOwner", "IsInherited": false, "PrincipalSID": "S-1-5-21-1032618810-739172636-1489167904-512", "PrincipalType": "Group"}, {"RightName": "WriteDacl", "IsInherited": false, "PrincipalSID": "S-1-5-21-1032618810-739172636-1489167904-512", "PrincipalType": "Group"}, {"RightName": "GenericAll", "IsInherited": true, "PrincipalSID": "S-1-5-21-1032618810-739172636-1489167904-519", "PrincipalType": "Group"}, {"RightName": "WriteOwner", "IsInherited": true, "PrincipalSID": "SEVENKINGDOMS.LOCAL-S-1-5-32-544", "PrincipalType": "Group"}, {"RightName": "WriteDacl", "IsInherited": true, "PrincipalSID": "SEVENKINGDOMS.LOCAL-S-1-5-32-544", "PrincipalType": "Group"}], "ChildObjects": []},{"ObjectIdentifier": "01E0E542-36D8-42FA-AD1B-E8C106B974DF", "Properties": {"domain": "SEVENKINGDOMS.LOCAL", "name": "COMPUTERS@SEVENKINGDOMS.LOCAL", "distinguishedname": "CN=COMPUTERS,DC=SEVENKINGDOMS,DC=LOCAL", "domainsid": "S-1-5-21-1032618810-739172636-1489167904", "highvalue": false, "description": "Default container for upgraded computer accounts", "whencreated": 1712606208, "isaclprotected": false}, "IsDeleted": false, "IsACLProtected": false, "ContainedBy": null, "Aces": [{"RightName": "Owns", "IsInherited": false, "PrincipalSID": "S-1-5-21-1032618810-739172636-1489167904-512", "PrincipalType": "Group"}, {"RightName": "WriteOwner", "IsInherited": false, "PrincipalSID": "S-1-5-21-1032618810-739172636-1489167904-512", "PrincipalType": "Group"}, {"RightName": "WriteDacl", "IsInherited": false, "PrincipalSID": "S-1-5-21-1032618810-739172636-1489167904-512", "PrincipalType": "Group"}, {"RightName": "GenericAll", "IsInherited": true, "PrincipalSID": "S-1-5-21-1032618810-739172636-1489167904-519", "PrincipalType": "Group"}, {"RightName": "WriteOwner", "IsInherited": true, "PrincipalSID": "SEVENKINGDOMS.LOCAL-S-1-5-32-544", "PrincipalType": "Group"}, {"RightName": "WriteDacl", "IsInherited": true, "PrincipalSID": "SEVENKINGDOMS.LOCAL-S-1-5-32-544", "PrincipalType": "Group"}], "ChildObjects": []},{"ObjectIdentifier": "3C072C82-ABA8-487D-866D-CEC2FA507DAB", "Properties": {"domain": "SEVENKINGDOMS.LOCAL", "name": "USERS@SEVENKINGDOMS.LOCAL", "distinguishedname": "CN=USERS,DC=SEVENKINGDOMS,DC=LOCAL", "domainsid": "S-1-5-21-1032618810-739172636-1489167904", "highvalue": false, "description": "Default container for upgraded user accounts", "whencreated": 1712606208, "isaclprotected": false}, "IsDeleted": false, "IsACLProtected": false, "ContainedBy": null, "Aces": [{"RightName": "Owns", "IsInherited": false, "PrincipalSID": "S-1-5-21-1032618810-739172636-1489167904-512", "PrincipalType": "Group"}, {"RightName": "WriteOwner", "IsInherited": false, "PrincipalSID": "S-1-5-21-1032618810-739172636-1489167904-512", "PrincipalType": "Group"}, {"RightName": "WriteDacl", "IsInherited": false, "PrincipalSID": "S-1-5-21-1032618810-739172636-1489167904-512", "PrincipalType": "Group"}, {"RightName": "GenericAll", "IsInherited": true, "PrincipalSID": "S-1-5-21-1032618810-739172636-1489167904-519", "PrincipalType": "Group"}, {"RightName": "WriteOwner", "IsInherited": true, "PrincipalSID": "SEVENKINGDOMS.LOCAL-S-1-5-32-544", "PrincipalType": "Group"}, {"RightName": "WriteDacl", "IsInherited": true, "PrincipalSID": "SEVENKINGDOMS.LOCAL-S-1-5-32-544", "PrincipalType": "Group"}], "ChildObjects": [{"ObjectIdentifier": "S-1-5-21-1032618810-739172636-1489167904-1000", "ObjectType": "User"}, {"ObjectIdentifier": "S-1-5-21-1032618810-739172636-1489167904-518", "ObjectType": "Group"}, {"ObjectIdentifier": "S-1-5-21-1032618810-739172636-1489167904-521", "ObjectType": "Group"}, {"ObjectIdentifier": "S-1-5-21-1032618810-739172636-1489167904-553", "ObjectType": "Group"}, {"ObjectIdentifier": "S-1-5-21-1032618810-739172636-1489167904-525", "ObjectType": "Group"}, {"ObjectIdentifier": "S-1-5-21-1032618810-739172636-1489167904-1104", "ObjectType": "trustaccount"}, {"ObjectIdentifier": "S-1-5-21-1032618810-739172636-1489167904-502", "ObjectType": "User"}, {"ObjectIdentifier": "S-1-5-21-1032618810-739172636-1489167904-526", "ObjectType": "Group"}, {"ObjectIdentifier": "S-1-5-21-1032618810-739172636-1489167904-501", "ObjectType": "User"}, {"ObjectIdentifier": "S-1-5-21-1032618810-739172636-1489167904-520", "ObjectType": "Group"}, {"ObjectIdentifier": "S-1-5-21-1032618810-739172636-1489167904-1105", "ObjectType": "trustaccount"}, {"ObjectIdentifier": "S-1-5-21-1032618810-739172636-1489167904-498", "ObjectType": "Group"}, {"ObjectIdentifier": "S-1-5-21-1032618810-739172636-1489167904-527", "ObjectType": "Group"}, {"ObjectIdentifier": "S-1-5-21-1032618810-739172636-1489167904-519", "ObjectType": "Group"}, {"ObjectIdentifier": "S-1-5-21-1032618810-739172636-1489167904-513", "ObjectType": "Group"}, {"ObjectIdentifier": "S-1-5-21-1032618810-739172636-1489167904-514", "ObjectType": "Group"}, {"ObjectIdentifier": "S-1-5-21-1032618810-739172636-1489167904-516", "ObjectType": "Group"}, {"ObjectIdentifier": "S-1-5-21-1032618810-739172636-1489167904-515", "ObjectType": "Group"}, {"ObjectIdentifier": "S-1-5-21-1032618810-739172636-1489167904-512", "ObjectType": "Group"}, {"ObjectIdentifier": "S-1-5-21-1032618810-739172636-1489167904-1103", "ObjectType": "Group"}, {"ObjectIdentifier": "S-1-5-21-1032618810-739172636-1489167904-1102", "ObjectType": "Group"}, {"ObjectIdentifier": "S-1-5-21-1032618810-739172636-1489167904-572", "ObjectType": "Group"}, {"ObjectIdentifier": "S-1-5-21-1032618810-739172636-1489167904-522", "ObjectType": "Group"}, {"ObjectIdentifier": "S-1-5-21-1032618810-739172636-1489167904-517", "ObjectType": "Group"}, {"ObjectIdentifier": "S-1-5-21-1032618810-739172636-1489167904-571", "ObjectType": "Group"}, {"ObjectIdentifier": "S-1-5-21-1032618810-739172636-1489167904-500", "ObjectType": "User"}, {"ObjectIdentifier": "S-1-5-21-1032618810-739172636-1489167904-1112", "ObjectType": "Group"}]}],"meta":{"methods":0,"type":"containers","count":19, "version":6}}