{"data":[{"Properties":{"domain":"SEVENKINGDOMS.LOCAL","name":"SEVENKINGDOMS-CA@SEVENKINGDOMS.LOCAL","distinguishedname":"CN=SEVENKINGDOMS-CA,CN=AIA,CN=PUBLIC KEY SERVICES,CN=SERVICES,CN=CONFIGURATION,DC=SEVENKINGDOMS,DC=LOCAL","domainsid":"S-1-5-21-1032618810-739172636-1489167904","isaclprotected":false,"description":null,"whencreated":1712584265,"crosscertificatepair":[],"hascrosscertificatepair":false,"certthumbprint":"DEBCCEB7B4BF849875D9B7CDB4285D3A81A4AB8D","certname":"DEBCCEB7B4BF849875D9B7CDB4285D3A81A4AB8D","certchain":["DEBCCEB7B4BF849875D9B7CDB4285D3A81A4AB8D"],"hasbasicconstraints":false,"basicconstraintpathlength":0},"Aces":[{"PrincipalSID":"S-1-5-21-1032618810-739172636-1489167904-519","PrincipalType":"Base","RightName":"Owns","IsInherited":false},{"PrincipalSID":"SEVENKINGDOMS.LOCAL-S-1-5-32-544","PrincipalType":"Group","RightName":"GenericAll","IsInherited":false},{"PrincipalSID":"S-1-5-21-1032618810-739172636-1489167904-512","PrincipalType":"Group","RightName":"GenericAll","IsInherited":false},{"PrincipalSID":"S-1-5-21-1032618810-739172636-1489167904-519","PrincipalType":"Base","RightName":"GenericAll","IsInherited":false},{"PrincipalSID":"S-1-5-21-1032618810-739172636-1489167904-1001","PrincipalType":"Computer","RightName":"GenericAll","IsInherited":false},{"PrincipalSID":"S-1-5-21-1032618810-739172636-1489167904-519","PrincipalType":"Base","RightName":"GenericAll","IsInherited":true},{"PrincipalSID":"S-1-5-21-1032618810-739172636-1489167904-512","PrincipalType":"Group","RightName":"WriteDacl","IsInherited":true},{"PrincipalSID":"S-1-5-21-1032618810-739172636-1489167904-512","PrincipalType":"Group","RightName":"WriteOwner","IsInherited":true}],"ObjectIdentifier":"B02BD131-6EF5-48EC-A508-C3A283EF1538","IsDeleted":false,"IsACLProtected":false,"ContainedBy":{"ObjectIdentifier":"AF126A2F-795C-4334-852D-D9ADB168BF76","ObjectType":"Container"}}],"meta":{"methods":521215,"type":"aiacas","count":1,"version":6}}