{"data":[{"GPOChanges":{"LocalAdmins":[],"RemoteDesktopUsers":[],"DcomUsers":[],"PSRemoteUsers":[],"AffectedComputers":[]},"Properties":{"domain":"SEVENKINGDOMS.LOCAL","name":"RIVERLANDS@SEVENKINGDOMS.LOCAL","distinguishedname":"OU=RIVERLANDS,DC=SEVENKINGDOMS,DC=LOCAL","domainsid":"S-1-5-21-1032618810-739172636-1489167904","isaclprotected":false,"description":null,"whencreated":1712583358,"blocksinheritance":false},"Links":[],"ChildObjects":[],"Aces":[{"PrincipalSID":"S-1-5-21-1032618810-739172636-1489167904-512","PrincipalType":"Group","RightName":"GenericAll","IsInherited":false},{"PrincipalSID":"S-1-5-21-1032618810-739172636-1489167904-519","PrincipalType":"Base","RightName":"GenericAll","IsInherited":true},{"PrincipalSID":"SEVENKINGDOMS.LOCAL-S-1-5-32-544","PrincipalType":"Group","RightName":"WriteDacl","IsInherited":true},{"PrincipalSID":"SEVENKINGDOMS.LOCAL-S-1-5-32-544","PrincipalType":"Group","RightName":"WriteOwner","IsInherited":true}],"ObjectIdentifier":"EEB1DFE3-E473-4C18-8398-A02FE1936703","IsDeleted":false,"IsACLProtected":false,"ContainedBy":{"ObjectIdentifier":"S-1-5-21-1032618810-739172636-1489167904","ObjectType":"Domain"}},{"GPOChanges":{"LocalAdmins":[],"RemoteDesktopUsers":[],"DcomUsers":[],"PSRemoteUsers":[],"AffectedComputers":[]},"Properties":{"domain":"SEVENKINGDOMS.LOCAL","name":"REACH@SEVENKINGDOMS.LOCAL","distinguishedname":"OU=REACH,DC=SEVENKINGDOMS,DC=LOCAL","domainsid":"S-1-5-21-1032618810-739172636-1489167904","isaclprotected":false,"description":null,"whencreated":1712583390,"blocksinheritance":false},"Links":[],"ChildObjects":[],"Aces":[{"PrincipalSID":"S-1-5-21-1032618810-739172636-1489167904-512","PrincipalType":"Group","RightName":"GenericAll","IsInherited":false},{"PrincipalSID":"S-1-5-21-1032618810-739172636-1489167904-519","PrincipalType":"Base","RightName":"GenericAll","IsInherited":true},{"PrincipalSID":"SEVENKINGDOMS.LOCAL-S-1-5-32-544","PrincipalType":"Group","RightName":"WriteDacl","IsInherited":true},{"PrincipalSID":"SEVENKINGDOMS.LOCAL-S-1-5-32-544","PrincipalType":"Group","RightName":"WriteOwner","IsInherited":true}],"ObjectIdentifier":"678C514B-0363-4226-9312-7ACE45A0ED4D","IsDeleted":false,"IsACLProtected":false,"ContainedBy":{"ObjectIdentifier":"S-1-5-21-1032618810-739172636-1489167904","ObjectType":"Domain"}},{"GPOChanges":{"LocalAdmins":[],"RemoteDesktopUsers":[],"DcomUsers":[],"PSRemoteUsers":[],"AffectedComputers":[]},"Properties":{"domain":"SEVENKINGDOMS.LOCAL","name":"WESTERLANDS@SEVENKINGDOMS.LOCAL","distinguishedname":"OU=WESTERLANDS,DC=SEVENKINGDOMS,DC=LOCAL","domainsid":"S-1-5-21-1032618810-739172636-1489167904","isaclprotected":false,"description":null,"whencreated":1712583382,"blocksinheritance":false},"Links":[],"ChildObjects":[],"Aces":[{"PrincipalSID":"S-1-5-21-1032618810-739172636-1489167904-512","PrincipalType":"Group","RightName":"GenericAll","IsInherited":false},{"PrincipalSID":"S-1-5-21-1032618810-739172636-1489167904-519","PrincipalType":"Base","RightName":"GenericAll","IsInherited":true},{"PrincipalSID":"SEVENKINGDOMS.LOCAL-S-1-5-32-544","PrincipalType":"Group","RightName":"WriteDacl","IsInherited":true},{"PrincipalSID":"SEVENKINGDOMS.LOCAL-S-1-5-32-544","PrincipalType":"Group","RightName":"WriteOwner","IsInherited":true}],"ObjectIdentifier":"A2830C52-0F55-4431-B18F-074B61F9062D","IsDeleted":false,"IsACLProtected":false,"ContainedBy":{"ObjectIdentifier":"S-1-5-21-1032618810-739172636-1489167904","ObjectType":"Domain"}},{"GPOChanges":{"LocalAdmins":[],"RemoteDesktopUsers":[],"DcomUsers":[],"PSRemoteUsers":[],"AffectedComputers":[]},"Properties":{"domain":"SEVENKINGDOMS.LOCAL","name":"STORMLANDS@SEVENKINGDOMS.LOCAL","distinguishedname":"OU=STORMLANDS,DC=SEVENKINGDOMS,DC=LOCAL","domainsid":"S-1-5-21-1032618810-739172636-1489167904","isaclprotected":false,"description":null,"whencreated":1712583374,"blocksinheritance":false},"Links":[],"ChildObjects":[],"Aces":[{"PrincipalSID":"S-1-5-21-1032618810-739172636-1489167904-512","PrincipalType":"Group","RightName":"GenericAll","IsInherited":false},{"PrincipalSID":"S-1-5-21-1032618810-739172636-1489167904-519","PrincipalType":"Base","RightName":"GenericAll","IsInherited":true},{"PrincipalSID":"SEVENKINGDOMS.LOCAL-S-1-5-32-544","PrincipalType":"Group","RightName":"WriteDacl","IsInherited":true},{"PrincipalSID":"SEVENKINGDOMS.LOCAL-S-1-5-32-544","PrincipalType":"Group","RightName":"WriteOwner","IsInherited":true}],"ObjectIdentifier":"A8E77C7D-BBD3-41B8-82B8-62D92B9C75A2","IsDeleted":false,"IsACLProtected":false,"ContainedBy":{"ObjectIdentifier":"S-1-5-21-1032618810-739172636-1489167904","ObjectType":"Domain"}},{"GPOChanges":{"LocalAdmins":[],"RemoteDesktopUsers":[],"DcomUsers":[],"PSRemoteUsers":[],"AffectedComputers":[]},"Properties":{"domain":"SEVENKINGDOMS.LOCAL","name":"CROWNLANDS@SEVENKINGDOMS.LOCAL","distinguishedname":"OU=CROWNLANDS,DC=SEVENKINGDOMS,DC=LOCAL","domainsid":"S-1-5-21-1032618810-739172636-1489167904","isaclprotected":false,"description":null,"whencreated":1712583366,"blocksinheritance":false},"Links":[],"ChildObjects":[],"Aces":[{"PrincipalSID":"S-1-5-21-1032618810-739172636-1489167904-512","PrincipalType":"Group","RightName":"GenericAll","IsInherited":false},{"PrincipalSID":"S-1-5-21-1032618810-739172636-1489167904-1119","PrincipalType":"User","RightName":"WriteDacl","IsInherited":false},{"PrincipalSID":"S-1-5-21-1032618810-739172636-1489167904-519","PrincipalType":"Base","RightName":"GenericAll","IsInherited":true},{"PrincipalSID":"SEVENKINGDOMS.LOCAL-S-1-5-32-544","PrincipalType":"Group","RightName":"WriteDacl","IsInherited":true},{"PrincipalSID":"SEVENKINGDOMS.LOCAL-S-1-5-32-544","PrincipalType":"Group","RightName":"WriteOwner","IsInherited":true}],"ObjectIdentifier":"41460FD0-B289-4178-8589-489F06D752A3","IsDeleted":false,"IsACLProtected":false,"ContainedBy":{"ObjectIdentifier":"S-1-5-21-1032618810-739172636-1489167904","ObjectType":"Domain"}},{"GPOChanges":{"LocalAdmins":[],"RemoteDesktopUsers":[],"DcomUsers":[],"PSRemoteUsers":[],"AffectedComputers":[]},"Properties":{"domain":"SEVENKINGDOMS.LOCAL","name":"DORNE@SEVENKINGDOMS.LOCAL","distinguishedname":"OU=DORNE,DC=SEVENKINGDOMS,DC=LOCAL","domainsid":"S-1-5-21-1032618810-739172636-1489167904","isaclprotected":false,"description":null,"whencreated":1712583397,"blocksinheritance":false},"Links":[],"ChildObjects":[],"Aces":[{"PrincipalSID":"S-1-5-21-1032618810-739172636-1489167904-512","PrincipalType":"Group","RightName":"GenericAll","IsInherited":false},{"PrincipalSID":"S-1-5-21-1032618810-739172636-1489167904-519","PrincipalType":"Base","RightName":"GenericAll","IsInherited":true},{"PrincipalSID":"SEVENKINGDOMS.LOCAL-S-1-5-32-544","PrincipalType":"Group","RightName":"WriteDacl","IsInherited":true},{"PrincipalSID":"SEVENKINGDOMS.LOCAL-S-1-5-32-544","PrincipalType":"Group","RightName":"WriteOwner","IsInherited":true}],"ObjectIdentifier":"03D30693-84E5-47F1-A96D-5A42964CEEBB","IsDeleted":false,"IsACLProtected":false,"ContainedBy":{"ObjectIdentifier":"S-1-5-21-1032618810-739172636-1489167904","ObjectType":"Domain"}},{"GPOChanges":{"LocalAdmins":[],"RemoteDesktopUsers":[],"DcomUsers":[],"PSRemoteUsers":[],"AffectedComputers":[]},"Properties":{"domain":"SEVENKINGDOMS.LOCAL","name":"VALE@SEVENKINGDOMS.LOCAL","distinguishedname":"OU=VALE,DC=SEVENKINGDOMS,DC=LOCAL","domainsid":"S-1-5-21-1032618810-739172636-1489167904","isaclprotected":false,"description":null,"whencreated":1712583343,"blocksinheritance":false},"Links":[],"ChildObjects":[],"Aces":[{"PrincipalSID":"S-1-5-21-1032618810-739172636-1489167904-512","PrincipalType":"Group","RightName":"GenericAll","IsInherited":false},{"PrincipalSID":"S-1-5-21-1032618810-739172636-1489167904-519","PrincipalType":"Base","RightName":"GenericAll","IsInherited":true},{"PrincipalSID":"SEVENKINGDOMS.LOCAL-S-1-5-32-544","PrincipalType":"Group","RightName":"WriteDacl","IsInherited":true},{"PrincipalSID":"SEVENKINGDOMS.LOCAL-S-1-5-32-544","PrincipalType":"Group","RightName":"WriteOwner","IsInherited":true}],"ObjectIdentifier":"28DCAFA4-015E-47FD-99E4-C37FE0B933E8","IsDeleted":false,"IsACLProtected":false,"ContainedBy":{"ObjectIdentifier":"S-1-5-21-1032618810-739172636-1489167904","ObjectType":"Domain"}},{"GPOChanges":{"LocalAdmins":[],"RemoteDesktopUsers":[],"DcomUsers":[],"PSRemoteUsers":[],"AffectedComputers":[]},"Properties":{"domain":"SEVENKINGDOMS.LOCAL","name":"IRONISLANDS@SEVENKINGDOMS.LOCAL","distinguishedname":"OU=IRONISLANDS,DC=SEVENKINGDOMS,DC=LOCAL","domainsid":"S-1-5-21-1032618810-739172636-1489167904","isaclprotected":false,"description":null,"whencreated":1712583351,"blocksinheritance":false},"Links":[],"ChildObjects":[],"Aces":[{"PrincipalSID":"S-1-5-21-1032618810-739172636-1489167904-512","PrincipalType":"Group","RightName":"GenericAll","IsInherited":false},{"PrincipalSID":"S-1-5-21-1032618810-739172636-1489167904-519","PrincipalType":"Base","RightName":"GenericAll","IsInherited":true},{"PrincipalSID":"SEVENKINGDOMS.LOCAL-S-1-5-32-544","PrincipalType":"Group","RightName":"WriteDacl","IsInherited":true},{"PrincipalSID":"SEVENKINGDOMS.LOCAL-S-1-5-32-544","PrincipalType":"Group","RightName":"WriteOwner","IsInherited":true}],"ObjectIdentifier":"23331BF8-E445-4765-A8DF-57249FDD087D","IsDeleted":false,"IsACLProtected":false,"ContainedBy":{"ObjectIdentifier":"S-1-5-21-1032618810-739172636-1489167904","ObjectType":"Domain"}},{"GPOChanges":{"LocalAdmins":[],"RemoteDesktopUsers":[],"DcomUsers":[],"PSRemoteUsers":[],"AffectedComputers":[]},"Properties":{"domain":"SEVENKINGDOMS.LOCAL","name":"DOMAIN CONTROLLERS@SEVENKINGDOMS.LOCAL","distinguishedname":"OU=DOMAIN CONTROLLERS,DC=SEVENKINGDOMS,DC=LOCAL","domainsid":"S-1-5-21-1032618810-739172636-1489167904","isaclprotected":false,"description":"Default container for domain controllers","whencreated":1712581009,"blocksinheritance":false},"Links":[{"IsEnforced":false,"GUID":"242BC506-E3AF-440A-AC01-456C773CADD0"}],"ChildObjects":[],"Aces":[{"PrincipalSID":"S-1-5-21-1032618810-739172636-1489167904-512","PrincipalType":"Group","RightName":"Owns","IsInherited":false},{"PrincipalSID":"S-1-5-21-1032618810-739172636-1489167904-512","PrincipalType":"Group","RightName":"WriteDacl","IsInherited":false},{"PrincipalSID":"S-1-5-21-1032618810-739172636-1489167904-512","PrincipalType":"Group","RightName":"WriteOwner","IsInherited":false},{"PrincipalSID":"S-1-5-21-1032618810-739172636-1489167904-519","PrincipalType":"Base","RightName":"GenericAll","IsInherited":true},{"PrincipalSID":"SEVENKINGDOMS.LOCAL-S-1-5-32-544","PrincipalType":"Group","RightName":"WriteDacl","IsInherited":true},{"PrincipalSID":"SEVENKINGDOMS.LOCAL-S-1-5-32-544","PrincipalType":"Group","RightName":"WriteOwner","IsInherited":true}],"ObjectIdentifier":"9752D645-5CB2-4C29-816A-16004F72596D","IsDeleted":false,"IsACLProtected":false,"ContainedBy":{"ObjectIdentifier":"S-1-5-21-1032618810-739172636-1489167904","ObjectType":"Domain"}}],"meta":{"methods":521215,"type":"ous","count":9,"version":6}}