{"data":[{"Properties":{"domain":"SEVENKINGDOMS.LOCAL","name":"KRBTGT@SEVENKINGDOMS.LOCAL","distinguishedname":"CN=KRBTGT,CN=USERS,DC=SEVENKINGDOMS,DC=LOCAL","domainsid":"S-1-5-21-1032618810-739172636-1489167904","samaccountname":"krbtgt","isaclprotected":true,"description":"Key Distribution Center Service Account","whencreated":1712581323,"sensitive":false,"dontreqpreauth":false,"passwordnotreqd":false,"unconstraineddelegation":false,"pwdneverexpires":false,"enabled":false,"trustedtoauth":false,"lastlogon":0,"lastlogontimestamp":-1,"pwdlastset":1712606523,"serviceprincipalnames":["kadmin/changepw"],"hasspn":true,"displayname":null,"email":null,"title":null,"homedirectory":null,"userpassword":null,"unixpassword":null,"unicodepassword":null,"sfupassword":null,"logonscript":null,"admincount":true,"sidhistory":[]},"AllowedToDelegate":[],"PrimaryGroupSID":"S-1-5-21-1032618810-739172636-1489167904-513","HasSIDHistory":[],"SPNTargets":[],"Aces":[{"PrincipalSID":"S-1-5-21-1032618810-739172636-1489167904-512","PrincipalType":"Group","RightName":"Owns","IsInherited":false},{"PrincipalSID":"SEVENKINGDOMS.LOCAL-S-1-5-32-544","PrincipalType":"Group","RightName":"WriteDacl","IsInherited":false},{"PrincipalSID":"SEVENKINGDOMS.LOCAL-S-1-5-32-544","PrincipalType":"Group","RightName":"WriteOwner","IsInherited":false},{"PrincipalSID":"SEVENKINGDOMS.LOCAL-S-1-5-32-544","PrincipalType":"Group","RightName":"AllExtendedRights","IsInherited":false},{"PrincipalSID":"SEVENKINGDOMS.LOCAL-S-1-5-32-544","PrincipalType":"Group","RightName":"GenericWrite","IsInherited":false},{"PrincipalSID":"S-1-5-21-1032618810-739172636-1489167904-512","PrincipalType":"Group","RightName":"WriteDacl","IsInherited":false},{"PrincipalSID":"S-1-5-21-1032618810-739172636-1489167904-512","PrincipalType":"Group","RightName":"WriteOwner","IsInherited":false},{"PrincipalSID":"S-1-5-21-1032618810-739172636-1489167904-512","PrincipalType":"Group","RightName":"AllExtendedRights","IsInherited":false},{"PrincipalSID":"S-1-5-21-1032618810-739172636-1489167904-512","PrincipalType":"Group","RightName":"GenericWrite","IsInherited":false},{"PrincipalSID":"S-1-5-21-1032618810-739172636-1489167904-519","PrincipalType":"Base","RightName":"WriteDacl","IsInherited":false},{"PrincipalSID":"S-1-5-21-1032618810-739172636-1489167904-519","PrincipalType":"Base","RightName":"WriteOwner","IsInherited":false},{"PrincipalSID":"S-1-5-21-1032618810-739172636-1489167904-519","PrincipalType":"Base","RightName":"AllExtendedRights","IsInherited":false},{"PrincipalSID":"S-1-5-21-1032618810-739172636-1489167904-519","PrincipalType":"Base","RightName":"GenericWrite","IsInherited":false},{"PrincipalSID":"S-1-5-21-1032618810-739172636-1489167904-1122","PrincipalType":"User","RightName":"GenericAll","IsInherited":false}],"ObjectIdentifier":"S-1-5-21-1032618810-739172636-1489167904-502","IsDeleted":false,"IsACLProtected":true,"ContainedBy":{"ObjectIdentifier":"3C072C82-ABA8-487D-866D-CEC2FA507DAB","ObjectType":"Container"}},{"Properties":{"domain":"SEVENKINGDOMS.LOCAL","name":"GUEST@SEVENKINGDOMS.LOCAL","distinguishedname":"CN=GUEST,CN=USERS,DC=SEVENKINGDOMS,DC=LOCAL","domainsid":"S-1-5-21-1032618810-739172636-1489167904","samaccountname":"Guest","isaclprotected":false,"description":"Built-in account for guest access to the computer/domain","whencreated":1712581009,"sensitive":false,"dontreqpreauth":false,"passwordnotreqd":true,"unconstraineddelegation":false,"pwdneverexpires":true,"enabled":false,"trustedtoauth":false,"lastlogon":0,"lastlogontimestamp":-1,"pwdlastset":0,"serviceprincipalnames":[],"hasspn":false,"displayname":null,"email":null,"title":null,"homedirectory":null,"userpassword":null,"unixpassword":null,"unicodepassword":null,"sfupassword":null,"logonscript":null,"admincount":false,"sidhistory":[]},"AllowedToDelegate":[],"PrimaryGroupSID":"S-1-5-21-1032618810-739172636-1489167904-514","HasSIDHistory":[],"SPNTargets":[],"Aces":[{"PrincipalSID":"SEVENKINGDOMS.LOCAL-S-1-5-32-544","PrincipalType":"Group","RightName":"Owns","IsInherited":false},{"PrincipalSID":"SEVENKINGDOMS.LOCAL-S-1-5-32-548","PrincipalType":"Group","RightName":"GenericAll","IsInherited":false},{"PrincipalSID":"S-1-5-21-1032618810-739172636-1489167904-512","PrincipalType":"Group","RightName":"GenericAll","IsInherited":false},{"PrincipalSID":"S-1-5-21-1032618810-739172636-1489167904-526","PrincipalType":"Group","RightName":"AddKeyCredentialLink","IsInherited":true},{"PrincipalSID":"S-1-5-21-1032618810-739172636-1489167904-527","PrincipalType":"Base","RightName":"AddKeyCredentialLink","IsInherited":true},{"PrincipalSID":"S-1-5-21-1032618810-739172636-1489167904-519","PrincipalType":"Base","RightName":"GenericAll","IsInherited":true},{"PrincipalSID":"SEVENKINGDOMS.LOCAL-S-1-5-32-544","PrincipalType":"Group","RightName":"WriteDacl","IsInherited":true},{"PrincipalSID":"SEVENKINGDOMS.LOCAL-S-1-5-32-544","PrincipalType":"Group","RightName":"WriteOwner","IsInherited":true},{"PrincipalSID":"SEVENKINGDOMS.LOCAL-S-1-5-32-544","PrincipalType":"Group","RightName":"AllExtendedRights","IsInherited":true},{"PrincipalSID":"SEVENKINGDOMS.LOCAL-S-1-5-32-544","PrincipalType":"Group","RightName":"GenericWrite","IsInherited":true}],"ObjectIdentifier":"S-1-5-21-1032618810-739172636-1489167904-501","IsDeleted":false,"IsACLProtected":false,"ContainedBy":{"ObjectIdentifier":"3C072C82-ABA8-487D-866D-CEC2FA507DAB","ObjectType":"Container"}},{"Properties":{"domain":"SEVENKINGDOMS.LOCAL","name":"VAGRANT@SEVENKINGDOMS.LOCAL","distinguishedname":"CN=VAGRANT,CN=USERS,DC=SEVENKINGDOMS,DC=LOCAL","domainsid":"S-1-5-21-1032618810-739172636-1489167904","samaccountname":"vagrant","isaclprotected":true,"description":"Vagrant User","whencreated":1712581009,"sensitive":false,"dontreqpreauth":false,"passwordnotreqd":false,"unconstraineddelegation":false,"pwdneverexpires":true,"enabled":true,"trustedtoauth":false,"lastlogon":1712612878,"lastlogontimestamp":1712606610,"pwdlastset":1620819535,"serviceprincipalnames":[],"hasspn":false,"displayname":"Vagrant","email":null,"title":null,"homedirectory":null,"userpassword":null,"unixpassword":null,"unicodepassword":null,"sfupassword":null,"logonscript":null,"admincount":true,"sidhistory":[]},"AllowedToDelegate":[],"PrimaryGroupSID":"S-1-5-21-1032618810-739172636-1489167904-513","HasSIDHistory":[],"SPNTargets":[],"Aces":[{"PrincipalSID":"S-1-5-21-1032618810-739172636-1489167904-512","PrincipalType":"Group","RightName":"Owns","IsInherited":false},{"PrincipalSID":"SEVENKINGDOMS.LOCAL-S-1-5-32-544","PrincipalType":"Group","RightName":"WriteDacl","IsInherited":false},{"PrincipalSID":"SEVENKINGDOMS.LOCAL-S-1-5-32-544","PrincipalType":"Group","RightName":"WriteOwner","IsInherited":false},{"PrincipalSID":"SEVENKINGDOMS.LOCAL-S-1-5-32-544","PrincipalType":"Group","RightName":"AllExtendedRights","IsInherited":false},{"PrincipalSID":"SEVENKINGDOMS.LOCAL-S-1-5-32-544","PrincipalType":"Group","RightName":"GenericWrite","IsInherited":false},{"PrincipalSID":"S-1-5-21-1032618810-739172636-1489167904-512","PrincipalType":"Group","RightName":"WriteDacl","IsInherited":false},{"PrincipalSID":"S-1-5-21-1032618810-739172636-1489167904-512","PrincipalType":"Group","RightName":"WriteOwner","IsInherited":false},{"PrincipalSID":"S-1-5-21-1032618810-739172636-1489167904-512","PrincipalType":"Group","RightName":"AllExtendedRights","IsInherited":false},{"PrincipalSID":"S-1-5-21-1032618810-739172636-1489167904-512","PrincipalType":"Group","RightName":"GenericWrite","IsInherited":false},{"PrincipalSID":"S-1-5-21-1032618810-739172636-1489167904-519","PrincipalType":"Base","RightName":"WriteDacl","IsInherited":false},{"PrincipalSID":"S-1-5-21-1032618810-739172636-1489167904-519","PrincipalType":"Base","RightName":"WriteOwner","IsInherited":false},{"PrincipalSID":"S-1-5-21-1032618810-739172636-1489167904-519","PrincipalType":"Base","RightName":"AllExtendedRights","IsInherited":false},{"PrincipalSID":"S-1-5-21-1032618810-739172636-1489167904-519","PrincipalType":"Base","RightName":"GenericWrite","IsInherited":false},{"PrincipalSID":"S-1-5-21-1032618810-739172636-1489167904-1122","PrincipalType":"User","RightName":"GenericAll","IsInherited":false}],"ObjectIdentifier":"S-1-5-21-1032618810-739172636-1489167904-1000","IsDeleted":false,"IsACLProtected":true,"ContainedBy":{"ObjectIdentifier":"3C072C82-ABA8-487D-866D-CEC2FA507DAB","ObjectType":"Container"}},{"Properties":{"domain":"SEVENKINGDOMS.LOCAL","name":"ADMINISTRATOR@SEVENKINGDOMS.LOCAL","distinguishedname":"CN=ADMINISTRATOR,CN=USERS,DC=SEVENKINGDOMS,DC=LOCAL","domainsid":"S-1-5-21-1032618810-739172636-1489167904","samaccountname":"Administrator","isaclprotected":true,"description":"Built-in account for administering the computer/domain","whencreated":1712581009,"sensitive":false,"dontreqpreauth":false,"passwordnotreqd":false,"unconstraineddelegation":false,"pwdneverexpires":true,"enabled":true,"trustedtoauth":false,"lastlogon":1712609704,"lastlogontimestamp":1712607164,"pwdlastset":1712605913,"serviceprincipalnames":[],"hasspn":false,"displayname":null,"email":null,"title":null,"homedirectory":null,"userpassword":null,"unixpassword":null,"unicodepassword":null,"sfupassword":null,"logonscript":null,"admincount":true,"sidhistory":[]},"AllowedToDelegate":[],"PrimaryGroupSID":"S-1-5-21-1032618810-739172636-1489167904-513","HasSIDHistory":[],"SPNTargets":[],"Aces":[{"PrincipalSID":"S-1-5-21-1032618810-739172636-1489167904-512","PrincipalType":"Group","RightName":"Owns","IsInherited":false},{"PrincipalSID":"SEVENKINGDOMS.LOCAL-S-1-5-32-544","PrincipalType":"Group","RightName":"WriteDacl","IsInherited":false},{"PrincipalSID":"SEVENKINGDOMS.LOCAL-S-1-5-32-544","PrincipalType":"Group","RightName":"WriteOwner","IsInherited":false},{"PrincipalSID":"SEVENKINGDOMS.LOCAL-S-1-5-32-544","PrincipalType":"Group","RightName":"AllExtendedRights","IsInherited":false},{"PrincipalSID":"SEVENKINGDOMS.LOCAL-S-1-5-32-544","PrincipalType":"Group","RightName":"GenericWrite","IsInherited":false},{"PrincipalSID":"S-1-5-21-1032618810-739172636-1489167904-512","PrincipalType":"Group","RightName":"WriteDacl","IsInherited":false},{"PrincipalSID":"S-1-5-21-1032618810-739172636-1489167904-512","PrincipalType":"Group","RightName":"WriteOwner","IsInherited":false},{"PrincipalSID":"S-1-5-21-1032618810-739172636-1489167904-512","PrincipalType":"Group","RightName":"AllExtendedRights","IsInherited":false},{"PrincipalSID":"S-1-5-21-1032618810-739172636-1489167904-512","PrincipalType":"Group","RightName":"GenericWrite","IsInherited":false},{"PrincipalSID":"S-1-5-21-1032618810-739172636-1489167904-519","PrincipalType":"Base","RightName":"WriteDacl","IsInherited":false},{"PrincipalSID":"S-1-5-21-1032618810-739172636-1489167904-519","PrincipalType":"Base","RightName":"WriteOwner","IsInherited":false},{"PrincipalSID":"S-1-5-21-1032618810-739172636-1489167904-519","PrincipalType":"Base","RightName":"AllExtendedRights","IsInherited":false},{"PrincipalSID":"S-1-5-21-1032618810-739172636-1489167904-519","PrincipalType":"Base","RightName":"GenericWrite","IsInherited":false},{"PrincipalSID":"S-1-5-21-1032618810-739172636-1489167904-1122","PrincipalType":"User","RightName":"GenericAll","IsInherited":false}],"ObjectIdentifier":"S-1-5-21-1032618810-739172636-1489167904-500","IsDeleted":false,"IsACLProtected":true,"ContainedBy":{"ObjectIdentifier":"3C072C82-ABA8-487D-866D-CEC2FA507DAB","ObjectType":"Container"}},{"Properties":{"domain":"SEVENKINGDOMS.LOCAL","name":"CERSEI.LANNISTER@SEVENKINGDOMS.LOCAL","distinguishedname":"CN=CERSEI.LANNISTER,OU=CROWNLANDS,DC=SEVENKINGDOMS,DC=LOCAL","domainsid":"S-1-5-21-1032618810-739172636-1489167904","samaccountname":"cersei.lannister","isaclprotected":true,"description":"Cersei Lanister","whencreated":1712583451,"sensitive":false,"dontreqpreauth":false,"passwordnotreqd":false,"unconstraineddelegation":false,"pwdneverexpires":true,"enabled":true,"trustedtoauth":false,"lastlogon":0,"lastlogontimestamp":-1,"pwdlastset":1712608651,"serviceprincipalnames":[],"hasspn":false,"displayname":null,"email":null,"title":null,"homedirectory":null,"userpassword":null,"unixpassword":null,"unicodepassword":null,"sfupassword":null,"logonscript":null,"admincount":true,"sidhistory":[]},"AllowedToDelegate":[],"PrimaryGroupSID":"S-1-5-21-1032618810-739172636-1489167904-513","HasSIDHistory":[],"SPNTargets":[],"Aces":[{"PrincipalSID":"S-1-5-21-1032618810-739172636-1489167904-512","PrincipalType":"Group","RightName":"Owns","IsInherited":false},{"PrincipalSID":"SEVENKINGDOMS.LOCAL-S-1-5-32-544","PrincipalType":"Group","RightName":"WriteDacl","IsInherited":false},{"PrincipalSID":"SEVENKINGDOMS.LOCAL-S-1-5-32-544","PrincipalType":"Group","RightName":"WriteOwner","IsInherited":false},{"PrincipalSID":"SEVENKINGDOMS.LOCAL-S-1-5-32-544","PrincipalType":"Group","RightName":"AllExtendedRights","IsInherited":false},{"PrincipalSID":"SEVENKINGDOMS.LOCAL-S-1-5-32-544","PrincipalType":"Group","RightName":"GenericWrite","IsInherited":false},{"PrincipalSID":"S-1-5-21-1032618810-739172636-1489167904-512","PrincipalType":"Group","RightName":"WriteDacl","IsInherited":false},{"PrincipalSID":"S-1-5-21-1032618810-739172636-1489167904-512","PrincipalType":"Group","RightName":"WriteOwner","IsInherited":false},{"PrincipalSID":"S-1-5-21-1032618810-739172636-1489167904-512","PrincipalType":"Group","RightName":"AllExtendedRights","IsInherited":false},{"PrincipalSID":"S-1-5-21-1032618810-739172636-1489167904-512","PrincipalType":"Group","RightName":"GenericWrite","IsInherited":false},{"PrincipalSID":"S-1-5-21-1032618810-739172636-1489167904-519","PrincipalType":"Base","RightName":"WriteDacl","IsInherited":false},{"PrincipalSID":"S-1-5-21-1032618810-739172636-1489167904-519","PrincipalType":"Base","RightName":"WriteOwner","IsInherited":false},{"PrincipalSID":"S-1-5-21-1032618810-739172636-1489167904-519","PrincipalType":"Base","RightName":"AllExtendedRights","IsInherited":false},{"PrincipalSID":"S-1-5-21-1032618810-739172636-1489167904-519","PrincipalType":"Base","RightName":"GenericWrite","IsInherited":false},{"PrincipalSID":"S-1-5-21-1032618810-739172636-1489167904-1122","PrincipalType":"User","RightName":"GenericAll","IsInherited":false}],"ObjectIdentifier":"S-1-5-21-1032618810-739172636-1489167904-1115","IsDeleted":false,"IsACLProtected":true,"ContainedBy":{"ObjectIdentifier":"41460FD0-B289-4178-8589-489F06D752A3","ObjectType":"OU"}},{"Properties":{"domain":"SEVENKINGDOMS.LOCAL","name":"ROBERT.BARATHEON@SEVENKINGDOMS.LOCAL","distinguishedname":"CN=ROBERT.BARATHEON,OU=CROWNLANDS,DC=SEVENKINGDOMS,DC=LOCAL","domainsid":"S-1-5-21-1032618810-739172636-1489167904","samaccountname":"robert.baratheon","isaclprotected":true,"description":"Robert Lanister","whencreated":1712583471,"sensitive":false,"dontreqpreauth":false,"passwordnotreqd":false,"unconstraineddelegation":false,"pwdneverexpires":true,"enabled":true,"trustedtoauth":false,"lastlogon":0,"lastlogontimestamp":-1,"pwdlastset":1712608671,"serviceprincipalnames":[],"hasspn":false,"displayname":null,"email":null,"title":null,"homedirectory":null,"userpassword":null,"unixpassword":null,"unicodepassword":null,"sfupassword":null,"logonscript":null,"admincount":true,"sidhistory":[]},"AllowedToDelegate":[],"PrimaryGroupSID":"S-1-5-21-1032618810-739172636-1489167904-513","HasSIDHistory":[],"SPNTargets":[],"Aces":[{"PrincipalSID":"S-1-5-21-1032618810-739172636-1489167904-512","PrincipalType":"Group","RightName":"Owns","IsInherited":false},{"PrincipalSID":"SEVENKINGDOMS.LOCAL-S-1-5-32-544","PrincipalType":"Group","RightName":"WriteDacl","IsInherited":false},{"PrincipalSID":"SEVENKINGDOMS.LOCAL-S-1-5-32-544","PrincipalType":"Group","RightName":"WriteOwner","IsInherited":false},{"PrincipalSID":"SEVENKINGDOMS.LOCAL-S-1-5-32-544","PrincipalType":"Group","RightName":"AllExtendedRights","IsInherited":false},{"PrincipalSID":"SEVENKINGDOMS.LOCAL-S-1-5-32-544","PrincipalType":"Group","RightName":"GenericWrite","IsInherited":false},{"PrincipalSID":"S-1-5-21-1032618810-739172636-1489167904-512","PrincipalType":"Group","RightName":"WriteDacl","IsInherited":false},{"PrincipalSID":"S-1-5-21-1032618810-739172636-1489167904-512","PrincipalType":"Group","RightName":"WriteOwner","IsInherited":false},{"PrincipalSID":"S-1-5-21-1032618810-739172636-1489167904-512","PrincipalType":"Group","RightName":"AllExtendedRights","IsInherited":false},{"PrincipalSID":"S-1-5-21-1032618810-739172636-1489167904-512","PrincipalType":"Group","RightName":"GenericWrite","IsInherited":false},{"PrincipalSID":"S-1-5-21-1032618810-739172636-1489167904-519","PrincipalType":"Base","RightName":"WriteDacl","IsInherited":false},{"PrincipalSID":"S-1-5-21-1032618810-739172636-1489167904-519","PrincipalType":"Base","RightName":"WriteOwner","IsInherited":false},{"PrincipalSID":"S-1-5-21-1032618810-739172636-1489167904-519","PrincipalType":"Base","RightName":"AllExtendedRights","IsInherited":false},{"PrincipalSID":"S-1-5-21-1032618810-739172636-1489167904-519","PrincipalType":"Base","RightName":"GenericWrite","IsInherited":false},{"PrincipalSID":"S-1-5-21-1032618810-739172636-1489167904-1122","PrincipalType":"User","RightName":"GenericAll","IsInherited":false}],"ObjectIdentifier":"S-1-5-21-1032618810-739172636-1489167904-1117","IsDeleted":false,"IsACLProtected":true,"ContainedBy":{"ObjectIdentifier":"41460FD0-B289-4178-8589-489F06D752A3","ObjectType":"OU"}},{"Properties":{"domain":"SEVENKINGDOMS.LOCAL","name":"RENLY.BARATHEON@SEVENKINGDOMS.LOCAL","distinguishedname":"CN=RENLY.BARATHEON,OU=CROWNLANDS,DC=SEVENKINGDOMS,DC=LOCAL","domainsid":"S-1-5-21-1032618810-739172636-1489167904","samaccountname":"renly.baratheon","isaclprotected":false,"description":"Renly Baratheon","whencreated":1712583484,"sensitive":true,"dontreqpreauth":false,"passwordnotreqd":false,"unconstraineddelegation":false,"pwdneverexpires":true,"enabled":true,"trustedtoauth":false,"lastlogon":0,"lastlogontimestamp":-1,"pwdlastset":1712608684,"serviceprincipalnames":[],"hasspn":false,"displayname":null,"email":null,"title":null,"homedirectory":null,"userpassword":null,"unixpassword":null,"unicodepassword":null,"sfupassword":null,"logonscript":null,"admincount":false,"sidhistory":[]},"AllowedToDelegate":[],"PrimaryGroupSID":"S-1-5-21-1032618810-739172636-1489167904-513","HasSIDHistory":[],"SPNTargets":[],"Aces":[{"PrincipalSID":"S-1-5-21-1032618810-739172636-1489167904-512","PrincipalType":"Group","RightName":"Owns","IsInherited":false},{"PrincipalSID":"SEVENKINGDOMS.LOCAL-S-1-5-32-548","PrincipalType":"Group","RightName":"GenericAll","IsInherited":false},{"PrincipalSID":"S-1-5-21-1032618810-739172636-1489167904-512","PrincipalType":"Group","RightName":"GenericAll","IsInherited":false},{"PrincipalSID":"S-1-5-21-1032618810-739172636-1489167904-526","PrincipalType":"Group","RightName":"AddKeyCredentialLink","IsInherited":true},{"PrincipalSID":"S-1-5-21-1032618810-739172636-1489167904-527","PrincipalType":"Base","RightName":"AddKeyCredentialLink","IsInherited":true},{"PrincipalSID":"S-1-5-21-1032618810-739172636-1489167904-519","PrincipalType":"Base","RightName":"GenericAll","IsInherited":true},{"PrincipalSID":"SEVENKINGDOMS.LOCAL-S-1-5-32-544","PrincipalType":"Group","RightName":"WriteDacl","IsInherited":true},{"PrincipalSID":"SEVENKINGDOMS.LOCAL-S-1-5-32-544","PrincipalType":"Group","RightName":"WriteOwner","IsInherited":true},{"PrincipalSID":"SEVENKINGDOMS.LOCAL-S-1-5-32-544","PrincipalType":"Group","RightName":"AllExtendedRights","IsInherited":true},{"PrincipalSID":"SEVENKINGDOMS.LOCAL-S-1-5-32-544","PrincipalType":"Group","RightName":"GenericWrite","IsInherited":true}],"ObjectIdentifier":"S-1-5-21-1032618810-739172636-1489167904-1119","IsDeleted":false,"IsACLProtected":false,"ContainedBy":{"ObjectIdentifier":"41460FD0-B289-4178-8589-489F06D752A3","ObjectType":"OU"}},{"Properties":{"domain":"SEVENKINGDOMS.LOCAL","name":"TYRON.LANNISTER@SEVENKINGDOMS.LOCAL","distinguishedname":"CN=TYRON.LANNISTER,OU=WESTERLANDS,DC=SEVENKINGDOMS,DC=LOCAL","domainsid":"S-1-5-21-1032618810-739172636-1489167904","samaccountname":"tyron.lannister","isaclprotected":false,"description":"Tyron Lanister","whencreated":1712583460,"sensitive":false,"dontreqpreauth":false,"passwordnotreqd":false,"unconstraineddelegation":false,"pwdneverexpires":true,"enabled":true,"trustedtoauth":false,"lastlogon":0,"lastlogontimestamp":-1,"pwdlastset":1712608660,"serviceprincipalnames":[],"hasspn":false,"displayname":null,"email":null,"title":null,"homedirectory":null,"userpassword":null,"unixpassword":null,"unicodepassword":null,"sfupassword":null,"logonscript":null,"admincount":false,"sidhistory":[]},"AllowedToDelegate":[],"PrimaryGroupSID":"S-1-5-21-1032618810-739172636-1489167904-513","HasSIDHistory":[],"SPNTargets":[],"Aces":[{"PrincipalSID":"S-1-5-21-1032618810-739172636-1489167904-512","PrincipalType":"Group","RightName":"Owns","IsInherited":false},{"PrincipalSID":"SEVENKINGDOMS.LOCAL-S-1-5-32-548","PrincipalType":"Group","RightName":"GenericAll","IsInherited":false},{"PrincipalSID":"S-1-5-21-1032618810-739172636-1489167904-512","PrincipalType":"Group","RightName":"GenericAll","IsInherited":false},{"PrincipalSID":"S-1-5-21-1032618810-739172636-1489167904-1118","PrincipalType":"User","RightName":"WriteDacl","IsInherited":false},{"PrincipalSID":"S-1-5-21-1032618810-739172636-1489167904-526","PrincipalType":"Group","RightName":"AddKeyCredentialLink","IsInherited":true},{"PrincipalSID":"S-1-5-21-1032618810-739172636-1489167904-527","PrincipalType":"Base","RightName":"AddKeyCredentialLink","IsInherited":true},{"PrincipalSID":"S-1-5-21-1032618810-739172636-1489167904-519","PrincipalType":"Base","RightName":"GenericAll","IsInherited":true},{"PrincipalSID":"SEVENKINGDOMS.LOCAL-S-1-5-32-544","PrincipalType":"Group","RightName":"WriteDacl","IsInherited":true},{"PrincipalSID":"SEVENKINGDOMS.LOCAL-S-1-5-32-544","PrincipalType":"Group","RightName":"WriteOwner","IsInherited":true},{"PrincipalSID":"SEVENKINGDOMS.LOCAL-S-1-5-32-544","PrincipalType":"Group","RightName":"AllExtendedRights","IsInherited":true},{"PrincipalSID":"SEVENKINGDOMS.LOCAL-S-1-5-32-544","PrincipalType":"Group","RightName":"GenericWrite","IsInherited":true}],"ObjectIdentifier":"S-1-5-21-1032618810-739172636-1489167904-1116","IsDeleted":false,"IsACLProtected":false,"ContainedBy":{"ObjectIdentifier":"A2830C52-0F55-4431-B18F-074B61F9062D","ObjectType":"OU"}},{"Properties":{"domain":"SEVENKINGDOMS.LOCAL","name":"TYWIN.LANNISTER@SEVENKINGDOMS.LOCAL","distinguishedname":"CN=TYWIN.LANNISTER,OU=CROWNLANDS,DC=SEVENKINGDOMS,DC=LOCAL","domainsid":"S-1-5-21-1032618810-739172636-1489167904","samaccountname":"tywin.lannister","isaclprotected":false,"description":"Tywin Lanister","whencreated":1712583435,"sensitive":false,"dontreqpreauth":false,"passwordnotreqd":false,"unconstraineddelegation":false,"pwdneverexpires":true,"enabled":true,"trustedtoauth":false,"lastlogon":0,"lastlogontimestamp":-1,"pwdlastset":1712608635,"serviceprincipalnames":[],"hasspn":false,"displayname":null,"email":null,"title":null,"homedirectory":null,"userpassword":null,"unixpassword":null,"unicodepassword":null,"sfupassword":null,"logonscript":null,"admincount":false,"sidhistory":[]},"AllowedToDelegate":[],"PrimaryGroupSID":"S-1-5-21-1032618810-739172636-1489167904-513","HasSIDHistory":[],"SPNTargets":[],"Aces":[{"PrincipalSID":"S-1-5-21-1032618810-739172636-1489167904-512","PrincipalType":"Group","RightName":"Owns","IsInherited":false},{"PrincipalSID":"SEVENKINGDOMS.LOCAL-S-1-5-32-548","PrincipalType":"Group","RightName":"GenericAll","IsInherited":false},{"PrincipalSID":"S-1-5-21-1032618810-739172636-1489167904-512","PrincipalType":"Group","RightName":"GenericAll","IsInherited":false},{"PrincipalSID":"S-1-5-21-1032618810-739172636-1489167904-526","PrincipalType":"Group","RightName":"AddKeyCredentialLink","IsInherited":true},{"PrincipalSID":"S-1-5-21-1032618810-739172636-1489167904-527","PrincipalType":"Base","RightName":"AddKeyCredentialLink","IsInherited":true},{"PrincipalSID":"S-1-5-21-1032618810-739172636-1489167904-519","PrincipalType":"Base","RightName":"GenericAll","IsInherited":true},{"PrincipalSID":"SEVENKINGDOMS.LOCAL-S-1-5-32-544","PrincipalType":"Group","RightName":"WriteDacl","IsInherited":true},{"PrincipalSID":"SEVENKINGDOMS.LOCAL-S-1-5-32-544","PrincipalType":"Group","RightName":"WriteOwner","IsInherited":true},{"PrincipalSID":"SEVENKINGDOMS.LOCAL-S-1-5-32-544","PrincipalType":"Group","RightName":"AllExtendedRights","IsInherited":true},{"PrincipalSID":"SEVENKINGDOMS.LOCAL-S-1-5-32-544","PrincipalType":"Group","RightName":"GenericWrite","IsInherited":true}],"ObjectIdentifier":"S-1-5-21-1032618810-739172636-1489167904-1113","IsDeleted":false,"IsACLProtected":false,"ContainedBy":{"ObjectIdentifier":"41460FD0-B289-4178-8589-489F06D752A3","ObjectType":"OU"}},{"Properties":{"domain":"SEVENKINGDOMS.LOCAL","name":"JAIME.LANNISTER@SEVENKINGDOMS.LOCAL","distinguishedname":"CN=JAIME.LANNISTER,OU=CROWNLANDS,DC=SEVENKINGDOMS,DC=LOCAL","domainsid":"S-1-5-21-1032618810-739172636-1489167904","samaccountname":"jaime.lannister","isaclprotected":false,"description":"Jaime Lanister","whencreated":1712583443,"sensitive":false,"dontreqpreauth":false,"passwordnotreqd":false,"unconstraineddelegation":false,"pwdneverexpires":true,"enabled":true,"trustedtoauth":false,"lastlogon":0,"lastlogontimestamp":-1,"pwdlastset":1712608643,"serviceprincipalnames":[],"hasspn":false,"displayname":null,"email":null,"title":null,"homedirectory":null,"userpassword":null,"unixpassword":null,"unicodepassword":null,"sfupassword":null,"logonscript":null,"admincount":false,"sidhistory":[]},"AllowedToDelegate":[],"PrimaryGroupSID":"S-1-5-21-1032618810-739172636-1489167904-513","HasSIDHistory":[],"SPNTargets":[],"Aces":[{"PrincipalSID":"S-1-5-21-1032618810-739172636-1489167904-512","PrincipalType":"Group","RightName":"Owns","IsInherited":false},{"PrincipalSID":"SEVENKINGDOMS.LOCAL-S-1-5-32-548","PrincipalType":"Group","RightName":"GenericAll","IsInherited":false},{"PrincipalSID":"S-1-5-21-1032618810-739172636-1489167904-512","PrincipalType":"Group","RightName":"GenericAll","IsInherited":false},{"PrincipalSID":"S-1-5-21-1032618810-739172636-1489167904-1113","PrincipalType":"User","RightName":"ForceChangePassword","IsInherited":false},{"PrincipalSID":"S-1-5-21-1032618810-739172636-1489167904-526","PrincipalType":"Group","RightName":"AddKeyCredentialLink","IsInherited":true},{"PrincipalSID":"S-1-5-21-1032618810-739172636-1489167904-527","PrincipalType":"Base","RightName":"AddKeyCredentialLink","IsInherited":true},{"PrincipalSID":"S-1-5-21-1032618810-739172636-1489167904-519","PrincipalType":"Base","RightName":"GenericAll","IsInherited":true},{"PrincipalSID":"SEVENKINGDOMS.LOCAL-S-1-5-32-544","PrincipalType":"Group","RightName":"WriteDacl","IsInherited":true},{"PrincipalSID":"SEVENKINGDOMS.LOCAL-S-1-5-32-544","PrincipalType":"Group","RightName":"WriteOwner","IsInherited":true},{"PrincipalSID":"SEVENKINGDOMS.LOCAL-S-1-5-32-544","PrincipalType":"Group","RightName":"AllExtendedRights","IsInherited":true},{"PrincipalSID":"SEVENKINGDOMS.LOCAL-S-1-5-32-544","PrincipalType":"Group","RightName":"GenericWrite","IsInherited":true}],"ObjectIdentifier":"S-1-5-21-1032618810-739172636-1489167904-1114","IsDeleted":false,"IsACLProtected":false,"ContainedBy":{"ObjectIdentifier":"41460FD0-B289-4178-8589-489F06D752A3","ObjectType":"OU"}},{"Properties":{"domain":"SEVENKINGDOMS.LOCAL","name":"JOFFREY.BARATHEON@SEVENKINGDOMS.LOCAL","distinguishedname":"CN=JOFFREY.BARATHEON,OU=CROWNLANDS,DC=SEVENKINGDOMS,DC=LOCAL","domainsid":"S-1-5-21-1032618810-739172636-1489167904","samaccountname":"joffrey.baratheon","isaclprotected":false,"description":"Joffrey Baratheon","whencreated":1712583478,"sensitive":false,"dontreqpreauth":false,"passwordnotreqd":false,"unconstraineddelegation":false,"pwdneverexpires":true,"enabled":true,"trustedtoauth":false,"lastlogon":0,"lastlogontimestamp":-1,"pwdlastset":1712608678,"serviceprincipalnames":[],"hasspn":false,"displayname":null,"email":null,"title":null,"homedirectory":null,"userpassword":null,"unixpassword":null,"unicodepassword":null,"sfupassword":null,"logonscript":null,"admincount":false,"sidhistory":[]},"AllowedToDelegate":[],"PrimaryGroupSID":"S-1-5-21-1032618810-739172636-1489167904-513","HasSIDHistory":[],"SPNTargets":[],"Aces":[{"PrincipalSID":"S-1-5-21-1032618810-739172636-1489167904-512","PrincipalType":"Group","RightName":"Owns","IsInherited":false},{"PrincipalSID":"SEVENKINGDOMS.LOCAL-S-1-5-32-548","PrincipalType":"Group","RightName":"GenericAll","IsInherited":false},{"PrincipalSID":"S-1-5-21-1032618810-739172636-1489167904-512","PrincipalType":"Group","RightName":"GenericAll","IsInherited":false},{"PrincipalSID":"S-1-5-21-1032618810-739172636-1489167904-1114","PrincipalType":"User","RightName":"GenericWrite","IsInherited":false},{"PrincipalSID":"S-1-5-21-1032618810-739172636-1489167904-526","PrincipalType":"Group","RightName":"AddKeyCredentialLink","IsInherited":true},{"PrincipalSID":"S-1-5-21-1032618810-739172636-1489167904-527","PrincipalType":"Base","RightName":"AddKeyCredentialLink","IsInherited":true},{"PrincipalSID":"S-1-5-21-1032618810-739172636-1489167904-519","PrincipalType":"Base","RightName":"GenericAll","IsInherited":true},{"PrincipalSID":"SEVENKINGDOMS.LOCAL-S-1-5-32-544","PrincipalType":"Group","RightName":"WriteDacl","IsInherited":true},{"PrincipalSID":"SEVENKINGDOMS.LOCAL-S-1-5-32-544","PrincipalType":"Group","RightName":"WriteOwner","IsInherited":true},{"PrincipalSID":"SEVENKINGDOMS.LOCAL-S-1-5-32-544","PrincipalType":"Group","RightName":"AllExtendedRights","IsInherited":true},{"PrincipalSID":"SEVENKINGDOMS.LOCAL-S-1-5-32-544","PrincipalType":"Group","RightName":"GenericWrite","IsInherited":true}],"ObjectIdentifier":"S-1-5-21-1032618810-739172636-1489167904-1118","IsDeleted":false,"IsACLProtected":false,"ContainedBy":{"ObjectIdentifier":"41460FD0-B289-4178-8589-489F06D752A3","ObjectType":"OU"}},{"Properties":{"domain":"SEVENKINGDOMS.LOCAL","name":"MAESTER.PYCELLE@SEVENKINGDOMS.LOCAL","distinguishedname":"CN=MAESTER.PYCELLE,OU=CROWNLANDS,DC=SEVENKINGDOMS,DC=LOCAL","domainsid":"S-1-5-21-1032618810-739172636-1489167904","samaccountname":"maester.pycelle","isaclprotected":false,"description":"Maester Pycelle","whencreated":1712583507,"sensitive":false,"dontreqpreauth":false,"passwordnotreqd":false,"unconstraineddelegation":false,"pwdneverexpires":true,"enabled":true,"trustedtoauth":false,"lastlogon":0,"lastlogontimestamp":-1,"pwdlastset":1712608707,"serviceprincipalnames":[],"hasspn":false,"displayname":null,"email":null,"title":null,"homedirectory":null,"userpassword":null,"unixpassword":null,"unicodepassword":null,"sfupassword":null,"logonscript":null,"admincount":false,"sidhistory":[]},"AllowedToDelegate":[],"PrimaryGroupSID":"S-1-5-21-1032618810-739172636-1489167904-513","HasSIDHistory":[],"SPNTargets":[],"Aces":[{"PrincipalSID":"S-1-5-21-1032618810-739172636-1489167904-512","PrincipalType":"Group","RightName":"Owns","IsInherited":false},{"PrincipalSID":"SEVENKINGDOMS.LOCAL-S-1-5-32-548","PrincipalType":"Group","RightName":"GenericAll","IsInherited":false},{"PrincipalSID":"S-1-5-21-1032618810-739172636-1489167904-512","PrincipalType":"Group","RightName":"GenericAll","IsInherited":false},{"PrincipalSID":"S-1-5-21-1032618810-739172636-1489167904-526","PrincipalType":"Group","RightName":"AddKeyCredentialLink","IsInherited":true},{"PrincipalSID":"S-1-5-21-1032618810-739172636-1489167904-527","PrincipalType":"Base","RightName":"AddKeyCredentialLink","IsInherited":true},{"PrincipalSID":"S-1-5-21-1032618810-739172636-1489167904-519","PrincipalType":"Base","RightName":"GenericAll","IsInherited":true},{"PrincipalSID":"SEVENKINGDOMS.LOCAL-S-1-5-32-544","PrincipalType":"Group","RightName":"WriteDacl","IsInherited":true},{"PrincipalSID":"SEVENKINGDOMS.LOCAL-S-1-5-32-544","PrincipalType":"Group","RightName":"WriteOwner","IsInherited":true},{"PrincipalSID":"SEVENKINGDOMS.LOCAL-S-1-5-32-544","PrincipalType":"Group","RightName":"AllExtendedRights","IsInherited":true},{"PrincipalSID":"SEVENKINGDOMS.LOCAL-S-1-5-32-544","PrincipalType":"Group","RightName":"GenericWrite","IsInherited":true}],"ObjectIdentifier":"S-1-5-21-1032618810-739172636-1489167904-1123","IsDeleted":false,"IsACLProtected":false,"ContainedBy":{"ObjectIdentifier":"41460FD0-B289-4178-8589-489F06D752A3","ObjectType":"OU"}},{"Properties":{"domain":"SEVENKINGDOMS.LOCAL","name":"LORD.VARYS@SEVENKINGDOMS.LOCAL","distinguishedname":"CN=LORD.VARYS,OU=CROWNLANDS,DC=SEVENKINGDOMS,DC=LOCAL","domainsid":"S-1-5-21-1032618810-739172636-1489167904","samaccountname":"lord.varys","isaclprotected":false,"description":"Lord Varys","whencreated":1712583502,"sensitive":false,"dontreqpreauth":false,"passwordnotreqd":false,"unconstraineddelegation":false,"pwdneverexpires":true,"enabled":true,"trustedtoauth":false,"lastlogon":0,"lastlogontimestamp":-1,"pwdlastset":1712608702,"serviceprincipalnames":[],"hasspn":false,"displayname":null,"email":null,"title":null,"homedirectory":null,"userpassword":null,"unixpassword":null,"unicodepassword":null,"sfupassword":null,"logonscript":null,"admincount":false,"sidhistory":[]},"AllowedToDelegate":[],"PrimaryGroupSID":"S-1-5-21-1032618810-739172636-1489167904-513","HasSIDHistory":[],"SPNTargets":[],"Aces":[{"PrincipalSID":"S-1-5-21-1032618810-739172636-1489167904-512","PrincipalType":"Group","RightName":"Owns","IsInherited":false},{"PrincipalSID":"SEVENKINGDOMS.LOCAL-S-1-5-32-548","PrincipalType":"Group","RightName":"GenericAll","IsInherited":false},{"PrincipalSID":"S-1-5-21-1032618810-739172636-1489167904-512","PrincipalType":"Group","RightName":"GenericAll","IsInherited":false},{"PrincipalSID":"S-1-5-21-1032618810-739172636-1489167904-526","PrincipalType":"Group","RightName":"AddKeyCredentialLink","IsInherited":true},{"PrincipalSID":"S-1-5-21-1032618810-739172636-1489167904-527","PrincipalType":"Base","RightName":"AddKeyCredentialLink","IsInherited":true},{"PrincipalSID":"S-1-5-21-1032618810-739172636-1489167904-519","PrincipalType":"Base","RightName":"GenericAll","IsInherited":true},{"PrincipalSID":"SEVENKINGDOMS.LOCAL-S-1-5-32-544","PrincipalType":"Group","RightName":"WriteDacl","IsInherited":true},{"PrincipalSID":"SEVENKINGDOMS.LOCAL-S-1-5-32-544","PrincipalType":"Group","RightName":"WriteOwner","IsInherited":true},{"PrincipalSID":"SEVENKINGDOMS.LOCAL-S-1-5-32-544","PrincipalType":"Group","RightName":"AllExtendedRights","IsInherited":true},{"PrincipalSID":"SEVENKINGDOMS.LOCAL-S-1-5-32-544","PrincipalType":"Group","RightName":"GenericWrite","IsInherited":true}],"ObjectIdentifier":"S-1-5-21-1032618810-739172636-1489167904-1122","IsDeleted":false,"IsACLProtected":false,"ContainedBy":{"ObjectIdentifier":"41460FD0-B289-4178-8589-489F06D752A3","ObjectType":"OU"}},{"Properties":{"domain":"SEVENKINGDOMS.LOCAL","name":"PETYER.BAELISH@SEVENKINGDOMS.LOCAL","distinguishedname":"CN=PETYER.BAELISH,OU=CROWNLANDS,DC=SEVENKINGDOMS,DC=LOCAL","domainsid":"S-1-5-21-1032618810-739172636-1489167904","samaccountname":"petyer.baelish","isaclprotected":false,"description":"Petyer Baelish","whencreated":1712583496,"sensitive":false,"dontreqpreauth":false,"passwordnotreqd":false,"unconstraineddelegation":false,"pwdneverexpires":true,"enabled":true,"trustedtoauth":false,"lastlogon":0,"lastlogontimestamp":-1,"pwdlastset":1712608696,"serviceprincipalnames":[],"hasspn":false,"displayname":null,"email":null,"title":null,"homedirectory":null,"userpassword":null,"unixpassword":null,"unicodepassword":null,"sfupassword":null,"logonscript":null,"admincount":false,"sidhistory":[]},"AllowedToDelegate":[],"PrimaryGroupSID":"S-1-5-21-1032618810-739172636-1489167904-513","HasSIDHistory":[],"SPNTargets":[],"Aces":[{"PrincipalSID":"S-1-5-21-1032618810-739172636-1489167904-512","PrincipalType":"Group","RightName":"Owns","IsInherited":false},{"PrincipalSID":"SEVENKINGDOMS.LOCAL-S-1-5-32-548","PrincipalType":"Group","RightName":"GenericAll","IsInherited":false},{"PrincipalSID":"S-1-5-21-1032618810-739172636-1489167904-512","PrincipalType":"Group","RightName":"GenericAll","IsInherited":false},{"PrincipalSID":"S-1-5-21-1032618810-739172636-1489167904-526","PrincipalType":"Group","RightName":"AddKeyCredentialLink","IsInherited":true},{"PrincipalSID":"S-1-5-21-1032618810-739172636-1489167904-527","PrincipalType":"Base","RightName":"AddKeyCredentialLink","IsInherited":true},{"PrincipalSID":"S-1-5-21-1032618810-739172636-1489167904-519","PrincipalType":"Base","RightName":"GenericAll","IsInherited":true},{"PrincipalSID":"SEVENKINGDOMS.LOCAL-S-1-5-32-544","PrincipalType":"Group","RightName":"WriteDacl","IsInherited":true},{"PrincipalSID":"SEVENKINGDOMS.LOCAL-S-1-5-32-544","PrincipalType":"Group","RightName":"WriteOwner","IsInherited":true},{"PrincipalSID":"SEVENKINGDOMS.LOCAL-S-1-5-32-544","PrincipalType":"Group","RightName":"AllExtendedRights","IsInherited":true},{"PrincipalSID":"SEVENKINGDOMS.LOCAL-S-1-5-32-544","PrincipalType":"Group","RightName":"GenericWrite","IsInherited":true}],"ObjectIdentifier":"S-1-5-21-1032618810-739172636-1489167904-1121","IsDeleted":false,"IsACLProtected":false,"ContainedBy":{"ObjectIdentifier":"41460FD0-B289-4178-8589-489F06D752A3","ObjectType":"OU"}},{"Properties":{"domain":"SEVENKINGDOMS.LOCAL","name":"STANNIS.BARATHEON@SEVENKINGDOMS.LOCAL","distinguishedname":"CN=STANNIS.BARATHEON,OU=CROWNLANDS,DC=SEVENKINGDOMS,DC=LOCAL","domainsid":"S-1-5-21-1032618810-739172636-1489167904","samaccountname":"stannis.baratheon","isaclprotected":false,"description":"Stannis Baratheon","whencreated":1712583490,"sensitive":false,"dontreqpreauth":false,"passwordnotreqd":false,"unconstraineddelegation":false,"pwdneverexpires":true,"enabled":true,"trustedtoauth":false,"lastlogon":0,"lastlogontimestamp":-1,"pwdlastset":1712608690,"serviceprincipalnames":[],"hasspn":false,"displayname":null,"email":null,"title":null,"homedirectory":null,"userpassword":null,"unixpassword":null,"unicodepassword":null,"sfupassword":null,"logonscript":null,"admincount":false,"sidhistory":[]},"AllowedToDelegate":[],"PrimaryGroupSID":"S-1-5-21-1032618810-739172636-1489167904-513","HasSIDHistory":[],"SPNTargets":[],"Aces":[{"PrincipalSID":"S-1-5-21-1032618810-739172636-1489167904-512","PrincipalType":"Group","RightName":"Owns","IsInherited":false},{"PrincipalSID":"SEVENKINGDOMS.LOCAL-S-1-5-32-548","PrincipalType":"Group","RightName":"GenericAll","IsInherited":false},{"PrincipalSID":"S-1-5-21-1032618810-739172636-1489167904-512","PrincipalType":"Group","RightName":"GenericAll","IsInherited":false},{"PrincipalSID":"S-1-5-21-1032618810-739172636-1489167904-1110","PrincipalType":"Group","RightName":"GenericAll","IsInherited":false},{"PrincipalSID":"S-1-5-21-1032618810-739172636-1489167904-526","PrincipalType":"Group","RightName":"AddKeyCredentialLink","IsInherited":true},{"PrincipalSID":"S-1-5-21-1032618810-739172636-1489167904-527","PrincipalType":"Base","RightName":"AddKeyCredentialLink","IsInherited":true},{"PrincipalSID":"S-1-5-21-1032618810-739172636-1489167904-519","PrincipalType":"Base","RightName":"GenericAll","IsInherited":true},{"PrincipalSID":"SEVENKINGDOMS.LOCAL-S-1-5-32-544","PrincipalType":"Group","RightName":"WriteDacl","IsInherited":true},{"PrincipalSID":"SEVENKINGDOMS.LOCAL-S-1-5-32-544","PrincipalType":"Group","RightName":"WriteOwner","IsInherited":true},{"PrincipalSID":"SEVENKINGDOMS.LOCAL-S-1-5-32-544","PrincipalType":"Group","RightName":"AllExtendedRights","IsInherited":true},{"PrincipalSID":"SEVENKINGDOMS.LOCAL-S-1-5-32-544","PrincipalType":"Group","RightName":"GenericWrite","IsInherited":true}],"ObjectIdentifier":"S-1-5-21-1032618810-739172636-1489167904-1120","IsDeleted":false,"IsACLProtected":false,"ContainedBy":{"ObjectIdentifier":"41460FD0-B289-4178-8589-489F06D752A3","ObjectType":"OU"}}],"meta":{"methods":521215,"type":"users","count":15,"version":6}}